Depth,Qc,Fs,u,Hegazy Vs,Andrus-H Vs,Andrus-P Vs,Rob Vs,Mc15 Vs,Mc18 Vs
0.4,0.134,0.0001,0.0005,3901.0352288088,44.768826892781675,54.50118056512552,297.3958896176345,23.850286017926894,63.157002352534874
0.42,0.838,0.0007,0.0023,2035.4200367998112,72.58270234339648,88.36155067891745,263.9955750986127,36.99741676021997,83.47118457833392
0.44,2.213,0.0042,0.0029,857.6423369635871,92.9509895337747,113.15772638894312,208.02141907009067,50.015507718283416,107.38127413152957
0.46,2.686,0.0057,0.0006,668.8905640908113,97.95883192830378,119.2542301735872,197.75964402009788,53.40640913110681,113.15574349519001
0.48,3.398,0.016,0.0,799.1664460919957,109.07258818356698,132.7840203973859,223.95540624131988,60.90332612569662,131.032926042804
0.5,3.289,0.0289,0.0043,1112.8511261597316,114.61720197018153,139.5339850071775,263.1827180283587,64.39367375488844,142.93617585999212
0.52,3.502,0.0275,-0.001,920.0932620767982,115.79478174848842,140.96756038946415,248.55026478817808,65.42035410654786,143.49930278890696
0.54,3.64,0.0335,-0.0058,948.9827385122614,119.15836146481314,145.0623530875986,256.46367379496985,67.5772643036268,148.68369719403677
0.56,3.615,0.0342,-0.0079,907.45189602613,119.80701306196183,145.85201590151874,254.8202655685768,68.31339304400991,150.45434054138593
0.58,3.438,0.0374,-0.0077,954.9060538893697,120.39762779757321,146.57102514487173,262.1171698924734,68.99652114134345,153.51436111282598
0.6,3.225,0.038,-0.0081,966.8819479602917,119.85863466850587,145.91485959644194,264.6014023371712,69.10256826674934,155.0840054378968
0.62,3.173,0.038,-0.0076,932.1884497808356,120.02965597129027,146.1230594433099,262.4701480566096,69.57231291135899,156.357097154167
0.64,3.333,0.0318,-0.0059,755.3192259891753,119.4787593416026,145.4524026767336,243.43297435045469,69.65071706346487,154.0663506978107
0.66,3.885,0.034,-0.0059,674.1564812115432,123.533012377247,150.38801506795286,237.076885023156,72.21644316093416,156.80435626738856
0.68,4.288,0.035,-0.0072,616.1273477068256,126.1335305665454,153.55386329840312,232.00387011510128,74.03850422523917,158.7055233070693
0.7,4.91,0.0368,-0.0168,558.7281787127608,129.63455936092015,157.81598530894627,227.01855126098434,76.42512926276677,161.08080042980356
0.72,5.518,0.0388,-0.0197,517.2830522944695,132.79261801978072,161.6605784588635,223.63797510930556,78.6766490613627,163.49413800736565
0.74,5.518,0.0416,-0.0208,529.019306199179,134.20719028965294,163.3826664395775,227.0350472259951,79.73803917276699,166.12947707055673
0.76,6.018,0.0484,-0.0145,538.2252928791264,138.3196054207387,168.38908486002973,231.73371090114304,82.3696614707883,170.68817597778528
0.78,6.289,0.0522,-0.0032,537.7541141830103,140.65920878653128,171.23729765316853,233.81172951170913,84.01997035092162,173.5666811041609
0.8,6.488,0.0575,-0.002,551.5272923126611,143.17412450008786,174.29893417402,238.1066971938242,85.67877167224636,176.93264183963072
0.82,6.504,0.0607,-0.001,560.9906721625937,144.5359491644615,175.95680767847486,240.95605180810404,86.68834904674821,179.30265726088743
0.84,6.446,0.0639,-0.0012,574.4761739886754,145.65329031219866,177.31704907572012,244.18179996286784,87.53098972666976,181.59599851568805
0.86,6.396,0.0662,-0.0012,581.526350839743,146.5231261983827,178.37597971977024,246.2549435137395,88.265385657204,183.51143225155354
0.88,6.513,0.0662,-0.0015,564.6674843949738,147.28036091355182,179.29783067736741,244.7413059277771,89.06348693616934,184.606670704372
0.9,6.673,0.0687,-0.0021,561.1740306025922,148.7763719484694,181.1190615024845,245.64383613767242,90.21253603608866,186.58961235407276
0.92,7.055,0.0686,-0.0014,532.4824433045184,150.18156684297844,182.82973354797375,242.68376149044133,91.48487757059287,187.67182993620602
0.94,7.421,0.0714,-0.0014,522.6369988140748,152.21132517864436,185.30074369574098,242.92349592861495,93.01455401039759,189.75065857574026
0.96,8.123,0.0741,-0.0012,500.0117724307965,154.8901287677959,188.5618958912298,241.58942283132222,95.07871560592159,191.8150353409888
0.98,9.103,0.0793,-0.0007,482.59110848144746,158.52950567010097,192.99244168534034,241.67402208870234,97.7554368319177,194.6899046972192
1.0,9.103,0.0839,-0.0005,499.3092619066487,160.0687982864639,194.86636313134736,245.41076941431666,98.76717680241639,197.1273010883737
1.02,10.187,0.0895,0.0003,485.2789244452671,163.66537114990354,199.24479966075216,245.7212487427317,101.47724095862169,199.95493909228634
1.04,10.832,0.093,0.0006,477.9381288901665,165.86460327772852,201.92212572940863,246.11305441254214,103.26073734653004,202.0360260592381
1.06,11.413,0.1014,0.0009,490.334532684046,169.03475393408092,205.7814395719246,250.35864976478715,105.3463705136617,205.38647066950458
1.08,11.473,0.109,0.0011,512.7184200895563,171.20951728845657,208.42897756855584,255.43375490791243,106.61284024726307,208.31618813054487
1.1,11.082,0.1218,0.0013,565.6809842382426,173.66704376313427,211.42074892903304,265.2129609030485,107.61151048844508,212.27381566632576
1.12,10.32,0.1348,0.0008,634.0771609347186,175.1508835299583,213.22716255821013,276.0878089034943,107.95296394441839,215.95975737965796
1.14,9.64,0.1348,0.0002,656.5301126765933,174.16844321096136,212.03114825682252,278.4773867257495,107.42583192300539,216.81959997863484
1.16,9.299,0.1442,-0.0001,702.0550607365202,175.34504708040794,213.46353557614881,285.431801390477,107.99063137063244,219.6339836649042
1.18,8.897,0.1482,-0.0002,731.393182222305,175.37188618269164,213.49620926588548,289.263870991798,108.06187504946067,221.29957113984244
1.2,8.697,0.1496,-0.0006,741.8945314968608,175.43804805926536,213.57675415910566,290.64768790320755,108.29757583662733,222.47696529982366
1.22,8.469,0.1456,-0.0005,733.2461647666013,174.57977082060725,212.5318949120436,288.89877998547126,108.13743829077015,222.57979039584194
1.24,8.469,0.1366,-0.0008,694.1036055551815,173.50838932327378,211.2276043935507,283.00907505595416,108.05361142032224,221.65115078992687
1.26,8.366,0.1399,-0.0017,707.5146576451145,174.1096230171301,211.95954106433229,285.1899640534897,108.55911063487365,223.22171392180607
1.28,8.177,0.1108,-0.0021,599.0974847538934,168.8745865699649,205.58645321560945,266.60297724796715,106.59394372027866,217.38383301110474
1.3,8.393,0.0978,-0.0016,536.8178603430081,167.08564932261024,203.40861656665595,256.1860992401519,106.34970266421074,214.76745072206916
1.32,8.484,0.0978,-0.0016,530.9159067401824,167.61397836071737,204.05179974348204,255.65441210238671,106.96802956915334,215.61583668215945
1.34,8.509,0.0855,-0.0015,480.31493375909605,165.16672042609386,201.07252921437515,246.031519664931,106.26950358822762,212.69337633748506
1.36,8.468,0.0855,-0.0015,479.3791640068909,165.38080062144383,201.33314858262727,246.01214071656526,106.63389413075144,213.4844625358784
1.38,8.405,0.0792,-0.0015,454.9036387714195,163.97216882345526,199.61829248072814,241.03535126356243,106.27517541155343,212.1411979629965
1.4,8.318,0.0792,-0.0015,455.4685324978873,164.07543032115504,199.7440021301018,241.1742571723495,106.54138322126032,212.89848060795424
1.42,8.261,0.0788,-0.0016,453.6284100346552,164.1356168830889,199.81727272723867,240.88925530676033,106.81158418546438,213.51242651187042
1.44,8.261,0.0786,-0.0016,450.9144202447705,164.36898218381492,200.10136961507905,240.58476819974896,107.20507987230516,214.19850645668163
1.46,8.106,0.0774,-0.0016,448.9115483386655,163.9898175251295,199.6397778566794,239.95361093596236,107.18686453108512,214.48776392735218
1.48,8.106,0.0766,-0.0015,443.9507483808764,164.05758696179555,199.7222797795772,239.1567583704672,107.50031035875611,214.93684925416295
1.5,8.111,0.075,-0.0016,435.85833651879415,163.91852843877257,199.55299114285359,237.68755546742437,107.72288888395788,215.0779848563338
1.52,8.111,0.0734,-0.0015,427.99871312848666,163.75607322045687,199.3552195727301,236.22838141490828,107.92693088905068,215.19581516974085
1.54,8.187,0.0717,-0.0018,417.83543171755844,163.72264833509408,199.31452840794063,234.46210936287517,108.25467066609684,215.2668280097587
1.56,8.28,0.0708,-0.0015,410.4487122358895,163.93341497684344,199.57111388485288,233.32751362594306,108.70651931267467,215.63439109166222
1.58,8.412,0.0708,-0.0015,405.6152020426397,164.4722417996329,200.22707697346615,232.85926783221635,109.34092600278697,216.35581710634796
1.6,8.579,0.0694,-0.0014,395.02837364577516,164.66716332149073,200.4643727392061,231.1459156438255,109.85274015901648,216.51414459363724
1.62,8.658,0.0694,-0.0014,391.8035342878965,165.0784630923592,200.96508550374162,230.852935578489,110.37836706463469,217.21043000073638
1.64,8.78,0.0695,-0.0013,388.05387323286584,165.59773236606136,201.59723940216168,230.54677471322708,110.99217498351038,217.9491265978056
1.66,8.854,0.0695,-0.0013,385.10293037467176,165.98896145731192,202.073518295858,230.28475206508764,111.50149767255337,218.63211632860833
1.68,8.933,0.0705,-0.0015,385.5872343583183,166.6814007264652,202.91648784091416,230.84279356925086,112.14944175302034,219.7176620450334
1.7,8.933,0.0722,-0.0013,390.1554770371134,167.4222992880555,203.81845130719802,232.1450966828506,112.74176425269059,221.0601948422676
1.72,8.963,0.0733,-0.0014,391.9661516184999,168.04006002961023,204.5705078621342,232.87720637373903,113.30567183164452,222.15706252431337
1.74,8.963,0.0749,-0.0012,396.08744005135514,168.73658200174683,205.41844765430048,234.06355143004006,113.87431931429599,223.4341266463937
1.76,9.006,0.0763,-0.0014,398.5518685497891,169.45320991021924,206.2908642385278,234.97841824120826,114.49129852973651,224.629187726382
1.78,9.113,0.0779,-0.0013,400.2563050938433,170.3423559313561,207.3733028729553,235.8912203392022,115.24535497819,225.90059750709852
1.8,9.151,0.0795,-0.0014,403.3915006751392,171.09169421142303,208.28554077912372,236.94289648660242,115.86853690511829,227.1466275576555
1.82,9.271,0.0808,-0.0017,403.75929660033796,171.91033310409998,209.28214464846954,237.57733178351077,116.60013130512469,228.28534381316584
1.84,9.329,0.0808,-0.0017,401.24740432640556,172.253102760458,209.6994294475141,237.37015829018213,117.06001465633398,228.92800373586326
1.86,9.374,0.0833,-0.0011,406.9897823935303,173.24225075266912,210.90360961194503,239.04059975424818,117.79128221175186,230.47436394713057
1.88,9.399,0.0833,-0.0011,405.17637579253665,173.519425539333,211.24103978701413,238.90440454290902,118.1873507535061,231.10340573832855
1.9,9.371,0.0845,-0.001,408.241313837265,174.0131146279051,211.84205259049318,239.74976632384184,118.6253770860748,232.14910012273643
1.92,9.34,0.0856,-0.0011,411.03569725316385,174.4691939069951,212.39727953895056,240.51931193085622,119.0421706244987,233.1509141314962
1.94,9.34,0.0869,-0.0015,413.7861771099459,175.0327689803987,213.0833709326593,241.36051127855816,119.5350577099164,234.2214854105595
1.96,9.293,0.088,-0.0017,416.87486819692145,175.4467650977694,213.58736620598017,242.1430570558982,119.91445213409759,235.20559195807803
1.98,9.276,0.0883,-0.0014,416.8466970648279,175.71030376593424,213.90819588896343,242.2948756980783,120.25563359856638,235.9116615989263
2.0,9.3,0.0882,-0.0014,414.7430717990265,175.9516480523261,214.2020063245709,242.08628127594008,120.62563121754417,236.48196978362017
2.02,9.381,0.0879,-0.0013,410.89604921962615,176.25140385603666,214.56692643343592,241.63225287539836,121.0766666487999,236.98826923326865
2.04,9.528,0.0873,-0.0012,404.9232484513364,176.5943987607891,214.98448544791714,240.85564228489426,121.6117235434707,237.39559295419016
2.06,9.723,0.0868,-0.0013,398.5101642668457,177.04037861742364,215.52741744729835,240.08062864471415,122.2399851887225,237.84030249469606
2.08,10.097,0.0868,-0.0015,390.5742909412945,177.9142399519889,216.59124863720388,239.37609520552573,123.23675852421496,238.48900785454217
2.1,10.406,0.0861,-0.001,382.2006059636576,178.44643805889643,217.2391419847435,238.33255719979454,124.01919807729313,238.86886552930946
2.12,10.993,0.087,-0.0009,374.31411796257584,179.80108010888293,218.88827143690096,238.01459632126267,125.44115009421768,239.86367933123904
2.14,11.486,0.0891,-0.0006,371.6686349341025,181.28190296247297,220.691012302141,238.6959823551255,126.81686424954167,241.25914856075298
2.16,12.368,0.0901,-0.0004,361.2121914197771,182.8675915786009,222.62141583481852,238.1681443746919,128.6261433211081,242.31137019329907
2.18,13.253,0.0945,0.0,360.2302415048585,185.2697808312804,225.54582014242834,239.92906444433737,130.76237888338665,244.51218605178383
2.2,13.253,0.0996,0.0005,371.82988105234796,186.88387958805535,227.5108099332848,243.12624670727922,131.667957273744,246.75816541713715
2.22,14.144,0.107,0.0011,377.65192765274867,189.94739967151452,231.24031264358288,246.57248937912308,134.03715683859247,249.75902116877612
2.24,14.755,0.1116,0.0013,380.20330501434216,191.91030910449146,233.62994151851134,248.5893483874592,135.66572718902188,251.77870735758097
2.26,15.658,0.1121,0.0,370.61764954487285,192.98374664564273,234.93673504686942,247.95715975080756,137.22058311448063,252.60327023414547
2.28,16.341,0.1234,0.0012,386.9447240081664,196.58854300081381,239.32518278359942,253.57372752822823,139.51310081764038,256.4286254090617
2.3,16.341,0.1383,0.0014,417.3383389131604,200.34552047035194,243.89889448564585,261.3880297425856,141.18173838047096,260.832703734004
2.32,16.794,0.1568,0.0018,449.0695419317038,204.95810704295917,249.51421726968945,270.00897712850036,143.56857939767113,265.7598340225165
2.34,17.002,0.1699,0.0019,471.76140416418235,207.9991904668835,253.21640578577126,275.85731246822047,145.1302299986094,269.15484798007253
2.36,17.164,0.1909,0.0021,509.83796303624644,212.2904442051083,258.4405407714362,284.86463347905203,147.08870241700083,273.8718779585318
2.38,17.23,0.2056,0.0019,536.0977008850083,215.1213166925036,261.88682032130873,290.857951710628,148.42676267201017,277.12470316514134
2.4,17.137,0.2331,0.0021,588.3949088416837,219.61023143291843,267.3515860922485,301.65415953274044,150.2135699594163,282.27005808192706
2.42,17.081,0.2521,0.0022,623.3694298164156,222.52994576534923,270.90602093172953,308.6456576556436,151.47151007933837,285.7525478038618
2.44,17.041,0.2521,0.0021,622.2871526410416,222.70791011456052,271.12267318294323,308.60747185990294,151.7672384970271,286.34322697405736
2.46,16.956,0.2636,0.002,643.2734827544084,224.40818277070164,273.1925703295498,312.6870043508151,152.56637315952486,288.5932928417882
2.48,16.916,0.2677,0.0019,649.699913679575,225.13065505182445,274.0721018022211,314.0629240433967,153.0541361469935,289.7608598504676
2.5,16.916,0.2649,0.002,642.7568727243445,224.98056346948988,273.8893816150312,313.0016061843333,153.26246750924668,289.9536866370226
2.52,16.958,0.2618,0.0021,634.6637086161658,224.8381745928586,273.7160386347844,311.7959444260217,153.50714710521123,290.0998591772189
2.54,16.958,0.2571,0.0023,624.3779195563977,224.41356280142776,273.19911993217295,310.06555307541436,153.61372319473392,289.9968816575242
2.56,16.996,0.2515,0.0016,611.962015822989,223.89737225849962,272.5707140538256,307.974101179166,153.71742986743817,289.74701532182456
2.58,16.991,0.2444,0.0025,597.5354236197601,223.0897080980582,271.58747072807085,305.3613910479816,153.67811622672437,289.2386443710224
2.6,16.902,0.2429,0.0026,594.5844465731736,222.9759136872945,271.4489384019238,304.82536380838496,153.81333316042551,289.56117568201006
2.62,16.853,0.2407,0.0026,589.8029541558894,222.80581195635324,271.24185803382136,304.00090049318584,153.960607929246,289.7739129356532
2.64,16.802,0.2407,0.0026,589.0645108599457,222.95291742361817,271.42094295049174,303.97403562441997,154.2191166998875,290.32545269861185
2.66,16.766,0.24,0.0027,586.8549748457677,223.0139765280426,271.49527577326927,303.6808962359875,154.45795962719907,290.7656163071351
2.68,16.92,0.24,0.0027,583.2569180015765,223.41133197812735,271.97901284293766,303.4946896776002,154.98386260985697,291.3368916922579
2.7,17.109,0.2374,0.0025,574.6257525541268,223.45828479236792,272.0361727907088,302.3502981552485,155.41258885060492,291.49636463754234
2.72,17.109,0.2344,0.0028,567.9348669681906,223.20959234183402,271.7334167639719,301.20106618634674,155.56747612833698,291.558722951729
2.74,17.803,0.2324,0.0028,554.2073896090932,223.88681211603466,272.5578582282161,299.9378947282798,156.66828788766463,291.8602791433502
2.76,17.803,0.228,0.0033,545.3000382927409,223.39648729735077,271.96094105764445,298.2804337045857,156.73650548937314,291.67212981118973
2.78,18.975,0.2236,0.0037,523.0833374043436,224.03181140817298,272.73437910560193,295.88777347021824,158.24376693128673,291.603658151623
2.8,18.975,0.2199,0.0041,515.7337978246726,223.61167664458324,272.22291069775355,294.4885482703551,158.33999494444856,291.50000219246306
2.82,19.885,0.2217,0.0038,508.3175881611403,224.88336410313693,273.77105195164495,294.6359491011172,159.8355255513577,292.43638679161853
2.84,20.526,0.2296,0.005,513.9826991228741,226.92183580434696,276.2526696748572,297.19141283151924,161.35142698178586,294.3653532754595
2.86,20.692,0.2296,0.005,511.4037873092672,227.24519833181975,276.6463284039545,297.10464755075935,161.8541361581916,294.90602470776236
2.88,20.54,0.2489,0.0051,542.9892535734269,230.46996839349615,280.57213543556054,304.0055705828588,163.0847920843075,298.52625626201836
2.9,20.193,0.2489,0.0051,545.4783222786251,230.37247770722004,280.4534511218331,304.1592614340468,162.9984424837332,299.01169281754704
2.92,19.752,0.2697,0.0049,582.4521799160088,233.2852231612797,283.999402109384,311.3613159767178,163.87977889847377,302.6242051972061
2.94,19.671,0.2697,0.0049,582.1400337210226,233.40248773750366,284.1421589847871,311.36248341820425,164.09392629266137,303.1380612332861
2.96,19.831,0.2745,0.0048,586.7641845384039,234.4469381301554,285.413663810624,312.8168511792894,164.83656589769342,304.37390333968153
2.98,19.831,0.2722,0.0052,581.9116220339143,234.31282840182664,285.2503997935281,312.02955341970284,165.03014564413493,304.55958784289584
3.0,18.695,0.2718,0.0035,593.0298808560229,233.25672070180667,283.964703463069,312.3746539419681,163.91877656531307,304.88399754656825
3.02,17.922,0.2601,0.0039,582.0446998801694,230.90095335819933,281.09681278389485,308.8214996263452,162.63127039015004,303.5601911750786
3.04,16.995,0.2587,0.0038,590.0310952097402,229.7424205276724,279.6864249902099,308.7280060217157,161.61625208302127,303.73489160354296
3.06,16.995,0.253,0.0034,579.2749118389735,229.11866080915908,278.92706533288936,306.7453767863522,161.61200979503795,303.3593050188205
3.08,16.487,0.2444,0.0033,570.0795210574942,227.39378863810805,276.82722095074024,303.9779203696787,160.73694796517802,302.4287615394585
3.1,16.36,0.2303,0.0035,546.6567376673153,225.2953851725244,274.27264281872533,299.0346667369038,160.05585505983944,300.5761187946167
3.12,16.409,0.2226,0.0035,531.8855781650694,224.33500718282053,273.10348700517284,296.1909973923902,159.95919615025386,299.7441708879394
3.14,16.604,0.2116,0.0036,509.9297130238125,222.9606662124547,271.43037625864054,292.019761305785,159.84265977764542,298.28373104541384
3.16,17.028,0.2024,0.0038,488.8231776390091,222.0411301155833,270.3109410102753,288.3486026008702,160.1156816296572,297.0972037740541
3.18,17.956,0.19,0.0044,458.0727233629248,220.87089419980163,268.8863059823672,283.1834402678594,160.7812101632184,295.25205965832447
3.2,19.215,0.19,0.0044,446.23749095856294,222.0813887061466,270.35995146835245,282.76947875657856,162.64109210556893,295.86909746361766
3.22,19.539,0.1913,0.0046,444.93822507421044,222.746457298613,271.16960018961584,283.18497898301837,163.40827061690837,296.63535663639755
3.24,19.539,0.209,0.0046,472.39558876034204,226.25233426659324,275.4376243245483,289.93178767508925,164.89649084115825,300.53796227150104
3.26,16.308,0.2175,0.0042,517.1772029292533,224.61137324172697,273.4399326421024,294.0146270932048,161.46824900262158,302.16577865188793
3.28,17.428,0.1883,-0.0008,456.22626186416636,220.91128539761942,268.9354778753628,282.6096573538921,161.35520353512894,297.1608632836639
3.3,16.728,0.2011,-0.001,483.49852027249113,222.68403707475252,271.09361035187266,287.7284598007658,161.55627794399618,300.0826159710152
3.32,16.245,0.2011,-0.001,487.61951801774995,222.29272902004112,270.6172353287457,287.82991770861173,161.14656450669423,300.4765510453155
3.34,15.112,0.2018,-0.0009,500.3851163384102,221.1199948105329,269.1895588997792,288.3720082190857,159.7902062388345,300.9084232161023
3.36,14.381,0.194,-0.0013,494.5298249493769,218.9163659703842,266.5068803117721,285.55142703542964,158.3978615614644,299.7129143673804
3.38,13.755,0.1819,-0.0014,479.7269979132552,216.0295476528859,262.9924927948176,280.91856188653855,156.80543274377158,297.5627336681405
3.4,13.185,0.1742,-0.0017,471.87181843228666,213.9074372110173,260.4090539960211,277.89798009969184,155.54909825349745,296.2434617404008
3.42,13.185,0.1699,-0.0013,463.12741223451525,213.27912745676068,259.64415516475214,276.0616098460713,155.4800495103253,295.7209498593368
3.44,12.573,0.1619,-0.0017,454.9788802154141,210.93015911597573,256.7845415324922,272.7891980980026,154.05214946286605,294.20292057855033
3.46,12.086,0.1537,-0.0016,444.74227830269507,208.66761290212065,254.03013744605994,269.29444888301515,152.76490784990233,292.5650894364255
3.48,11.698,0.1457,-0.0017,433.42459188951614,206.54244617980493,251.4429779580234,265.7532079703593,151.61845557008448,290.8928668694326
3.5,11.341,0.1432,-0.0016,432.25733094433684,205.51918098222657,250.19726380444976,264.62552339115564,150.96692332074122,290.5935583433504
3.52,11.02,0.1381,-0.0018,425.52802305890236,204.00694543648723,248.35628140094096,262.2694855573382,150.12980081163673,289.5825387906839
3.54,10.61,0.1291,-0.0022,411.9913877316705,201.44909131334467,245.242372033637,258.00494342555396,148.71357817430962,287.3877723624136
3.56,10.529,0.1291,-0.0021,412.2544230208032,201.4230080337552,245.21061847587592,257.94821646026753,148.7823954250506,287.78137356342336
3.58,10.377,0.1209,-0.0022,396.70001511751406,199.46428499760225,242.82608608403754,253.8695433003149,147.89484242507945,285.71070426701266
3.6,10.419,0.1164,-0.002,386.19691384946833,198.66616952373911,241.85446724629114,251.52412851600116,147.7443783613221,284.7148295432652
3.62,10.419,0.1101,-0.0018,372.48076898137566,197.3151791131419,240.20978326817274,248.197107944782,147.29028501956319,283.05920847131284
3.64,10.52,0.1079,-0.0014,366.1142634455711,197.10665062682608,239.95592250222307,246.97067529049025,147.47386218286044,282.7314430137076
3.66,10.52,0.1052,-0.0016,359.89310951741095,196.56785226875093,239.29999406630552,245.4751423277021,147.38834344864176,282.1924776473201
3.68,10.772,0.1048,-0.0014,355.7446956668085,197.06054223853135,239.89979055125556,245.20236287650317,148.06901137446053,282.4913884704789
3.7,11.163,0.1058,-0.0007,353.15337493204805,198.12675744846888,241.19779167639692,245.6849928812093,149.17315182745864,283.3032177429207
3.72,11.151,0.1122,-0.0009,365.5405399382032,199.84543422836452,243.2900938432264,249.0038670683381,150.10368594230414,285.8619242783246
3.74,10.707,0.1234,-0.0009,392.08212170255825,201.7734825990587,245.63728316407148,254.58308455260305,150.63554055643078,289.7255415188561
3.76,10.468,0.1234,-0.0009,394.2129623913435,201.42443857379445,245.21236000288022,254.52144608994539,150.36943813694867,290.0682817832035
3.78,9.846,0.1356,-0.0017,425.7451424194425,202.7425284825076,246.8169911960962,260.24005670386305,150.44145093207516,293.90641349683574
3.8,9.184,0.1356,-0.0017,434.38283128107963,201.2012421358699,244.94064260018948,260.1327085767625,149.15980506224903,294.1475265887519
3.82,8.64,0.1372,-0.002,445.23083310055034,200.11149316082341,243.6139916740459,260.741356230855,148.2141979005315,294.8546779699313
3.84,8.64,0.1353,-0.0016,440.39828378376257,199.8811922245167,243.33362531680294,259.7639228874138,148.2578164160631,294.709727200164
3.86,7.871,0.1319,-0.0016,445.22448925840433,196.96495320275707,239.783421290313,257.9927957777395,146.1832857041413,293.9197626563044
3.88,7.871,0.1223,-0.0027,423.7504750105503,195.23715026264313,237.68000901539165,253.296237098974,145.47814209882563,291.4273067503628
3.9,7.797,0.1162,-0.0018,410.87565671052573,193.87832803738726,236.0257906542106,250.15354723272068,144.87166695281732,289.8519065670367
3.92,7.754,0.105,-0.0013,386.0886684394848,191.4387266957316,233.0558411948037,244.24766633883476,143.74798848910982,286.41662976787785
3.94,7.8,0.0974,-0.002,367.70012657680525,189.93003268400824,231.21917022401,240.0350007356624,143.17849361636294,284.01054418980505
3.96,7.506,0.094,-0.0018,363.52557057836907,188.31933792653328,229.2583244323014,237.96341826087615,142.16920313879672,282.98360948804884
3.98,7.495,0.094,-0.0018,363.00749286159186,188.40234300185583,229.3593740892158,237.87676363105078,142.33838851448346,283.34144455295143
4.0,7.578,0.0893,-0.0021,350.42299450053963,187.601631267676,228.384594586736,235.12166206162485,142.156602109746,281.8385052819078
4.02,7.636,0.0893,-0.0021,349.0047537747385,187.8934119209437,228.73980581680104,235.06419539691794,142.5102261597349,282.2102895283095
4.04,7.801,0.0881,-0.0017,343.4746126812208,188.18474291339706,229.09446963370078,234.34513138520617,142.986318005376,282.11294911599504
4.06,8.038,0.0885,-0.0015,340.77321353734027,189.07742960334818,230.1812186475543,234.59083099705032,143.8552327684517,282.6946322753702
4.08,8.038,0.0893,-0.0018,341.9761620754997,189.4039864230614,230.5787660802487,234.98778373078375,144.15952136510762,283.3776285269238
4.1,8.051,0.0904,-0.0015,343.6674276353868,189.8421663780102,231.11220254714289,235.5567679647457,144.53601943373496,284.18375985828146
4.12,7.758,0.0905,-0.0017,347.018992783688,189.13955601416228,230.25685079984973,235.4276066494025,143.97432423437215,284.49668788632664
4.14,7.688,0.0908,-0.0014,347.9920624704132,189.12017207895974,230.23325296569013,235.4946154418981,144.01978863812948,284.94892375470016
4.16,7.622,0.0916,-0.0014,350.0355621887642,189.23583406970053,230.37405886746154,235.84567419441774,144.13883953965762,285.6038712405847
4.18,7.209,0.0904,-0.0021,352.33875917646503,187.73138303447473,228.54255325936055,234.8875141466835,143.02133012653675,285.34319900885475
4.2,7.009,0.0873,-0.0023,347.4267574600827,186.38727131123125,226.90624333541197,232.91025163186455,142.21970733745752,284.33579237578914
4.22,6.798,0.0873,-0.0025,349.82502695897153,185.76007607853745,226.1427013130021,232.70835616391815,141.78221396280608,284.6133569726699
4.24,6.63,0.0828,-0.0021,341.0935710829461,184.10923982614403,224.13298761443622,229.85750469983694,140.8380480065146,282.94789088496134
4.26,6.201,0.079,-0.0024,337.71777197748224,181.59418313287694,221.07117946611106,227.1724236521317,139.12693878919123,281.4207542389567
4.28,6.729,0.0712,-0.0018,310.880859374166,181.4506008994289,220.8963837036526,222.50381275701042,139.7461675086655,278.14051986863603
4.3,6.552,0.068,-0.0016,304.8003154905243,179.9876296283295,219.11537519970548,220.1905567696903,138.86031093658127,276.75444195103887
4.32,6.771,0.0637,-0.0014,291.0696716624103,179.47583807480905,218.49232461281102,217.35244356966237,138.94402727612757,274.8033991507496
4.34,7.203,0.0596,-0.0011,275.8765061556339,179.51855949914895,218.5443333033118,214.71928319749782,139.59418873124838,272.88035413430435
4.36,7.821,0.0544,-0.0013,257.0848247785561,179.35296348220032,218.34273815224387,211.30940384371794,140.37169525314238,270.13934037467726
4.38,7.821,0.0522,-0.001,251.4084040647362,178.59671380954586,217.42208637683845,209.60860060791072,140.06965102924283,269.0047890035131
4.4,8.232,0.0531,-0.0005,249.9342384640464,179.99698616887974,219.12676577081012,210.55360232788314,141.4859399730719,270.0165039861888
4.42,8.427,0.0567,-0.0006,256.52568217416643,181.92778470236217,221.4773031159192,213.32087653013616,142.91885194751072,272.6888418178612
4.44,8.394,0.0638,-0.0007,272.7092479073404,184.55418323177702,224.6746578473807,218.25747785502776,144.42485359917566,277.21179527183546
4.46,8.23,0.0698,-0.0008,287.2579420439763,186.29286901963806,226.7913188065159,222.09526960636921,145.2748681935153,280.7479788475883
4.48,7.724,0.0768,-0.0011,307.44561813224175,187.22941821487814,227.93146565289513,226.11783638118936,145.28051755690552,284.4461659689365
4.5,7.24,0.0821,-0.0014,324.23584311704155,187.37805148859744,228.1124105078578,228.8972516829097,144.91179546365024,287.11058046564136
4.52,6.685,0.0821,-0.0017,330.6804622623231,185.5897123073013,225.93530193932335,228.37265343431645,143.43376328778743,287.26329673717356
4.54,6.685,0.0844,-0.0017,335.3388845885026,186.2948792641887,226.79376606075144,229.64471797688188,143.9396281620395,288.61915754765926
4.56,6.109,0.0825,-0.0017,338.4416614360351,183.671773378436,223.60041976505255,227.91131188973964,141.98923685944786,287.89429101437275
4.58,6.109,0.078,-0.0019,327.3134083360374,182.59490585213965,222.2894506026048,225.12882850212432,141.50180375267828,286.1193294895402
4.6,5.887,0.0733,-0.0018,318.66231648941897,180.49798481732338,219.73667716891543,221.8987492608235,140.19511179129506,284.0522406376578
4.62,5.887,0.0662,-0.0019,300.82343315188643,178.54182152272554,217.35526098418762,217.2081514120583,139.18237612053377,280.62278455489576
4.64,5.958,0.0603,-0.002,284.7943188075786,177.0708475340516,215.56451004145416,213.16804305065034,138.51303022241873,277.5657008422399
4.66,6.022,0.0562,-0.0027,273.2905972829997,176.03507048508544,214.30356406879966,210.23540106276323,138.08289705742345,275.3576806483072
4.68,5.987,0.0543,-0.0019,268.4286972413182,175.3310305385675,213.44647195999522,208.72652720976194,137.7376563942327,274.4146433891285
4.7,5.939,0.0529,-0.002,264.9675867231897,174.74380284547638,212.73158607275386,207.55783852536211,137.44298135910861,273.7633013449431
4.72,5.923,0.0522,-0.0022,262.9480696571998,174.5225762165592,212.4622666984199,206.94857554390362,137.39988204138422,273.57792753927686
4.74,5.954,0.0516,-0.002,260.68493220762076,174.5098613621272,212.44678774519835,206.47076599079986,137.5328994405305,273.4700200066413
4.76,5.965,0.0516,-0.002,260.18741470515306,174.64185511751182,212.6074757952318,206.42690486909038,137.73058293607892,273.7652324922231
4.78,5.895,0.0513,-0.002,259.7707109354421,174.36023972153106,212.26463966099436,206.04941745643416,137.59041739389235,273.8242147476659
4.8,5.895,0.0518,-0.002,260.6731538187182,174.6343490980444,212.59833803240187,206.37243658900758,137.86115910340956,274.4594807871067
4.82,5.836,0.0521,-0.0024,261.6869082160333,174.6097642550969,212.56840865837884,206.46385534618045,137.88690750646043,274.934229524155
4.84,5.836,0.0521,-0.0021,261.29973217553413,174.69873270870568,212.67671808016345,206.40329463358086,138.04572608466606,275.2224071954604
4.86,5.762,0.0519,-0.0021,261.19158094099527,174.42790502704386,212.34701481553165,206.09013650506967,137.90631224011574,275.3459735882722
4.88,5.762,0.051,-0.0023,258.503741009823,174.18777050449285,212.05467713590434,205.34656765379037,137.86353390012266,275.00610518178405
4.9,5.798,0.0502,-0.0023,255.70309020260262,174.11864804149346,211.9705280505138,204.72592919053386,137.9630554822368,274.7382361154308
4.92,5.918,0.0491,-0.0022,251.3179145131938,174.2439373031695,212.12305410820636,203.98914744589976,138.2729026674916,274.27208947150257
4.94,6.07,0.0491,-0.0022,249.5051040027546,174.88595364861834,212.90463922440495,204.1495844913251,138.93537901802017,274.6052675790621
4.96,6.368,0.0478,-0.0018,243.18951761920405,175.4859949916362,213.63512433764407,203.4938975254806,139.7432001185895,274.0260614785471
4.98,6.602,0.0478,-0.0018,240.88589727413503,176.3254695155133,214.6570933232336,203.7610871176404,140.62850847301232,274.3784538857145
5.0,6.939,0.0483,-0.002,239.0960425267489,177.63122219482506,216.2467052806566,204.54440463884248,141.92073375306796,275.1299634502235
5.02,7.353,0.0483,-0.002,235.69636760233084,178.8626707309857,217.74586002033044,205.01900804640073,143.2689129587849,275.5261099642473
5.04,7.77,0.0506,-0.0019,237.8354777341804,180.95902606911264,220.2979447797893,207.22472227773096,145.13048003688286,277.58971043559137
5.06,7.77,0.0545,-0.0013,246.43537173162218,182.60731226870885,222.30455406625427,210.05418934776446,146.1884976907554,280.5630647885492
5.08,8.282,0.0581,-0.0012,250.47782588971288,185.30809246491566,225.59246039207125,213.12618864468442,148.4861772573853,283.3220480365192
5.1,8.282,0.0637,-0.0009,262.23656666736565,187.45447578980483,228.2054487875885,216.87385543371886,149.78812257453885,287.0168123804388
5.12,8.477,0.0683,-0.0011,270.1413137775209,189.6045794515893,230.8229662888913,220.01066898350098,151.3277813873782,289.9671093649964
5.14,8.765,0.076,-0.0011,283.3345002922138,192.89519170535803,234.82892903260978,224.9885960600572,153.57812984734997,294.3849175717673
5.16,9.018,0.0827,-0.0011,294.25295347897577,195.63775466117355,238.1677013266461,229.08725084091833,155.46164921762778,297.9913528663981
5.18,9.247,0.0904,-0.0009,306.8404112633633,198.49702793064682,241.648555741657,233.51455445638737,157.3503087614727,301.81129370206844
5.2,9.365,0.0904,-0.0009,305.5067218979848,198.85885932618973,242.089046136231,233.5830726367427,157.80685069690048,302.13403789856153
5.22,9.551,0.1052,-0.0004,330.8548798457027,203.3449810861742,247.55041175708163,241.31283336554185,160.42962300098716,308.49263515480567
5.24,9.662,0.1052,-0.0004,329.484686848266,203.69684980226577,247.97877367232354,241.36788786814694,160.86771015586984,308.8176495935794
5.26,9.856,0.1236,-0.0012,359.68860764935357,208.6485809455845,254.0069681076681,250.10511495645787,163.6749786751935,315.70752604839305
5.28,9.964,0.1158,-0.0049,344.8118594660805,207.1962934909772,252.23896598901575,246.6163219942978,163.21960384024837,313.3694533814402
5.3,10.075,0.1108,-0.0078,334.76043619384757,206.32669101924074,251.1803195016844,244.33268242080987,163.05367917737976,311.9002570481126
5.32,10.075,0.1134,-0.0073,338.83393925268666,207.0627928651857,252.0764434880522,245.50858186150143,163.53903403619893,313.14040495950445
5.34,9.984,0.1172,-0.0072,345.68322009014844,207.86900849495925,253.0579233851678,247.1298451183946,163.9438548922649,314.76260926407974
5.36,9.984,0.1244,-0.0075,357.5002823377657,209.6298477285951,255.2015537565506,250.31648692370993,164.92845267373332,317.5118588143083
5.38,9.948,0.1318,-0.0068,369.7511225293866,211.26822772265695,257.1961033145389,253.43181381061922,165.80675756120556,320.1989616424065
5.4,9.782,0.1436,-0.0068,390.2683976997992,213.38502654157128,259.773075789739,258.0921255149945,166.75877246950628,324.0519345677145
5.42,9.887,0.154,-0.007,405.5570118268543,215.76650841482515,262.6722711137002,262.24496236636645,168.16016987789897,327.3427647517315
5.44,9.928,0.1553,-0.0065,406.6293097793156,216.21591866849943,263.21937924860805,262.7159850194742,168.55034376318727,328.0162379697172
5.46,9.859,0.1553,-0.0065,406.693088604692,216.13185272071541,263.117038094784,262.5674454704403,168.55302117473582,328.30397909019524
5.48,9.844,0.1475,-0.0067,393.71627331041367,214.7032814255865,261.37790782245315,259.4398825321114,167.96750339649157,326.4101606555376
5.5,9.842,0.1475,-0.0067,393.16057141016034,214.79508031863733,261.489662996602,259.3682061529958,168.1327793869716,326.71065276447035
5.52,9.73,0.1425,-0.0064,385.5447876651745,213.61175610666595,260.0490943907238,257.1775153459086,167.5451147813067,325.5204741669472
5.54,9.48,0.1425,-0.0064,387.32413014213336,213.04056921455359,259.3537364351087,256.81970460466897,167.08619609101237,325.75571223252336
5.56,9.327,0.1424,-0.0064,388.0537210069823,212.6940341071041,258.9318676086485,256.52574916379206,166.85252713697344,325.98383669699984
5.58,9.327,0.1422,-0.0063,387.1580317568568,212.7491886291081,258.9990122441316,256.3733176223607,166.99968096247048,326.2204976475379
5.6,9.283,0.1433,-0.0066,388.80653847030186,212.93649986717753,259.22704331656394,256.6882070055595,167.15895627495289,326.83173903755005
5.62,9.39,0.1457,-0.0061,391.09749111296327,213.79759337898716,260.27533107007133,257.6996627098176,167.8322847614421,327.86156709114965
5.64,9.612,0.146,-0.0061,388.9336960822968,214.56029936144213,261.20384270088607,258.0202748324516,168.59313353526633,328.30089131295165
5.66,10.15,0.1443,-0.0058,380.9108185335732,215.7047375452467,262.5970717942134,257.9215976536497,169.92254593392593,328.2273634819259
5.68,10.771,0.1426,-0.0055,372.643919752575,216.9030728540507,264.05591477884434,257.885433229877,171.38130626173145,328.158847104143
5.7,11.312,0.142,-0.0049,367.11703342857516,218.02126125205248,265.4171876111944,258.1728802657005,172.7033009745324,328.3898839390067
5.72,11.619,0.142,-0.0049,364.4382128148493,218.72710563407364,266.27647642408965,258.4449320723397,173.53942408204026,328.7461566556033
5.74,11.831,0.1419,-0.0046,362.3504367201662,219.20506455780006,266.85833946166963,258.5764052723586,174.1505928935322,329.050484316605
5.76,11.809,0.1419,-0.0046,362.0560245604941,219.25815751068484,266.92297436083373,258.50894654793325,174.27235575378245,329.33564042091473
5.78,11.694,0.1457,-0.004,368.143418758694,219.94995469006147,267.7651622313792,259.852248265763,174.57722657215186,330.7350080754138
5.8,11.514,0.1457,-0.004,368.95708726366547,219.68781407940085,267.4460345314445,259.610727158087,174.35504746415023,330.98617463321693
5.82,11.514,0.153,-0.0043,379.4328383151966,221.2953573970185,269.4030437876747,262.39006911311014,175.2315804290637,333.38666955206764
5.84,11.44,0.1622,-0.0037,393.09203467806685,223.05355188443392,271.54345446800653,265.6979203582674,176.08735199149024,336.20267825736266
5.86,11.328,0.1671,-0.0035,400.6033456491465,223.83419217415158,272.4937991685324,267.29440538069525,176.44057816399567,337.77346165909387
5.88,10.962,0.1756,-0.0038,415.36405663320295,224.6304906835477,273.4632060495363,269.80764532682065,176.49986802741188,340.1696709477676
5.9,10.574,0.1799,-0.0043,424.3245051932084,224.5070653009413,273.3129490620155,270.73556918151115,176.10542260120346,341.4434110877519
5.92,9.961,0.185,-0.005,436.7063241396154,223.78688233164254,272.4362045776518,271.5637011557825,175.16774303927673,342.82849618118115
5.94,9.305,0.1815,-0.0053,437.3355601495017,221.34809260198074,269.46724316762874,269.3506261890779,173.34542070240437,342.0977273066999
5.96,8.704,0.1725,-0.0058,429.37537106345786,218.0232771717345,265.4196417742855,265.2471356252768,171.12335941926403,339.96449417175336
5.98,8.223,0.1725,-0.0058,433.91725503813433,216.42070734704953,263.4686872051038,264.3520975208424,169.8863983324013,340.1096559491007
6.0,7.551,0.166,-0.0064,430.9050884453091,212.8840558828981,259.16319846613686,260.7764691407944,167.43470667299812,338.48802298997646
6.02,7.118,0.1549,-0.0071,417.7507594249345,209.36675854497253,254.88127127214048,255.8526712703141,165.21880052730054,335.5921558760615
6.04,6.496,0.1492,-0.0074,415.5977791458533,205.70401941862684,250.42228450963268,252.33871515058635,162.700890749339,334.0147368082005
6.06,5.942,0.1414,-0.0065,409.23533934532736,201.7258502389477,245.57929594306677,247.99681801137436,160.05852660698412,331.74994088159247
6.08,5.942,0.1372,-0.0062,401.3298821970407,201.09969009337755,244.8170140267205,246.2617294769603,159.80475974602624,330.72764394590473
6.1,5.341,0.1327,-0.0051,401.3311347871819,197.0920772064966,239.93818094703937,242.82890588070248,157.07803327535862,329.3106913787977
6.12,4.886,0.1295,-0.0052,401.93743758030865,193.8235792114759,235.95913990962285,240.1305638865603,154.9039198594934,328.32291178950675
6.14,4.224,0.1256,-0.0047,405.3562705690989,188.59398032568004,229.59267170082788,236.26065693230493,151.44293341735084,326.93797124579055
6.16,3.84,0.1233,-0.0047,407.54536732644027,185.20924762686758,225.47212754575185,233.74548877250982,149.28456007825343,326.1917153614089
6.18,3.445,0.1149,-0.0039,398.38132720707455,180.4152944363618,219.63601061817957,228.4453965271918,146.2427786064415,323.2188223744201
6.2,3.208,0.1038,-0.0034,379.9873576859099,176.35788031873594,214.69654995324376,222.36255810044517,143.6629700953615,319.0704927819501
6.22,3.017,0.1038,-0.0035,383.3825483604637,174.4598486901309,212.38590275320286,221.26352150096727,142.52622255387092,319.18556030040963
6.24,2.853,0.0918,-0.0026,360.4620905396753,170.6696934851419,207.77180076452058,214.66890898669064,140.07432443998272,314.2535831579823
6.26,3.2245,0.06985,0.0094,303.21799097009824,169.86067528401892,206.78690904141433,204.80290624312502,139.49218677148184,303.806678557102
6.28,3.596,0.0479,0.0076,244.90713967675205,166.76314245573838,203.0159995113337,192.1546463184164,137.45371620464397,289.7345106596662
6.3,2.822,0.0523,0.0069,265.6841193626139,161.56421745160623,196.68687341934674,191.59581422747576,133.82903465523498,292.7738311759694
6.32,2.822,0.0629,0.0079,291.78216778110266,164.46239866428883,200.21509402609075,198.34697379634633,136.0145546014395,300.12341672769804
6.34,2.591,0.069,0.0088,310.08893156959033,163.42343146602124,198.95026439341717,200.49540996258224,135.507214727857,303.80742120012167
6.36,2.675,0.0657,0.0099,300.0064179331503,163.6807547146195,199.2635274786672,198.95969441291845,135.69737673228857,302.19000769543857
6.38,2.784,0.0637,0.0108,292.7526926219061,164.44126039108815,200.1893604761073,198.28065610193377,136.2491852165571,301.306198170617
6.4,2.617,0.0616,0.0114,289.90266764523835,162.16678014369086,197.42042800101495,195.9102939848698,134.7828982914416,300.0962226621976
6.42,2.351,0.0604,0.0125,291.04287852406577,158.76946174698452,193.28456212676377,193.31972735341074,132.61694076974948,299.3285824635299
6.44,2.114,0.0529,0.0152,275.24140945572344,153.83086399180334,187.27235616393452,186.6144515980662,129.28556343708317,294.21370162239816
6.46,2.207,0.0529,0.0152,273.1058386128901,155.141361008891,188.86774383691082,187.21865208828405,130.20174948494275,294.5384229157207
6.48,2.526,0.0367,0.0177,223.31198563777897,153.92483558770778,187.38675636764427,177.1627037824946,128.9001313285645,281.3667842288206
6.5,2.526,0.0336,0.0198,213.88094568618334,152.78201627852823,185.9954980782083,174.3871500457877,128.0690824500167,278.3741778906576
6.52,2.707,0.0372,0.0209,221.92492481303535,156.0704840060036,189.99885009426526,178.4927181600727,130.56056699728896,282.4459764368937
6.54,2.707,0.0397,0.0221,228.54231110640066,157.04155209211575,191.1810199382279,180.44953066383422,131.37912283568915,285.0651354607197
6.56,2.428,0.0472,0.0226,252.09343577987119,156.53811968800244,190.56814570713343,184.28684395441104,131.3197618648224,291.5410589015603
6.58,2.428,0.0542,0.0241,269.86620474882557,158.56748503296052,193.0386774314302,188.97488721391952,132.9481726739011,297.0582744483405
6.6,2.182,0.0564,0.0255,278.9741749989473,156.0571043868091,189.98256186220237,188.46834098591876,131.4626208556644,298.5920082458551
6.62,2.025,0.0532,0.0272,272.7976401296135,153.1050464357116,186.38875218260546,184.97842783443616,129.53651641268624,296.39637249354496
6.64,2.016,0.0532,0.0272,272.4500829312599,153.03156056334987,186.29929112059986,184.78886621673772,129.56206179044912,296.612890832092
6.66,2.142,0.0358,0.031,221.82008784459885,149.56733672847966,182.08197514771436,172.82487789192575,126.57675367869486,282.06655406555694
6.68,2.294,0.0358,0.031,219.66267896879089,151.49494026768843,184.42862293457725,173.89045245127508,127.93913860225766,282.4238604761515
6.7,2.671,0.0284,0.0348,193.65137510812787,152.51249922835805,185.66739036495764,169.60913674889244,128.39055619785466,274.5651747779914
6.72,2.833,0.0284,0.0348,192.04934284684316,154.0763410413961,187.57119778952568,170.50431290774665,129.5911697044244,274.89205652795476
6.74,2.988,0.032,0.0363,200.9236983442672,157.12916054072645,191.28767370175393,174.66167748427569,131.99805377338328,279.51043287942895
6.76,2.988,0.0371,0.0381,214.70147973275675,159.29250202082042,193.92130680795532,178.9835857347017,133.738314159436,285.14955234300373
6.78,2.92,0.0452,0.0397,236.27186532667133,161.6413103711066,196.78072566917328,184.80876365333816,135.60986967657044,292.73368352273457
6.8,2.92,0.0448,0.0415,234.87113465234614,161.5589562629668,196.68046849404655,184.4231720452239,135.62086390697556,292.6135851689632
6.82,3.027,0.0488,0.0433,243.341795907661,163.91217527659936,199.5452568584688,187.79246734905024,137.40878927393558,296.1837796819085
6.84,3.027,0.0454,0.0461,234.4884145867897,162.85055387570287,198.25284819650784,185.2730483289283,136.69884454778727,293.6335677186508
6.86,3.129,0.0428,0.0477,226.55453116108285,162.9088782667767,198.3238518030325,183.8139257538693,136.79309038361762,291.6778484870737
6.88,3.165,0.0483,0.05,239.48343852528345,165.14261399492926,201.04318225469652,187.90961854363917,138.5124577962457,296.5415291833671
6.9,3.105,0.0483,0.05,239.7529326324205,164.6705012385597,200.46843629042053,187.50771123139052,138.2427464010607,296.7173613471158
6.92,3.098,0.045,0.0539,231.2974910202176,163.55513302271308,199.11059672330288,185.0124402426251,137.49904425965008,294.21053960949575
6.94,3.244,0.045,0.0539,229.57435487883092,164.87358888832685,200.71567342926747,185.71661754080094,138.52496088366914,294.5257879111874
6.96,3.386,0.063,0.0564,269.4488920418537,171.60536034544242,208.91087346401687,198.13838954181608,143.44432743558173,308.0164051502093
6.98,3.447,0.063,0.0564,268.36188655559533,172.18453842481742,209.61595982151687,198.36079440429614,143.92838123883323,308.2808262169733
7.0,3.45,0.0734,0.0578,290.0597044577172,174.90477622037037,212.92755365958135,204.13671507278622,145.89949907126277,314.6950477532469
7.02,3.45,0.0822,0.057,307.5954539368194,176.96942298196703,215.441036673699,208.5969459827331,147.3940155324679,319.5922522673189
7.04,3.355,0.0875,0.0571,318.90633783725184,177.27690980655078,215.81536846014876,210.5739824849491,147.68262874677941,322.36420319077246
7.06,3.355,0.0984,0.0582,339.4632342270778,179.44170608598063,218.4507726264112,215.4651532146765,149.24639394146874,327.5569603055758
7.08,3.509,0.1001,0.0592,339.8568885426092,181.2574620110789,220.6612581004439,216.93304961305068,150.5460975052235,328.6313240631456
7.1,3.509,0.1061,0.0595,350.4030741852261,182.39951175738994,222.0515795307356,219.3951220153774,151.39391708930364,331.36411473870623
7.12,3.676,0.1089,0.061,352.47974590412895,184.46388919180265,224.56473466828152,221.32273789771267,152.86027890455273,332.8392976401669
7.14,3.968,0.1069,0.0591,344.38798113474496,186.6524808959502,227.22910717767851,221.82876295948242,154.4348799960111,332.46194015751774
7.16,4.184,0.1007,0.0514,330.16454266270455,187.2496688001247,227.95611853928227,220.08757940508568,154.9688073136969,330.25268686406565
7.18,4.294,0.0953,0.0383,318.82066165554494,187.0703426768452,227.73780847615942,218.122595436412,154.95916340217815,328.18935924251895
7.2,4.242,0.0953,0.0383,318.91783345965905,186.75956628421898,227.35947199817963,217.80527518122403,154.80719564835363,328.39079646164123
7.22,4.134,0.0948,0.027,318.9192396501548,185.96327419678846,226.39007293522076,217.06894701721376,154.2849641539392,328.33402581796247
7.24,4.075,0.0948,0.027,319.1060885556846,185.58181911862943,225.9256928400706,216.70753705627354,154.08437910974303,328.52894636725443
7.26,4.732,0.0577,0.0605,240.61345206462371,180.26036065680876,219.44739558220195,199.557846785519,151.19667410559157,308.5495427837125
7.28,5.118,0.0473,-0.0229,216.84761700338544,178.81553899370525,217.6884822532064,194.33680741425468,150.52694989728045,301.0636237817547
7.3,4.968,0.0496,-0.0255,222.4310284326591,179.0389093178447,217.96041134346314,195.37647070679813,150.59019852339472,303.07129222602407
7.32,4.797,0.0621,-0.0263,249.09368814571883,182.47537578024017,222.1439357324663,202.66791878037412,152.77002363537449,312.19226805517457
7.34,4.744,0.0745,-0.0267,273.36398474003744,185.8135230386123,226.20776717744107,209.3724530794715,154.9655393969329,319.86347024658323
7.36,4.611,0.0745,-0.0262,274.1315651045105,185.07275456702772,225.30596208159895,208.7890849626989,154.4490792640589,320.0164047575916
7.38,4.611,0.079,-0.0259,282.2513160407108,186.29849123789708,226.7981632461356,211.05281243857988,155.31987693663353,322.6871123923607
7.4,4.611,0.0784,-0.0259,280.7469655214244,186.20893720485586,226.68914094504194,210.66938821434442,155.33845162367606,322.5882559549953
7.42,4.611,0.0802,-0.0253,283.7106432860784,186.72290411587204,227.31483979323554,211.50496019773186,155.7482153045238,323.76261207250803
7.44,4.934,0.0835,-0.0252,286.55699074171065,189.556763113556,230.76475509476384,214.31224543244693,157.91949752046594,325.8491733667245
7.46,4.934,0.0863,-0.0249,291.19988179771394,190.30364637454278,231.6740042820521,215.60092437208212,158.4706320167748,327.47168606418404
7.48,4.845,0.0879,-0.0251,294.43836875498636,190.21866931162114,231.5705539445823,215.95385192547565,158.41483464852945,328.43284883785947
7.5,4.796,0.0938,-0.0244,304.86124881469897,191.33080233219076,232.9244550131018,218.42834600889256,159.15646734631846,331.4172657041452
7.52,4.719,0.097,-0.0245,310.71623731313895,191.60737853932935,233.26115648266182,219.48083117929198,159.34661176571274,333.050188937564
7.54,4.622,0.1065,-0.024,327.4307809891616,192.9856774455616,234.9390855859011,223.09168371950236,160.22585071268543,337.2949946840456
7.56,4.643,0.1124,-0.0239,336.572900503851,194.3287983087472,236.5741892454314,225.51123960952052,161.1682522880478,339.90668060397525
7.58,4.802,0.1157,-0.0235,339.83111280536525,196.07698981280174,238.70242238080215,227.39776136436788,162.46032638101934,341.5009569940319
7.6,4.985,0.115,-0.0234,336.36183476416795,197.1893039507537,240.056543940048,227.7635646514051,163.37503959180793,341.5537325298309
7.62,5.2,0.115,-0.0231,333.81666070924854,198.57317939936215,241.74126187748436,228.50538999477243,164.4915932939179,341.88772405981524
7.64,5.2,0.1114,-0.0228,327.5525015680279,197.9297809636374,240.95799421660206,226.96405646365562,164.17753433345462,340.7029348809834
7.66,5.776,0.1098,-0.0228,319.58989761731345,200.85815445158659,244.52297063671412,228.28959443486778,166.60104829733208,340.5524268508647
7.68,5.776,0.1032,-0.0228,308.5893216203,199.498323422848,242.8675241669454,225.4296661866229,165.86622923933203,338.04190922586247
7.7,6.463,0.0988,-0.0234,296.17422275126256,201.76254965369444,245.6239734914541,225.6221137590153,168.08524420698808,336.63364876948873
7.72,6.463,0.0961,-0.0235,291.47901800194285,201.1711134630246,244.90396421585604,224.34847274366766,167.82010641118833,335.6434570267836
7.74,6.845,0.0965,-0.0235,289.35219206791913,202.9026962489253,247.01197804216994,225.58111970971635,169.39373900275666,336.18747764323757
7.76,7.201,0.0983,-0.0233,289.720412885978,204.7784327627738,249.29548336337683,227.31798474348656,171.0196007677732,337.3427919859006
7.78,7.483,0.0997,-0.0232,289.9462964311975,206.21219115680327,251.04092836480402,228.63674830170797,172.2934456496609,338.27984625986494
7.8,7.969,0.1002,-0.0232,287.7325113295852,208.03414110125598,253.25895438413775,230.04110448090648,174.05812244722503,338.87761508381845
7.82,8.299,0.102,-0.023,288.4354774897539,209.59187997701704,255.1553321459338,231.58582985660146,175.4618987412554,339.9850942164545
7.84,8.69,0.1066,-0.0231,293.01115309431617,211.989744070942,258.07447104288593,234.44879531130024,177.40276490614872,342.2779342469813
7.86,8.915,0.1135,-0.0231,301.6278644482536,214.41526382441558,261.02727769928856,237.8148223218585,179.11312922155028,345.36793947965674
7.88,8.892,0.1135,-0.0232,301.4272011340472,214.4178034814963,261.0303694557346,237.7137390749484,179.17305113977432,345.5834583244438
7.9,8.787,0.1208,-0.0232,312.0561078083714,215.9094290713226,262.84626147813185,240.3688225710922,179.92137446906455,348.5880794447144
7.92,8.506,0.1251,-0.0232,319.28987127520236,216.08337418770006,263.05802075024354,241.32451867360479,179.7282040817722,350.31654132130456
7.94,8.506,0.1305,-0.0236,326.47906084552454,217.32377968179702,264.56807961262245,243.32406516694223,180.48622009152442,352.47123225789625
7.96,7.983,0.1346,-0.0241,334.8572555763955,216.4624965669105,263.519561037978,243.4491878932017,179.42969480201117,353.9505966000711
7.98,7.983,0.1405,-0.0243,342.59258283943933,217.70360154571512,265.0304714469575,245.51416894595414,180.19539342324887,356.15614213850967
8.0,7.637,0.1445,-0.0246,349.85817589450835,217.22600954929192,264.4490551034858,245.90231877178138,179.5919030754002,357.56744470222407
8.02,7.085,0.1495,-0.0245,360.03447898553316,215.90518021315003,262.8410889551392,245.9143794502587,178.28814050942782,359.1796645848534
8.04,6.528,0.1563,-0.0244,373.03649820118403,214.52088744721212,261.15586297921476,246.28890129318944,176.97256305420788,361.2713949230472
8.06,5.921,0.1698,-0.0239,395.93545271891315,213.42705253723048,259.82423787141107,248.26845406318245,175.8282612234474,365.1490235329614
8.08,5.772,0.1724,-0.0235,400.21958474347986,212.99338658855012,259.2962967164958,248.37504982290915,175.5261246753998,366.0315226506103
8.1,5.816,0.1726,-0.0227,399.48116563971735,213.34694584595488,259.726716682032,248.5033893802955,175.85590553538856,366.33632858255976
8.12,5.774,0.1686,-0.023,393.93162271960733,212.58446795679706,258.79848273001386,247.02380778736003,175.4511558859861,365.42970145871425
8.14,5.755,0.1686,-0.0229,393.5323978927016,212.53594582519185,258.7394123089292,246.8472197286368,175.4878742080965,365.6482922548378
8.16,5.755,0.1638,-0.0224,386.4982739902216,211.8893089245439,257.95220216901,245.2680398338113,175.18715823395974,364.50417551306873
8.18,5.705,0.1583,-0.0221,378.9216631914493,210.8219211606267,256.6527735868499,243.24374979360513,174.59064554970857,363.0907223132892
8.2,5.705,0.1493,-0.0219,366.02574750275835,209.46455535346726,255.00032825639494,240.24111728298814,173.8624724978591,360.56098115908645
8.22,5.272,0.1428,-0.0217,360.1083884157662,205.84469545331118,250.59354229098753,236.1980763833201,171.3795851936025,358.49211693387736
8.24,5.272,0.1349,-0.022,348.3446033154146,204.58698519352507,249.06241675733486,233.40209884595603,170.68723275618242,356.06846423156384
8.26,4.83,0.131,-0.0221,345.99493097289013,201.0968521098076,244.81355909020058,229.97497413791308,168.25197876069265,354.70081355254445
8.28,4.99,0.0873,-0.0138,276.60691135491055,193.32184257743734,235.34833009427155,213.08415892626584,163.55390487490922,336.759011720985
8.3,4.338,0.0865,-0.0144,279.4598301783701,189.00612720132978,230.094415723358,209.6670375755871,160.27418031940698,336.21303681929805
8.32,4.338,0.097,-0.014,296.405039049174,191.38190089738103,232.9866619620291,214.2004551310475,161.9137966616391,341.46580964193237
8.34,3.809,0.1053,-0.0138,313.81605902868296,188.92900128972167,230.0005233092264,214.64161001311444,160.10331341983456,345.00743606383287
8.36,3.809,0.1187,-0.013,334.3886987809555,191.35464627954067,232.9534824272669,219.64366682239566,161.8107451599202,350.63441348400966
8.38,3.787,0.125,-0.0122,343.703197197516,192.24736094418654,234.04026549727055,221.66761367288376,162.47917872840748,353.1979539459925
8.4,3.787,0.1336,-0.0113,356.0252038498773,193.64083055716557,235.7366632869842,224.52396980539717,163.48726348527927,356.4812069777976
8.42,3.757,0.1316,-0.0106,352.8005350411141,193.11605900832032,235.09781096665083,223.54634609991038,163.20368305270046,355.9760707387244
8.44,3.848,0.1282,-0.0098,346.28098595375417,193.46296505327484,235.52013136920417,222.8299894650182,163.51951050068536,355.0426914652515
8.46,3.81,0.1273,-0.0095,344.7760859808059,193.03671457530197,235.0012177438459,222.17810044027416,163.29795194923344,354.9040820426926
8.48,3.692,0.1253,-0.0085,342.384154828462,191.69617878958803,233.36926113515065,220.6290327948769,162.45290899428812,354.3033688453928
8.5,3.619,0.1253,-0.0085,342.5716139530721,191.06841295554392,232.60502446761868,220.05134625743943,162.09252189264726,354.46220793275086
8.52,3.441,0.1215,-0.0067,338.0070131153371,188.78850379407046,229.82948287973798,217.40212099324714,160.61365095407436,353.1240978098187
8.54,3.273,0.1215,-0.0067,339.1487773593323,187.1263158217134,227.80594969599892,216.09986536906467,159.56409262052458,353.2027800699991
8.56,2.862,0.1166,-0.0062,335.216982404976,181.80732215553064,221.33065305890688,211.01581008725992,156.07808789976562,351.17677376527007
8.58,2.862,0.1224,-0.0051,343.6413883746077,182.72136079348613,222.4433957485918,212.92283899743887,156.8099344766757,353.6087302769221
8.6,2.65,0.1227,-0.0047,345.7837867993281,180.13396015167586,219.29351670638803,211.0007439688347,155.21364468147206,353.72819354688255
8.62,2.65,0.1189,-0.0035,339.26902255746336,179.63378816168543,218.6846116750953,209.56428742004243,154.9088902405816,352.49158552958005
8.64,2.39,0.1094,-0.0033,326.2997118451408,174.7181839319591,212.70039783021107,203.50078270513586,151.66884478144374,348.6343129443761
8.66,2.39,0.1081,-0.0024,323.61936734089335,174.56653266440517,212.5157788957976,202.9013359528743,151.61585777957615,348.29662549126704
8.68,2.117,0.1041,-0.0017,319.13136257748994,169.87102778091068,206.79951208110865,198.2480705731073,148.62043246646897,346.4847902958919
8.7,2.043,0.0965,-0.0004,306.5059014782072,167.54019444880524,203.96197585071945,194.3385351948372,147.02750484934677,343.19635207457856
8.72,2.095,0.0965,-0.0004,305.52962437745526,168.43202865953756,205.04768706378488,194.85858253318852,147.65483504362604,343.4596623473635
8.74,2.319,0.0832,0.0019,280.280454506775,169.52156505936,206.37407920269914,191.80486614632989,148.091981861381,337.35053701137366
8.76,2.499,0.0832,0.0019,278.4405631988906,172.00361169208546,209.39570119036492,193.51037883614399,149.78990367305192,337.7324550331399
8.78,2.809,0.0773,0.004,265.3681095723878,174.5882325135843,212.54219610349395,193.52964633611907,151.50244680666893,335.00129433621305
8.8,2.946,0.0773,0.004,264.0242604925466,176.1474721851387,214.44040092103842,194.5546946878366,152.64142746131472,335.31233347747076
8.82,3.342,0.0801,0.0054,265.74515799544827,180.79433564456792,220.09745208903922,198.68164560042445,155.9970970600037,337.37522114241995
8.84,3.342,0.0796,0.0086,264.48290370009113,180.7184350887044,220.00505141233583,198.34992345471866,156.01424920696158,337.29392948722136
8.86,4.02,0.069,0.0094,241.9157030805929,183.75070047279598,223.6965049234038,197.3667653471458,158.43000060605266,331.7280086242358
8.88,4.02,0.082,0.0081,263.5494859444182,187.1211661518347,227.79968053266833,203.56602911928366,160.81691582639402,339.4496063360062
8.9,4.196,0.0878,0.0086,271.52688357978093,189.8434608698175,231.1137784502126,207.07039338817114,162.83456515537804,342.7825432771121
8.92,4.196,0.0987,0.008,288.21241131798536,192.26337274849692,234.05975812860495,211.58103315745242,164.52650994994244,348.2348856737023
8.94,4.536,0.1186,0.0081,315.00308461128964,198.7008272575703,241.8966592700856,220.9696174328211,169.04393787055855,357.05781069823723
8.96,4.595,0.129,0.0075,328.832364629326,201.01921467512196,244.71904395232238,224.85413767575136,170.6504783217522,361.21955811334135
8.98,4.467,0.129,0.0075,329.29479204186475,200.12042533759734,243.62486562837935,224.0630248836016,170.06302025455375,361.34782831719474
9.0,4.178,0.1393,0.0041,345.23013054012637,199.54241140614099,242.9211964944325,225.7112177816959,169.61514892903404,364.99920779856916
9.02,3.966,0.1393,0.0041,346.402179152074,197.77519696429087,240.76980500000627,224.28614623276184,168.45192307791888,365.06354318037967
9.04,3.658,0.1501,0.0053,363.06556867648425,196.48988331028778,239.2050753342634,225.4248499793355,167.6406503972531,368.61063546921724
9.06,3.366,0.1501,0.0053,365.0647130787663,193.5354393925359,235.60836099960892,223.1262047030278,165.74616611347926,368.58980936814396
9.08,3.278,0.1493,0.0064,364.16087525125215,192.51714592171288,234.36869938295482,222.06392382666647,165.14306535533242,368.4671339693548
9.1,3.278,0.1445,0.0067,357.05132774162195,191.9322915295901,233.6567027316749,220.50729095035305,164.79652515703017,367.1094414725296
9.12,3.017,0.1382,0.0074,350.0250942395323,188.14666506688044,229.04811399446316,216.26247150274807,162.33695678624053,364.9667938543141
9.14,3.017,0.1309,0.0071,339.23493441123617,187.18782560112442,227.88083116658626,213.85462992097018,161.70583852360184,362.6019658326653
9.16,2.669,0.1262,0.0069,334.80667750870094,182.2318793418757,221.84750528576174,208.98427099931985,158.49183212621824,360.7547065911071
9.18,2.669,0.1204,0.0073,325.83446289779204,181.45257442276343,220.89878625379896,206.96269131354518,157.96987752031345,358.75286373432937
9.2,2.301,0.1133,0.0079,317.46442699056337,175.2792962654437,213.38349110575757,200.4890290426321,153.9458247361224,355.73463172989943
9.22,1.952,0.1037,0.008,304.0979305309276,168.24095612194685,204.81507701802227,192.47711301952336,149.3316105325061,351.428895345823
9.24,1.717,0.1037,0.008,303.3059425596738,163.88819461216724,199.51606300611664,188.3853265567469,146.6868526326985,351.28799037373943
9.26,1.479,0.1003,0.0095,296.46513435687973,158.36835424112368,192.79625733702017,182.37538052280433,143.25806203026102,349.5740779548026
9.28,2.165,0.0667,0.0534,239.25358040993194,164.85834184351611,200.6971118094979,179.36687577684003,146.38768482486338,332.63515036856364
9.3,1.817,0.0655,0.0351,238.18772058792808,159.1711012559881,193.77351457250728,174.32564356095548,142.61040726604747,331.6015385128393
9.32,1.817,0.0682,0.0295,242.84088000272078,159.8168066073606,194.559590652439,175.55834205473784,143.1748244452902,333.52867365053396
9.34,1.714,0.0718,0.03,248.98011556643104,158.69082053641534,193.18882500085348,175.51996429997087,142.6691721457958,335.80361947998915
9.36,1.651,0.0792,0.0304,260.8023953774781,158.86000924731678,193.3947938662987,177.35408757776136,143.1470088480825,340.20300632296295
9.38,1.493,0.0876,0.0324,272.9365083992055,156.92054153575663,191.033702739182,177.28069423640483,142.35825806050576,344.62013632767105
9.4,1.37,0.0826,0.0334,263.3570555848438,153.3274955476064,186.65955979708605,172.56183951112266,140.00529851484987,341.96388368295885
9.42,1.372,0.073,0.0356,247.06152585634814,151.81807318801822,184.82200214193523,168.72763435770952,138.68796107542389,336.69992996701086
9.44,1.406,0.0648,0.0362,232.87776150356845,151.13207280574574,183.9868712417774,165.89942855530774,137.8893260980756,331.7626658480175
9.46,1.375,0.0648,0.0371,232.16092782120654,150.45391919033304,183.16129292736198,165.09658983996474,137.52823612212353,331.8855955624732
9.48,1.357,0.0571,0.039,217.74938074791126,148.49587061158454,180.77758161410293,161.02195436894363,135.9135749243131,326.614942537869
9.5,1.372,0.0527,0.0402,209.33250927618118,147.8879549441398,180.03751036677892,159.07284969877443,135.30512859693718,323.42652005945587
9.52,1.27,0.0445,0.0418,191.92943240552694,143.554136011027,174.7615568829894,152.24750843250897,132.02023801433265,316.3806050844511
9.54,1.129,0.045,0.0431,190.467808077138,140.1606463568425,170.63035208659088,148.79276642188628,129.99804988537824,316.73281173951074
9.56,1.042,0.0434,0.0445,185.18339419784908,137.38478195085858,167.2510388966974,145.2538487068539,128.19459544254434,315.2256058636801
9.58,1.042,0.0371,0.0464,171.93944358915564,135.7485720972546,165.2591312488317,141.46863580629548,126.61012004469742,309.0267386778097
9.6,0.988,0.0319,0.0478,159.16479331238193,132.68777470948726,161.53294312459317,136.34280334938614,124.15060850096606,303.0598246093409
9.62,0.932,0.0289,0.049,150.68680479109435,130.07987748165684,158.3581117167996,132.3140122001817,122.17740745138528,299.2219479874264
9.64,0.939,0.0249,0.0511,141.16489154610903,128.88525688012405,156.90379098449887,129.4468123398893,120.87587462233971,293.65329986215806
9.66,0.934,0.0226,0.0519,135.13319829357698,127.86065857396024,155.6564539161255,127.32569146390222,119.88432842932596,290.1173035763299
9.68,0.996,0.0198,0.0541,129.0926835989325,128.41104165609136,156.32648549437212,126.72250290053184,119.7467479698698,285.4564198564759
9.7,1.098,0.0165,0.0545,121.27438774414618,129.39510037553424,157.52447002238952,126.03144876063281,119.68459912191909,279.1170550488555
9.72,1.263,0.0165,0.0567,122.92327425962672,133.14116154964213,162.08489232130347,129.6717310573679,122.19186530024909,279.5520092028112
9.74,1.305,0.0168,0.0596,123.94203300648337,134.1969389817053,163.37018658642384,130.75721349063568,123.02285374767277,280.42123387829935
9.76,1.306,0.0193,0.061,130.74583314324857,135.6037878638358,165.082872182061,133.29141784208747,124.53228200539722,285.6741796743679
9.78,1.331,0.0221,0.0636,138.1464312783654,137.5141780555419,167.40856458935534,136.3613248092903,126.35668493864658,290.941315956045
9.8,1.402,0.022,0.0659,138.18595187652735,138.91838004686866,169.11802788314446,137.54735374719837,127.33021386492389,291.03206201219433
9.82,1.39,0.0226,0.0688,139.39461783644188,138.9762951228368,169.1885331930187,137.77103406524688,127.52929190146568,292.1839583906444
9.84,1.39,0.0247,0.069,144.47401930742652,139.95668635785086,170.38205295738365,139.54366523784506,128.54596199457595,295.7307119121339
9.86,1.601,0.0229,0.0716,140.95693502897151,143.08333710804172,174.18841039239862,141.55553323912758,130.4410548486339,293.29301729951044
9.88,1.635,0.0256,0.0726,147.57233804316195,144.95423566254777,176.4660260239712,144.3841944087891,132.12674245838645,297.77243290571704
9.9,1.532,0.0328,0.074,163.4907978165155,145.99799045289998,177.73668402961738,148.18372084035175,133.69008466933101,307.53176034103467
9.92,1.587,0.0391,0.0757,176.93059830993232,149.1758844991924,181.60542460771248,153.29933738534348,136.42118454340695,314.8795500652498
9.94,1.576,0.0423,0.078,183.0808856003925,149.95872851969594,182.55845211093418,154.99846398802342,137.25418111779655,318.2619170322655
9.96,1.523,0.0409,0.0787,179.71127314262293,148.54239471561925,180.83421965379736,153.11200243134843,136.2748584946174,316.9533726248558
9.98,1.669,0.0409,0.0796,180.08808418941265,151.33133750641267,184.22945435563284,155.52995591977154,138.16017050705912,317.32916524619964
10.0,1.666,0.042,0.0802,182.02058806845665,151.64602352626278,184.61255037979817,156.07740773493168,138.5060403424781,318.58297107545104
10.02,1.485,0.0465,0.0808,189.659234535162,149.44189367069364,181.9292618599749,155.428017832151,137.4631380878073,322.71484873184147
10.04,1.369,0.0472,0.0824,189.62851148867705,147.13829674173323,179.1248829899361,153.30843993178408,136.10656625517913,323.31081332006306
10.06,1.156,0.0473,0.084,186.24434607589828,141.96139378016835,172.82256634107452,147.93614953455662,132.92891637632627,323.1579770424514
10.08,1.106,0.0435,0.0862,177.722474278936,139.6886283477542,170.05572146683122,144.35415668422155,131.2427124462894,319.71474154957866
10.1,1.106,0.038,0.0889,166.65328820342623,138.23182693038558,168.28222408916508,141.08368347926876,129.84999633989813,314.30313904513747
10.12,1.147,0.0301,0.0921,150.63335439784927,136.84094931870422,166.58898177929208,136.98028412176248,128.10207272439752,305.1580554518037
10.14,1.244,0.0258,0.0942,141.97211322634178,137.58242827819888,167.49165181693775,136.00977839991714,128.03094317887764,299.43295112686286
10.16,1.396,0.021,0.097,131.5636194680078,138.68653587983096,168.835782810229,134.9701315306627,128.03891212051167,291.920452757136
10.18,1.442,0.0196,0.0983,128.1619317127175,138.8883531552833,169.08147340643185,134.44015942227352,127.97347315609753,289.5273367459292
10.2,1.396,0.02,0.1013,128.5897181999325,138.2135989636166,168.26003352092454,133.86086163794852,127.66082909453331,290.3632510922374
10.22,1.403,0.0206,0.1017,130.0148389422811,138.68892272047992,168.83868852927992,134.49965552966034,128.13638160781437,291.6364462370507
10.24,1.452,0.0206,0.1034,130.2259790827624,139.66156071015484,170.02276956018852,135.34989896785922,128.84138450021882,291.85486431514624
10.26,1.738,0.024,0.1126,139.9949024618842,146.33165647415836,178.14288614245368,143.04636581358892,133.980467717091,298.25234530125203
10.28,1.488,0.0296,0.1117,151.19952972632188,144.345998966973,175.72556395979325,143.30554217409576,133.39020592183675,306.29449937318515
10.3,1.616,0.0348,0.1056,163.1286535266982,148.76304589707678,181.10283848339785,149.2862234575074,136.88416278078628,313.15210907210815
10.32,1.856,0.0367,0.1037,167.90389437950515,153.5907036569727,186.9799870606624,154.28751719307544,140.33412468749447,315.80193314845326
10.34,1.928,0.0387,0.0922,172.15103678415804,155.52889873860067,189.33952889916605,156.65956534833091,141.8044811420572,318.2333343159499
10.36,2.197,0.0418,0.0885,178.5151005781736,160.54113260270196,195.44137882068065,162.05983661028543,145.502010597921,321.9053781291706
10.38,2.525,0.0418,0.0835,178.48449226783617,164.73774262980572,200.5502953754157,165.66216073052962,148.52650364076413,322.39428658363767
10.4,2.564,0.052,0.0825,196.97547430275563,168.5500269393594,205.19133714356798,171.9997789428484,151.65808361984818,331.87582519279414
10.42,2.658,0.0671,0.0838,222.00937942517092,173.77495496757345,211.552119090959,180.49919607242484,155.78976947685027,343.317485277193
10.44,2.642,0.073,0.0874,231.01942797728188,174.9904599571093,213.03186429561134,182.8986384855813,156.83055672523696,347.2524001623806
10.46,2.437,0.0774,0.0904,237.67882982274529,173.31476496407885,210.99188778235686,182.4280782152982,155.85485206226357,349.86486220356136
10.48,2.437,0.0794,0.0894,240.41720787440136,173.77516660099468,211.5523767316457,183.17995814364292,156.26818121671332,351.1968049002051
10.5,2.626,0.0867,0.0919,250.6632755886458,177.77085441713743,216.41669233390644,188.11493508241622,159.1997836394854,355.6034057206253
10.52,2.797,0.0902,0.0936,255.06228177034274,180.62117869841654,219.88665232850713,191.16142917212923,161.26646137545237,357.7767475656909
10.54,2.964,0.0819,0.0913,242.36933833627248,180.924181303305,220.25552506489308,189.43745767990376,161.40632055578794,353.6366239588157
10.56,2.636,0.0967,0.0931,263.854935759717,179.88499607162242,218.99043000023602,191.7043536815116,160.99149304360546,361.2161541044644
10.58,2.564,0.096,0.0947,262.5700170482676,178.83633433223164,217.7137983174994,190.5415302801179,160.33840017352415,360.9739676127047
10.6,2.477,0.0924,0.0985,257.1298164333285,177.02103111337905,215.50386396411363,188.0968052438034,159.12153956572902,359.26470072150715
10.62,2.503,0.0856,0.0996,246.97399233701827,176.139557433559,214.43076557128921,185.7302258638801,158.43609271575147,355.90939954132193
10.64,2.632,0.0856,0.1029,246.46213885062815,177.86454517068177,216.5307506425691,187.06777081302923,159.67027948735523,356.2112999022974
10.66,2.718,0.0795,0.1085,237.00993073037804,177.70055140947176,216.33110606370474,185.41568908465769,159.51323350398653,353.0559222587805
10.68,2.687,0.0705,0.1115,223.08098712453784,175.3302249513837,213.44549124516277,181.1416900035492,157.75199925273,347.7198217164392
10.7,2.611,0.0698,0.1146,221.70045481808637,174.25557982790642,212.13722761658173,179.92583056922297,157.05316858823872,347.3596967427037
10.72,2.586,0.0735,0.1174,227.03730899278108,174.81497012764018,212.81822450321414,181.1754565611399,157.59133313975005,349.84030360730907
10.74,2.611,0.0711,0.122,222.99641531350886,174.6001038571114,212.55664817387478,180.29338619632114,157.45714755462419,348.52285062410243
10.76,2.611,0.0686,0.1262,218.78974999350078,174.03043546144883,211.86313882263337,179.07487918614945,157.07125927472026,347.06815407410284
10.78,2.816,0.0665,0.1302,215.12242324180684,175.97879496945922,214.2350547454286,180.13860170668872,158.4627311173641,346.0241395798599
10.8,2.908,0.0754,0.1322,228.28575792947717,179.1948894183701,218.15030016149404,184.9111142731464,160.94928164160518,351.9693442892441
10.82,2.855,0.0809,0.1352,236.0532423826341,179.8334750276313,218.9277087292903,186.57939820995492,161.54741349746087,355.3235933446583
10.84,2.744,0.0806,0.1361,235.37096607614006,178.47896028059282,217.27873425463474,185.2292536562857,160.66048857805407,355.21374432227105
10.86,2.535,0.0821,0.1408,237.15596409796268,176.13486575808335,214.42505396636236,183.39941762003755,159.16289256232506,356.0235682155988
10.88,2.518,0.0839,0.1427,239.37171197527422,176.29643997367037,214.6217530114248,183.80761789238113,159.37673411150857,357.17720395334277
10.9,2.369,0.0839,0.1462,238.8498894335132,174.23357444528475,212.11043845512927,181.87446059857388,158.06364799776233,357.18194326836266
10.92,2.316,0.0743,0.1509,224.39730365882062,171.53100409150906,208.82035280705452,177.2380589729501,156.04797595272157,351.68811666784393
10.94,2.429,0.0724,0.1543,221.36441617439561,172.72872031248502,210.278442119547,177.7382192784778,156.8644393608988,350.7917048575813
10.96,2.623,0.0628,0.1607,206.4683252134092,172.954016683426,210.55271596243165,175.53995229321785,156.8276957028099,344.71936941978686
10.98,2.992,0.0619,0.1641,204.83585795588107,176.93840720475112,215.40327833621873,178.7410141558386,159.71807465000606,344.56729030419996
11.0,3.16,0.0658,0.1671,210.51760256956845,179.7510011887751,218.82730579503055,182.04451519645136,161.8798072292627,347.61551773311976
11.02,3.16,0.0716,0.1608,219.07167820288066,181.31163834437618,220.72721189750146,184.65128431203783,163.1011514428214,351.6155523295983
11.04,2.97,0.0742,0.1537,222.83872747105906,179.99325915084123,219.1222285314589,183.9834640264828,162.212261182939,353.2497282213388
11.06,2.94,0.081,0.1514,232.39727082274686,181.2466096366156,220.64804651414073,186.45249752630562,163.24053913645332,357.43627479054663
11.08,2.998,0.0952,0.1543,251.5348012346061,184.8286934633569,225.00884421626057,192.34539595682085,165.99327656540433,365.241125272111
11.1,3.13,0.0992,0.1547,256.4016845149397,187.11762218566162,227.79536613906632,194.9822797341992,167.68200741154885,367.4853365769163
11.12,3.292,0.1032,0.1459,261.264416491177,189.69999621210582,230.93912582343316,197.87188305669838,169.54484271291787,369.6850004692734
11.14,3.675,0.0995,0.1413,255.67734792657828,192.8417867005248,234.76391424411716,199.7890717950499,171.81784957251634,368.4016897662929
11.16,4.311,0.0995,0.1234,254.46710511239516,198.314865749554,241.4267930864136,204.4888124402804,175.90047819071938,369.00451028819054
11.18,4.685,0.0961,0.1029,249.28294579743292,200.39932096208787,243.9643907364548,205.661365109625,177.59587215223635,367.7331848672109
11.2,5.162,0.0947,0.0906,246.36838309193112,203.23277208464086,247.4138094943454,207.9007606763088,179.9630204354237,367.4618571412806
11.22,5.542,0.0939,0.0778,244.44312949621283,205.3152662956348,249.94901983816416,209.61403044777032,181.7753796959766,367.41561312121996
11.24,5.847,0.0949,0.0725,244.92890377033865,207.24699470275982,252.3006892033598,211.50091447069306,183.43504841406704,368.2337109596127
11.26,4.994,0.1016,0.0677,255.00641011273848,203.98010310213263,248.3236037765093,209.46177231951657,180.42398168206552,371.24761253882775
11.28,7.95,0.0795,0.0201,221.226986664597,211.48988606703807,257.4659482555246,213.81195125609602,189.1224524302219,360.99767188263274
11.3,7.103,0.0914,0.0052,237.9336258767275,212.23049692025344,258.3675614681346,215.7301386250414,188.33879430590747,367.4618663366224
11.32,6.227,0.1142,0.0027,267.60618249847215,214.07069653363146,260.60780447572523,220.47181880311007,188.3430386899315,378.0568909835785
11.34,5.2,0.1441,0.0026,304.4193922545759,213.8856227603944,260.38249727352365,224.52428107251043,187.18620695812737,389.31541540301197
11.36,4.653,0.1573,0.0037,320.1405670944158,212.03486929357922,258.1294060965312,224.71116570395571,185.65003809320567,393.6284062169195
11.38,4.033,0.1646,0.0049,329.36351762916513,207.8077979380983,252.983406185511,222.0397825905412,182.64151956334572,395.7138716048846
11.4,3.387,0.1587,0.0051,324.0902329284262,200.49755847895392,244.08398423524827,214.87193160819558,177.65549494873818,393.5068671757067
11.42,2.924,0.1587,0.0058,324.3786019282664,194.96384156735218,237.3472853863418,210.03216990353243,174.01938354269453,393.2534240467023
11.44,2.696,0.1524,0.0075,317.07573738090116,191.15192332464596,232.7066892647864,205.6819114807982,171.50298129034906,391.126203492684
11.46,2.373,0.1418,0.0084,304.5735537718166,185.09304885656718,225.33066817321225,198.68328879793475,167.45693893842179,387.283127639366
11.48,2.214,0.1246,0.0099,283.8073406963085,180.35028462807398,219.55686824287267,191.6270547299021,164.10251695633778,380.7998011721197
11.5,2.048,0.1119,0.0112,267.5398311091586,175.80205536465306,214.01989348740375,185.3085757460788,160.90747985614232,375.46379192728625
11.52,2.048,0.0929,0.013,242.78915720104627,172.87247754434702,210.4534509235529,179.04393115365272,158.5179435440214,366.65120537209356
11.54,2.046,0.0761,0.0151,219.54297386415675,169.76908774696045,206.67541117021273,172.7631206129467,155.9683131020357,357.4197379565289
11.56,2.034,0.0676,0.0174,206.91070402783922,167.79992617266194,204.27817099280585,169.01900294810451,154.38610595778383,352.0975109182777
11.58,1.932,0.0668,0.0189,204.965708931201,165.96498221808804,202.04432617854195,167.0286029470372,153.16878751215367,351.57291815535416
11.6,1.896,0.0627,0.0212,198.34697885006665,164.44829349791735,200.19792251920376,164.58473527750502,152.02642043145258,348.79352223684197
11.62,1.862,0.0629,0.0228,198.15382521009457,163.93146427647466,199.56873911918655,164.0283756382748,151.743537270119,349.04332678243486
11.64,1.85,0.0664,0.0253,202.9432112184117,164.51865670498768,200.28358207563718,165.22891832309875,152.35805892392005,351.6452703781759
11.66,1.974,0.0536,0.0266,183.81208125934523,163.5460362989658,199.0995224509149,161.28718669326037,151.1508824185898,342.3036107160056
11.68,2.383,0.0536,0.0282,184.94239029312607,169.4829907315342,206.32711915143292,166.70070685667025,155.37941175767924,342.9295702343287
11.7,3.354,0.0451,0.0314,171.9076628650558,177.00251189917608,215.4813188337796,171.58838148056577,160.9723283805435,336.3124118094037
11.72,5.533,0.053,0.0338,183.35312098852802,193.85150449643305,235.99313590870113,189.75604005272066,175.42073758778685,344.86745584422806
11.74,6.08,0.0747,0.0374,213.38588978398508,203.95662040303287,248.29501614282265,203.10426278466716,183.0430650063884,361.0092656634723
11.76,5.821,0.0773,0.0296,217.04514004417894,203.59442450371017,247.85408200451673,202.98956376473086,182.5028331374942,362.657884843029
11.78,5.785,0.091,0.0156,234.69117422220282,207.30046978417008,252.36578930246796,208.48940717362123,184.91337853801673,370.57484854470397
11.8,5.785,0.1305,0.0127,281.0701007603997,216.12122121290625,263.104095389625,222.18074029396087,190.6199616438817,388.5226253029945
11.82,4.913,0.1475,0.0075,301.14171811717296,213.51953842607722,259.93682938826794,222.00354495156776,188.1781320570996,394.4490420415253
11.84,4.276,0.1587,0.0045,313.97859549167276,210.20685615370746,255.90399879581778,220.5011618645516,185.66366086250883,397.98107021155647
11.86,3.67,0.1716,0.004,327.9936359852857,206.19370500588101,251.01842348542039,218.63331950610356,182.89010714563855,401.76209264069837
11.88,3.428,0.1647,0.0043,320.7177727501545,202.75433439913004,246.83136361633223,214.59845102278095,180.571098198755,399.5929200219252
11.9,3.237,0.1484,0.0052,303.174473740736,198.49513214086076,241.64624782365658,208.4926574411622,177.62718807755007,394.2163202221101
11.92,3.103,0.1141,0.0053,264.211335518513,191.8468268084477,233.55265872332765,197.31425463664172,172.81996234899688,381.0166611142963
11.94,3.054,0.1141,0.0057,263.8689534182562,191.31869599367838,232.90971686186936,196.72776141046404,172.50467730255244,381.1334048973107
11.96,2.998,0.0811,0.0072,222.30305195057463,184.39806402681506,224.48459968481833,184.6710691698162,167.31681018013023,364.6926485808959
11.98,2.718,0.0688,0.008,204.9262745674039,178.34942127674123,217.1210345977719,176.65845585698628,162.80981392568813,356.869369273514
12.0,2.455,0.0534,0.0098,181.43367763545388,171.02552899323874,208.20499181785587,166.48398352479776,157.1750290294379,345.19091344959884
12.02,2.355,0.0446,0.0114,166.8762980845102,167.0267073753831,203.3368611526403,160.56436209142183,153.99008175245274,337.2421505715357
12.04,2.355,0.0313,0.015,143.31495380117616,161.93903029664267,197.14316731765194,152.1935638240841,149.59905758080265,322.2046124874523
12.06,2.522,0.0266,0.019,134.588878020283,161.627789376529,196.76426532794835,150.5409010693156,149.12444565388813,315.7534835841749
12.08,2.695,0.0311,0.0228,143.5061607888057,165.68513118658706,201.7036379662799,155.6397171922017,152.5920845190558,322.5281869462866
12.1,2.744,0.0341,0.0251,148.94815504935292,167.56968951575786,203.9978828887487,158.15051380781952,154.2332751077104,326.59276963698295
12.12,2.774,0.0371,0.0283,154.14486625625938,169.17000078589277,205.94608791326078,160.34897639006934,155.63128940302656,330.3570005038179
12.14,2.757,0.0354,0.0302,150.95213594505586,168.30868405107958,204.89752841000995,159.0173975360297,154.96041935033483,328.47077811232623
12.16,2.823,0.0366,0.0331,153.01991419973302,169.5121250477223,206.36258701461844,160.39207634703482,155.99139912489233,330.09257189357845
12.18,2.916,0.0416,0.0339,161.55277226739892,172.47708220244613,209.97210007254313,164.34090940782627,158.4681246562365,335.85365578196826
12.2,3.321,0.0416,0.0358,161.91752267746648,176.26343009963293,214.58156707781401,167.9449294409326,161.5374862868498,336.31660880491796
12.22,3.714,0.0434,0.0389,164.99421337270104,180.18067632538117,219.35038857002928,172.09946192686192,164.8133926416454,338.59400576898116
12.24,4.234,0.0515,0.0411,177.62584927062971,187.019955541814,227.6764676161214,180.31785954503817,170.43280044147915,346.69002814177355
12.26,3.964,0.0592,0.0432,188.78393524491503,187.78529880212068,228.60818984605996,182.3171734035942,170.8646102911844,353.0009345979127
12.28,6.356,0.0941,0.0324,232.8162218493955,211.93033934529313,258.0021522464438,211.28959350527242,190.14345792690787,376.3892005326509
12.3,6.466,0.1238,0.0157,266.5557835441896,219.518542969565,267.23996535425306,222.19022577323494,195.09170234342264,390.2636810527614
12.32,6.704,0.1238,0.0157,265.990091604284,220.70858255198155,268.6887091937167,223.28366382125185,196.1984220107669,390.5285778867565
12.34,6.986,0.1347,0.0129,277.07518761846853,224.33386870180723,273.10210102828705,227.96958258946844,198.84279704260106,395.11868680489584
12.36,6.986,0.138,0.0098,280.31445897674763,225.0475278257751,273.97090344007404,228.92136781674554,199.3323733697322,396.5263033074053
12.38,7.48,0.1351,0.008,276.3514467862806,226.67714397894375,275.9547839743663,230.21126396566174,201.03903284483494,395.7948561547087
12.4,7.48,0.1228,0.0054,263.0288793191712,224.07043682832327,272.78140135621965,226.27729700919642,199.54201158067826,391.07324161968467
12.42,7.686,0.1202,0.0031,259.74843321873993,224.33734026434485,273.10632727833286,226.24879362861364,200.05828993499065,390.2242753201557
12.44,7.686,0.1239,0.0021,263.5319024786404,225.23133893158612,274.194673481931,227.41851727219,200.65207807723135,391.92481704528467
12.46,7.374,0.1217,0.0016,261.31806881287054,223.53480325226988,272.1293256984155,225.32222590306407,199.2508615597216,391.05207841276956
12.48,6.697,0.1055,0.0019,243.89357368972557,216.87895198824475,264.0265502465588,216.7060629800571,194.2773607338718,383.7393887731229
12.5,6.145,0.1055,0.0019,244.24825011477492,214.31158121172317,260.9010553881847,213.95865406943514,191.97112613257488,383.65058999798487
12.52,5.34,0.089,0.0043,225.2822852341981,205.95878873925554,250.73243846518068,203.49307451791142,185.5740038652664,375.0232185931302
12.54,4.833,0.089,0.0043,225.39415148858555,202.90486071340825,247.01461304241008,200.3824235042351,183.00844344766517,374.8978392052779
12.56,4.255,0.1,0.0098,238.52925516608502,201.33564949937443,245.1042689557602,200.33429682170146,181.50913204308657,380.41531345446543
12.58,3.962,0.1,0.0098,238.33139811604275,198.98128654221946,242.2380879644411,198.02930889115078,179.73337318037684,380.3676073468948
12.6,3.837,0.0882,0.0144,223.853995458113,195.35669315322698,237.82553949088503,192.7444533933618,177.12894918935015,374.27081139221883
12.62,3.837,0.0814,0.0189,215.11640918218382,193.7661522388012,235.88922881245367,190.07656579477265,176.03092389407658,370.53606418654334
12.64,4.071,0.0746,0.0217,206.2417782726337,193.92908767386092,236.08758499426548,189.07285395754744,176.33470312620835,366.66512197990517
12.66,4.071,0.0713,0.0256,201.69728604965397,193.04524057817886,235.01159722560908,187.60680334504343,175.7509911504615,364.66065690897403
12.68,4.143,0.068,0.0282,197.13106697511677,192.66676350520552,234.55084252807632,186.63430755186883,175.58061490509095,362.61287127681743
12.7,4.037,0.0647,0.0323,192.43202460814396,190.91727821996247,232.42103435473695,184.3054803326989,174.28209532469697,360.3499681780931
12.72,4.048,0.0571,0.0336,181.72237884965668,188.6118620346027,229.61444073777722,180.73484642730045,172.62697864724575,354.69189807938073
12.74,4.079,0.0556,0.0421,179.36833789971493,188.33239705216593,229.27422249828896,180.12813511829873,172.51063161466638,353.62701980015976
12.76,4.096,0.0556,0.0421,179.22124349965497,188.4906228459965,229.46684520382186,180.20475108747652,172.6892688305451,353.7782770672947
12.78,3.997,0.0512,0.051,172.56368618630708,186.22700292094143,226.71113399071132,177.13686149383074,170.98283925572764,350.0821673647286
12.8,3.954,0.0512,0.051,172.38030952388957,185.95034547607514,226.37433362304802,176.77299174924508,170.79096055949856,350.1926639511227
12.82,3.803,0.0458,0.0608,163.94066426424962,182.7976700109099,222.5362939263251,172.60955008043123,168.34519287266954,345.19211967380005
12.84,3.554,0.0458,0.0608,163.48773851436914,180.8840196245776,220.2066325864423,170.57813224412718,166.78386862217224,345.1552848551607
12.86,3.285,0.0486,0.0666,167.07356625429495,179.6069144995834,218.65189591253636,169.69393169439175,165.79014694142145,347.76253841740714
12.88,3.285,0.0552,0.0724,176.4726867061375,181.8343136669844,221.36351229024189,172.96690646312118,167.62410430421835,353.70639394950445
12.9,2.883,0.0542,0.0762,173.91343036361172,177.49552588176616,216.08150976910665,168.44290241908428,164.324126267633,352.6644715039614
12.92,2.883,0.0535,0.0814,172.6658601267929,177.2867685352372,215.82737039072356,168.01362298201684,164.21763534930224,352.2070244936229
12.94,2.756,0.0548,0.0848,173.9135703181627,176.29068399731372,214.6147457358602,167.18308676301442,163.5515050133535,353.3284970862538
12.96,2.605,0.0504,0.09,166.76812264542588,173.17239310498346,210.8185655191103,163.20581510158982,161.17588395536103,349.49564441007897
12.98,2.518,0.0453,0.0913,158.61619109240024,170.4730058688381,207.53235497075946,159.4648946558889,159.04366051328458,344.7298030393239
13.0,2.484,0.0425,0.0999,153.88541273529106,169.06656313905785,205.82016382146173,157.41207259792023,157.96184050894283,341.98110103792925
13.02,2.489,0.0425,0.0999,153.75413624863208,169.16014102689297,205.93408472839147,157.42078085296865,158.0751282839806,342.1192250055823
13.04,2.688,0.0373,0.1099,146.04655290629125,169.4676673040819,206.30846454409973,156.60797307539212,158.18111792192613,336.68588580123185
13.06,2.947,0.0373,0.1099,146.78855403594702,172.19917922816737,209.63378340820375,159.30672553612231,160.35872656971753,337.0458160208353
13.08,3.257,0.0364,0.1207,145.9240572918624,174.6770473426239,212.65031850406388,161.60787962898016,162.42465310922373,336.35628407287436
13.1,3.323,0.0364,0.1207,145.95685976661215,175.28048614247928,213.3849396517139,162.1592819101911,162.963756537308,336.53628603534105
13.12,3.309,0.0428,0.1276,155.8250368841793,177.84102469378226,216.50211701851754,165.78353274585328,165.13897948726157,343.8194662049413
13.14,3.309,0.0487,0.1364,164.4158689976653,180.03846005250483,219.17725571609287,168.90780142471542,166.98927254277322,349.7751116130276
13.16,3.284,0.0504,0.1417,166.61469205983667,180.41339902775303,219.6337031642211,169.47739632769287,167.35348018835592,351.45428964835924
13.18,3.341,0.05,0.1502,165.92639260503927,180.79490246103185,220.0981421264736,169.70375238263262,167.72856442869949,351.2700646798963
13.2,3.37,0.057,0.1554,175.62556654077918,183.38799011455603,223.25494448728563,173.3425960460011,169.84536302703052,357.46469281617993
13.22,3.378,0.0597,0.1618,179.07718928814907,184.30219316934304,224.36788733659154,174.58564177798738,170.629070881151,359.76595063949753
13.24,3.216,0.0642,0.164,184.45495582299097,184.07124301006962,224.0867306209543,174.97260468063152,170.52246420406271,363.1876799679788
13.26,3.191,0.0537,0.1783,169.84513897687623,180.63571282873392,219.90434605237175,169.7706438703488,167.89518765265964,354.96781926207393
13.28,3.944,0.0654,0.2858,185.8779341598993,190.49672824079457,231.90906046705425,181.24233474510328,176.02516313505572,364.8916361221536
13.3,4.584,0.0867,0.1962,213.48841830483542,201.46426828645747,245.26084834873083,195.0542571543895,184.21432029227833,379.0791632729402
13.32,4.071,0.1098,0.1954,238.59795879548577,202.57868606898637,246.61753086659212,198.90689288627013,184.75531906334322,390.7054026512079
13.34,3.784,0.1247,0.2107,253.2593054081177,202.62639218825467,246.67560788135353,200.65228334454807,184.8387494851184,397.15831327926855
13.36,3.632,0.1247,0.2107,252.64835467095824,201.15113315332175,244.87964036056565,199.1425264687881,183.82726888502117,397.1883553426831
13.38,3.323,0.1419,0.2174,268.44044700700783,200.45970518210194,244.03790196081977,200.4161438033263,183.5217452044636,403.8036014731986
13.4,3.184,0.1385,0.2287,264.0934566436791,198.30970626941976,241.4205119801632,197.8463636328103,182.10480644821885,402.55733151611554
13.42,2.954,0.1274,0.2365,251.65546733113035,193.80748521627606,235.93954721981436,192.1051465613674,178.97863667783085,398.13852685085715
13.44,2.823,0.1093,0.247,231.94766064592798,189.20556305223343,230.3372071940233,185.28001649968672,175.63888021891393,390.3018878703071
13.46,2.823,0.0957,0.2565,216.8819702432125,186.75926618680975,227.35910666220317,180.97888952456628,173.78424719629177,383.7619992517048
13.48,2.619,0.0779,0.2675,194.98522158503872,180.4455016080042,219.672784566266,172.15734376754241,169.0755207816285,373.56430388228
13.5,2.646,0.0689,0.2736,183.95970225922875,178.7143396393702,217.5652830392333,168.98958973923322,167.67786786922866,367.8153608866763
13.52,2.747,0.0573,0.2813,169.38231427790723,176.87426927237203,215.32519737506163,165.2455245647568,166.09318907512645,359.3391310979936
13.54,2.805,0.054,0.2884,164.99396001728596,176.56763398099864,214.9519022377375,164.3163296651856,165.84364196908024,356.7674049899405
13.56,2.827,0.0523,0.2939,162.55688927456652,176.29520893824866,214.62025435960706,163.67765921303908,165.65806084342884,355.4401531802689
13.58,2.753,0.0528,0.2984,162.64826031799115,175.6047203594663,213.77965956804596,162.96288595047125,165.22458475380773,355.94293165251776
13.6,2.76,0.0528,0.3012,162.48704164979043,175.70461637364807,213.90127210704983,162.9743117210101,165.35265131805014,356.08217692614807
13.62,2.703,0.0537,0.3061,163.16819888425798,175.3093301316146,213.42005407326997,162.6204124463944,165.15539127237778,356.94300991616205
13.64,2.591,0.054,0.2962,162.89044262975588,174.0999422007711,211.94775572267787,161.36572096447225,164.29494732840442,357.22236280365195
13.66,2.608,0.0629,0.3047,174.2557564902022,176.79165432596463,215.22462265769607,165.3637093385575,166.61320304671787,364.5306436319483
13.68,2.612,0.0698,0.3032,182.64395672283587,178.62047896683882,217.45101787267333,168.13737789386497,168.1643353054666,369.63777251524203
13.7,2.534,0.0785,0.3084,192.09699043266258,179.5464936604071,218.5783401083217,170.20420965553862,169.14083650305943,375.3801324330768
13.72,2.534,0.0773,0.3137,190.40208448771583,179.288386444033,218.26412262751842,169.66859018207026,168.9932335396903,374.7674370665876
13.74,2.506,0.0768,0.3202,189.28560089778452,178.78178477199734,217.64739015721415,168.97978172017375,168.7005076916425,374.5586381263107
13.76,2.411,0.0755,0.3232,186.74504149685794,177.14652053962817,215.6566337004169,167.04776171974294,167.59449257526805,373.7589338365732
13.78,2.41,0.074,0.3334,184.59936882244818,176.77264619881325,215.20148232899004,166.34117683867467,167.3731510162645,372.9210146057764
13.8,2.536,0.0718,0.333,182.8226017371634,178.09575317762807,216.81222125972116,167.27046030510692,168.2519203599579,371.73721972404593
13.82,2.633,0.0695,0.3352,180.5415006430528,178.87335100739884,217.75886209596382,167.63033145196698,168.77523503896853,370.40569150186917
13.84,2.87,0.0703,0.3383,182.7184907480397,182.05467911509987,221.63178327055638,170.84982298704574,171.1141566522205,371.3297152034127
13.86,3.901,0.063,0.3566,177.2518276294937,190.1576907378191,231.49631915908412,178.03458615102602,177.29749658777214,367.0412084765464
13.88,4.131,0.063,0.3566,177.6405528843243,192.00074446606794,233.7400367413001,179.88145274548012,178.83779570983657,367.33082161693113
13.9,4.291,0.0633,0.3651,178.12436945296616,193.28530767483463,235.30385282153782,181.18341504851153,179.9620250577587,367.795079835557
13.92,4.26,0.0754,0.3382,192.82323825531614,196.74690911926348,239.51797631910335,186.06126712485562,182.47624456061627,376.371203643881
13.94,4.176,0.0935,0.3466,212.80140396605248,200.5868592336268,244.19269819745872,191.89649449797272,185.30611386598565,387.130487287297
13.96,4.094,0.1047,0.3636,224.09395567838746,202.27063554353717,246.24251283561046,194.70701210891926,186.59535677431904,392.9512990684171
13.98,4.094,0.1177,0.3819,236.84767672515594,204.75524172363666,249.26725079399247,198.45771904302077,188.49183908401895,399.12037956692484
14.0,4.048,0.1176,0.393,236.23719736951386,204.31322764242142,248.72914669512176,197.89392812236653,188.24691044580106,399.1872669814631
14.02,3.946,0.1178,0.394,,,,,,
14.04,3.792,0.112,0.406,,,,,,
14.06,3.744,0.1097,0.4158,,,,,,
14.08,3.555,0.1033,0.4139,,,,,,
14.1,3.48,0.103,0.4183,,,,,,
14.12,3.304,0.1099,0.4208,,,,,,
14.14,3.273,0.1099,0.4208,,,,,,
14.16,3.821,0.106,0.4279,,,,,,
14.18,5.585,0.1048,0.4237,,,,,,
14.2,4.232,0.0969,0.0133,,,,,,
14.22,3.258,0.1221,-0.0057,,,,,,
14.24,3.258,0.1126,-0.0088,,,,,,
14.26,3.237,0.1048,-0.0076,,,,,,
14.28,3.538,0.1017,0.0008,,,,,,
14.3,3.538,0.1239,0.0007,,,,,,
14.32,3.526,0.1387,0.0013,,,,,,
14.34,3.603,0.1417,0.0025,,,,,,
14.36,3.871,0.1386,0.0028,,,,,,
14.38,4.295,0.1465,0.0035,,,,,,
14.4,4.309,0.1521,0.0045,,,,,,
14.42,4.704,0.1511,0.0057,,,,,,
14.44,4.501,0.1579,0.0058,,,,,,
14.46,4.705,0.1579,0.0065,,,,,,
14.48,4.705,0.1644,0.0069,,,,,,
14.5,4.734,0.1773,0.0076,,,,,,
14.52,4.734,0.1977,0.008,,,,,,
14.54,4.553,0.2129,0.0083,,,,,,
14.56,4.553,0.2273,0.0091,,,,,,
14.58,4.523,0.2243,0.0098,,,,,,
14.6,4.494,0.2281,0.0103,,,,,,
14.62,4.558,0.2266,0.0107,,,,,,
14.64,4.553,0.2239,0.0115,,,,,,
14.66,4.49,0.2219,0.012,,,,,,
14.68,4.373,0.2234,0.0125,,,,,,
14.7,4.193,0.2281,0.0127,,,,,,
14.72,7.691,0.2281,0.0121,,,,,,
14.74,23.762,0.2023,0.014,,,,,,
14.76,45.309,0.1597,0.0296,,,,,,
14.78,45.309,0.1597,0.0296,,,,,,
