Depth,Qc,Fc,u
0,0.0308,0,-0.0002
0.01,0.0999,0,-0.0002
0.02,0.1422,0,-0.0002
0.03,0.0923,0.0004,-0.0002
0.04,0.0898,0.0009,-0.0001
0.05,0.0886,0.0017,0
0.06,0.0943,0.0034,0.0006
0.07,0.0999,0.0041,0.001
0.08,0.2076,0.0045,0.0012
0.09,0.5843,0.0044,0
0.09999999,0.9418,0.0044,-0.0005
0.11,0.9495,0.0028,-0.0007
0.12,0.9995,0.0024,-0.0008
0.13,1.0764,0.0023,-0.0007
0.14,0.8419,0.0023,-0.0006
0.15,0.692,0.0023,-0.0006
0.16,0.5651,0.0023,-0.0006
0.17,0.5199,0.0022,-0.0005
0.18,0.5191,0.0022,-0.0005
0.19,0.5248,0.0021,-0.0004
0.2,0.5305,0.0019,-0.0004
0.21,0.5997,0.0018,-0.0004
0.22,0.5882,0.0017,-0.0004
0.23,0.6132,0.0017,-0.0004
0.2400001,0.6381,0.0017,-0.0004
0.2500001,0.6228,0.0016,-0.0004
0.2600001,0.6574,0.0016,-0.0004
0.27,0.6727,0.0015,-0.0004
0.28,0.6881,0.0015,-0.0004
0.29,0.6766,0.0015,-0.0004
0.3,0.6535,0.0015,-0.0004
0.31,0.6305,0.0015,-0.0004
0.32,0.6343,0.0015,-0.0004
0.33,0.5997,0.0016,-0.0006
0.34,0.542,0.0019,-0.0007
0.35,0.4844,0.0026,-0.0007
0.36,0.4767,0.0026,-0.0008
0.3699999,0.4921,0.0026,-0.0008
0.3799999,0.4344,0.0026,-0.0009
0.3899999,0.4306,0.0029,-0.0009
0.3999999,0.419,0.0032,-0.0009
0.4099999,0.4036,0.0038,-0.001
0.4199999,0.3902,0.0038,-0.001
0.4299999,0.3767,0.0039,-0.001
0.4399999,0.3883,0.0037,-0.001
0.4499999,0.3575,0.0035,-0.001
0.4599999,0.346,0.0036,-0.001
0.4699998,0.3575,0.0036,-0.001
0.4799998,0.3229,0.0037,-0.001
0.4899998,0.2883,0.0039,-0.001
0.4999998,0.2818,0.004,-0.001
0.5099998,0.282,0.004,-0.001
0.5199998,0.2821,0.0037,-0.001
0.5299998,0.2845,0.0034,-0.001
0.5399998,0.2922,0.0032,-0.001
0.5499998,0.2998,0.0032,-0.001
0.5599998,0.2768,0.0032,-0.001
0.5699998,0.2806,0.0032,-0.001
0.5799997,0.2691,0.0031,-0.001
0.5899997,0.2695,0.0031,-0.001
0.5999997,0.2698,0.003,-0.001
0.6099997,0.271,0.0023,-0.001
0.6199997,0.2806,0.0008,-0.001
0.6299997,0.3037,0.0004,-0.0011
0.6399997,0.2768,0.0003,-0.0011
0.6499997,0.2786,0.0002,-0.0011
0.6599997,0.2805,0.0001,-0.0011
0.6699997,0.2874,0.0001,-0.0011
0.6799996,0.3229,0,-0.001
0.6899996,0.3729,0,-0.0011
0.6999996,0.3921,-0.0001,-0.0011
0.7099996,0.3921,-0.0001,-0.0011
0.7199996,0.3806,-0.0001,-0.0011
0.7299996,0.379,-0.0001,-0.0012
0.7399996,0.3786,0,-0.0012
0.7499996,0.3796,0,-0.0012
0.7599996,0.3806,-0.0001,-0.0012
0.7699996,0.4267,-0.0002,-0.0012
0.7799996,0.4652,-0.0003,-0.0012
0.7899995,0.4844,-0.0003,-0.0012
0.7999995,0.5036,-0.0003,-0.0012
0.8099995,0.3998,-0.0003,-0.0012
0.8199995,0.3383,-0.0003,-0.0012
0.8299995,0.3382,-0.0003,-0.0012
0.8399995,0.3382,-0.0002,-0.0012
0.8499995,0.3383,-0.0001,-0.0012
0.8599995,0.3883,-0.0001,-0.0012
0.8699995,0.4575,-0.0001,-0.0012
0.8799995,0.4921,-0.0001,-0.0012
0.8899994,0.4498,0,-0.0012
0.8999994,0.4053,0.0001,-0.0012
0.9099994,0.3848,0.0003,-0.0012
0.9199994,0.3947,0.0008,-0.0012
0.9299994,0.4047,0.0008,-0.0012
0.9399994,0.4267,0.0008,-0.0012
0.9499994,0.4613,0.0008,-0.0012
0.9599994,0.4844,0.0008,-0.0012
0.9699994,0.5382,0.0009,-0.0012
0.9799994,0.5459,0.0009,-0.0012
0.9899994,0.4565,0.0009,-0.0012
0.9999993,0.4147,0.0019,-0.0012
1.009999,0.4034,0.0017,-0.0012
1.019999,0.3921,0.0019,-0.0012
1.029999,0.4152,0.002,-0.0012
1.039999,0.3652,0.0021,-0.0012
1.049999,0.346,0.0019,-0.0012
1.059999,0.3344,0.0018,-0.0012
1.069999,0.296,0.0009,-0.0012
1.079999,0.296,0.0009,-0.0012
1.089999,0.2964,0.0009,-0.0012
1.099999,0.2968,0.0009,-0.0012
1.109999,0.2989,0.0009,-0.0012
1.119999,0.3114,0.0009,-0.0012
1.129999,0.3268,0.0013,-0.0012
1.139999,0.3306,0.0013,-0.0012
1.149999,0.3344,0.0014,-0.0012
1.159999,0.3287,0.0015,-0.0012
1.169999,0.3229,0.0015,-0.0012
1.179999,0.3229,0.0015,-0.0012
1.189999,0.296,0.0015,-0.0012
1.199999,0.2883,0.0015,-0.0012
1.209999,0.2614,0.0014,-0.0012
1.219999,0.2537,0.0014,-0.0012
1.229999,0.2383,0.0013,-0.0012
1.239999,0.2307,0.0013,-0.0012
1.249999,0.223,0.001,-0.0012
1.259999,0.2153,0.0008,-0.0012
1.269999,0.2114,0,-0.0012
1.279999,0.2076,0.0001,-0.0012
1.289999,0.1999,-0.0006,-0.0012
1.299999,0.1976,-0.0006,-0.0012
1.309999,0.1981,-0.0007,-0.0012
1.319999,0.1985,-0.0013,-0.0012
1.329999,0.1999,-0.0013,-0.0012
1.339999,0.2191,-0.0013,-0.0012
1.349999,0.2153,-0.0012,-0.0012
1.359999,0.2345,-0.0011,-0.0011
1.369999,0.2537,-0.0008,-0.0011
1.379999,0.2729,-0.0004,-0.0011
1.389999,0.3229,0.0019,-0.001
1.399999,0.3537,0.0032,-0.0008
1.409999,0.3844,0.005,-0.0008
1.419999,0.4652,0.0052,-0.0008
1.429999,0.592,0.0054,-0.0008
1.439999,0.7842,0.0054,-0.0008
1.449999,1.2032,0.0055,-0.0008
1.459999,1.7491,0.0056,-0.0008
1.469999,2.4526,0.0066,-0.0008
1.479999,3.4983,0.0074,-0.0008
1.489999,4.7976,0.0078,-0.0008
1.499999,6.1431,0.019,-0.0009
1.509999,7.3886,0.0181,-0.0009
1.519999,8.3458,0.0196,-0.0009
1.529999,8.9609,0.0213,-0.001
1.539999,9.4722,0.0211,-0.001
1.549999,9.8835,0.023,-0.001
1.559999,9.8605,0.0244,-0.001
1.569999,10.045,0.0256,-0.001
1.579999,10.1334,0.0269,-0.0009
1.589999,10.2564,0.0284,-0.0009
1.599999,10.4102,0.0291,-0.0009
1.609999,10.5639,0.03,-0.0008
1.619999,10.6408,0.0305,-0.0008
1.629999,10.7062,0.031,-0.0008
1.639999,10.7369,0.0311,-0.0008
1.649999,10.687,0.0312,-0.0008
1.659999,10.5101,0.0315,-0.0008
1.669999,10.3564,0.0316,-0.0008
1.679999,10.1065,0.0316,-0.0008
1.689999,9.8989,0.0316,-0.0008
1.699999,9.7451,0.0316,-0.0008
1.709999,9.5721,0.0316,-0.0008
1.719999,9.4222,0.0316,-0.0008
1.729999,9.2185,0.0315,-0.0008
1.739999,9.0301,0.0312,-0.0008
1.749999,8.8725,0.0291,-0.0007
1.759999,8.6418,0.0283,-0.0007
1.769999,8.3689,0.0275,-0.0006
1.779999,8.0767,0.0277,-0.0006
1.789999,7.7231,0.0269,-0.0006
1.799999,7.4347,0.026,-0.0006
1.809999,7.108,0.0256,-0.0006
1.819999,6.5006,0.0247,-0.0006
1.829999,6.2469,0.0245,-0.0006
1.839999,6.0008,0.0242,-0.0007
1.849999,5.952,0.0243,-0.0007
1.859999,5.9287,0.0241,-0.0007
1.869999,5.93,0.024,-0.0007
1.879999,5.9312,0.0234,-0.0007
1.889999,5.9893,0.0229,-0.0007
1.899999,6.0893,0.0228,-0.0006
1.909999,6.1508,0.0228,-0.0006
1.919999,6.097,0.0228,-0.0005
1.929999,6.0393,0.0228,-0.0005
1.939999,5.4973,0.0227,-0.0004
1.949998,5.528,0.0215,-0.0002
1.959998,5.4434,0.0214,-0.0002
1.969998,5.3742,0.0211,-0.0002
1.979998,5.3358,0.0213,-0.0002
1.989998,5.2666,0.0204,-0.0002
1.999998,5.2051,0.0173,-0.0002
2.009999,5.0398,0.0171,-0.0002
2.019999,4.7284,0.0164,-0.0002
2.029999,4.4555,0.0162,-0.0001
2.039999,4.3017,0.0159,-0.0001
2.049999,4.0864,0.0157,0
2.059999,3.8711,0.0153,0.0004
2.069999,3.7789,0.0151,0.0002
2.079998,3.7888,0.015,0.0006
2.089998,3.7988,0.0156,0.0006
2.099998,3.8422,0.0162,0.0006
2.109998,3.9326,0.0167,0.0007
2.119998,4.5516,0.0167,0.0008
2.129998,5.4434,0.0183,0.001
2.139998,5.8663,0.0178,0.001
2.149998,6.6082,0.0192,0.0014
2.159998,6.935,0.0203,0.0014
2.169998,7.4194,0.0214,0.0014
2.179998,7.9076,0.0239,0.0014
2.189998,8.1267,0.0252,0.0014
2.199998,8.7456,0.0266,0.0015
2.209998,9.0762,0.0282,0.0015
2.219998,9.8297,0.0312,0.0017
2.229998,10.4602,0.0334,0.0017
2.239998,10.7023,0.0338,0.0016
2.249998,11.1598,0.0356,0.0015
2.259998,11.3482,0.0368,0.0015
2.269998,11.6941,0.0386,0.0015
2.279998,11.8595,0.0409,0.0014
2.289998,11.9325,0.0422,0.0014
2.299998,12.0286,0.0423,0.0014
2.309998,12.0517,0.0422,0.0013
2.319998,12.1132,0.042,0.0012
2.329998,12.1055,0.0406,0.0012
2.339998,12.0939,0.0393,0.0012
2.349998,11.9978,0.0392,0.0012
2.359998,11.9556,0.0396,0.0012
2.369998,11.8748,0.04,0.0013
2.379998,11.8018,0.0408,0.0014
2.389998,11.7826,0.0419,0.0017
2.399998,11.7744,0.0433,0.0022
2.409998,11.796,0.0443,0.0033
2.419998,11.8175,0.0447,0.0025
2.429998,11.8633,0.0447,0.0023
2.439998,12.0401,0.0447,0.0017
2.449998,12.1747,0.0447,0.0016
2.459998,12.1785,0.0448,0.0016
2.469998,12.1968,0.0448,0.0016
2.479998,12.215,0.0451,0.0016
2.489998,12.265,0.0458,0.0016
2.499998,12.3784,0.0463,0.0016
2.509998,12.536,0.0466,0.0016
2.519998,12.6629,0.0475,0.0017
2.529998,12.8128,0.048,0.0017
2.539998,13.178,0.0506,0.0018
2.549998,13.3818,0.0512,0.0019
2.559998,13.4971,0.0515,0.0019
2.569998,13.5509,0.0521,0.002
2.579998,13.6201,0.0535,0.0021
2.589998,13.6932,0.0557,0.0021
2.599998,13.8469,0.0555,0.0022
2.609998,14.1276,0.0559,0.0022
2.619998,14.2544,0.0564,0.0023
2.629998,14.3967,0.0571,0.0023
2.639998,14.4851,0.0573,0.0023
2.649998,14.4236,0.058,0.0023
2.659998,14.1698,0.0581,0.0023
2.669998,13.9584,0.0579,0.0023
2.679998,13.6932,0.0577,0.0022
2.689998,13.4279,0.0573,0.0022
2.699998,13.2741,0.057,0.0022
2.709998,13.1434,0.0565,0.0021
2.719998,13.0973,0.056,0.0021
2.729998,13.0665,0.0559,0.0021
2.739998,12.932,0.0558,0.002
2.749998,12.7436,0.0554,0.002
2.759998,12.3823,0.0549,0.0019
2.769998,12.1324,0.0551,0.0019
2.779998,11.8479,0.0546,0.0018
2.789998,11.5827,0.0541,0.0018
2.799998,11.4097,0.0525,0.0017
2.809998,10.9176,0.0518,0.0017
2.819998,10.8369,0.0513,0.0016
2.829998,10.7408,0.05,0.0016
2.839998,10.6831,0.0495,0.0016
2.849998,10.6754,0.0485,0.0017
2.859998,10.6985,0.0474,0.0017
2.869998,10.5486,0.0474,0.0017
2.879998,10.4179,0.0469,0.0017
2.889998,10.2372,0.0466,0.0017
2.899998,10.0873,0.0462,0.0017
2.909998,9.8605,0.0462,0.0017
2.919998,9.3991,0.045,0.0017
2.929998,9.1454,0.0443,0.0017
2.939998,8.8802,0.0434,0.0017
2.949998,8.5803,0.0417,0.0015
2.959998,8.3074,0.0405,0.0015
2.969998,7.7231,0.0382,0.0015
2.979998,7.404,0.037,0.0014
2.989998,7.0619,0.0352,0.0014
2.999998,6.7197,0.0335,0.0014
3.009998,6.3853,0.0318,0.0013
3.019998,6.0931,0.0287,0.0013
3.029998,5.5088,0.0274,0.0013
3.039998,5.2589,0.0261,0.0013
3.049998,5.0013,0.0247,0.0015
3.059998,4.7822,0.0235,0.0014
3.069998,4.5516,0.0213,0.0015
3.079998,4.1633,0.0202,0.0015
3.089998,4.0211,0.0193,0.0016
3.099998,3.8865,0.0182,0.0016
3.109998,3.775,0.0173,0.0016
3.119998,3.7747,0.0166,0.0017
3.129997,3.7905,0.0163,0.0017
3.139997,3.8063,0.0162,0.0018
3.149997,3.8788,0.0164,0.0018
3.159997,4.1095,0.0165,0.0018
3.169997,4.4632,0.0185,0.0018
3.179997,4.8976,0.0192,0.0019
3.189997,6.0162,0.0192,0.0019
3.199997,6.6044,0.0208,0.0023
3.209997,7.2002,0.0223,0.0023
3.219997,7.7423,0.0237,0.0025
3.229997,8.1229,0.0248,0.0025
3.239997,8.4765,0.0258,0.0027
3.249997,8.4842,0.0268,0.0027
3.259997,8.3996,0.0275,0.0027
3.269997,8.4148,0.0274,0.0027
3.279997,8.4299,0.0281,0.0027
3.289997,8.4779,0.0294,0.0027
3.299997,8.5765,0.0307,0.0027
3.309997,8.9109,0.0306,0.0027
3.319997,9.28,0.0306,0.0028
3.329997,9.6836,0.0304,0.0029
3.339997,10.0296,0.0305,0.0029
3.349997,10.2795,0.0306,0.0029
3.359997,10.4563,0.0311,0.0029
3.369997,10.5563,0.0323,0.003
3.379997,10.6831,0.0344,0.0031
3.389997,10.7908,0.0349,0.0032
3.399997,10.8946,0.0355,0.0036
3.409997,10.8369,0.0377,0.0043
3.419997,10.9522,0.039,0.0043
3.429997,11.0675,0.0392,0.0043
3.439997,11.5212,0.0395,0.0043
3.449997,11.8671,0.0397,0.0041
3.459997,12.0248,0.0417,0.0041
3.469997,12.1439,0.0413,0.0039
3.479997,12.3823,0.0423,0.0039
3.489997,12.4015,0.0446,0.0037
3.499997,12.4322,0.0453,0.0035
3.509997,12.6283,0.0466,0.0035
3.519997,12.7744,0.0479,0.0033
3.529997,13.2165,0.049,0.0031
3.539997,13.451,0.0499,0.0031
3.549997,13.5624,0.0506,0.0029
3.559997,13.7162,0.0514,0.0028
3.569997,13.7931,0.0515,0.0028
3.579997,13.8431,0.0515,0.0027
3.589997,13.8892,0.0519,0.0027
3.599997,13.8738,0.0522,0.0027
3.609997,13.8777,0.0526,0.0027
3.619997,13.8873,0.053,0.0027
3.629997,13.8969,0.0529,0.0026
3.639997,13.9623,0.0533,0.0026
3.649997,14.1698,0.0537,0.0025
3.659997,14.4043,0.0546,0.0025
3.669997,14.5158,0.0563,0.0024
3.679997,14.7734,0.058,0.0024
3.689997,14.9579,0.0619,0.0023
3.699997,15.0348,0.0621,0.0023
3.709997,15.1155,0.0624,0.0017
3.719997,15.1309,0.0629,0.0017
3.729997,15.1655,0.063,0.0015
3.739997,14.9464,0.0632,0.001
3.749997,14.4735,0.064,0.001
3.759997,14.0814,0.0643,0.001
3.769997,13.8008,0.0644,0.001
3.779997,13.3356,0.0644,0.001
3.789997,12.9243,0.0641,0.001
3.799997,12.3669,0.0637,0.0009
3.809997,11.8902,0.0632,0.0009
3.819997,11.525,0.0605,0.0009
3.829997,11.3905,0.0527,0.0009
3.839997,11.2559,0.0523,0.001
3.849997,11.236,0.0518,0.0009
3.859997,11.2713,0.0517,0.0008
3.869997,11.3067,0.0516,0.0008
3.879997,11.3866,0.0516,0.0008
3.889997,11.4174,0.0515,0.0008
3.899997,11.4251,0.0512,0.0008
3.909997,11.4251,0.0508,0.0007
3.919997,11.1867,0.0494,0.0007
3.929997,11.1137,0.0494,0.0007
3.939997,10.8946,0.0494,0.0007
3.949997,10.6562,0.0473,0.0007
3.959997,10.6139,0.046,0.0008
3.969997,10.6137,0.0447,0.0008
3.979997,10.6138,0.0449,0.0008
3.989997,10.6139,0.0434,0.0008
3.999997,10.7216,0.042,0.0008
4.009997,10.833,0.0412,0.0008
4.019997,11.2751,0.0398,0.0008
4.029997,11.5327,0.0388,0.0008
4.039998,11.6634,0.0384,0.0008
4.049998,11.821,0.0383,0.0008
4.059998,11.8787,0.0384,0.0006
4.069998,11.8633,0.0385,0.0006
4.079998,11.8825,0.0393,0.0004
4.089999,11.5865,0.041,0.0004
4.099999,11.3789,0.0424,0.0003
4.109999,11.0637,0.043,0.0002
4.119999,10.8061,0.0428,0.0002
4.13,10.66,0.0426,0.0002
4.14,10.2026,0.042,0.0001
4.15,10.0027,0.0408,0.0002
4.16,9.9297,0.0409,0.0002
4.170001,9.934,0.0395,0.0006
4.180001,9.9383,0.0389,0.0006
4.190001,9.9527,0.0382,0.0006
4.200001,10.068,0.0381,0.0006
4.210001,10.5178,0.0383,0.0006
4.220002,10.9368,0.0385,0.0006
4.230002,11.3635,0.0403,0.0006
4.240002,11.8364,0.0446,0.0006
4.250002,12.39,0.0461,0.0006
4.260003,12.7782,0.0503,0.0006
4.270003,13.1588,0.0551,0.0004
4.280003,13.3933,0.0602,0.0003
4.290003,13.5586,0.0623,0.0002
4.300004,13.5586,0.0624,0.0002
4.310004,13.1088,0.0621,0.0002
4.320004,12.8935,0.0618,0.0002
4.330004,12.5207,0.061,0.0002
4.340004,12.3669,0.0572,0.0002
4.350005,12.2823,0.0473,0.0002
4.360005,12.2592,0.0464,0.0002
4.370005,12.2439,0.0459,0.0002
4.380005,12.1093,0.0458,0.0002
4.390006,11.9863,0.0457,0.0002
4.400006,11.2674,0.0455,0.0002
4.410006,10.7946,0.0454,0.0002
4.420006,9.9066,0.0454,0
4.430007,9.0186,0.0454,-0.0002
4.440007,8.7379,0.0457,-0.0003
4.450007,7.2541,0.0479,-0.0004
4.460007,6.2853,0.0514,-0.0004
4.470007,5.4934,0.0656,-0.0004
4.480008,4.6554,0.067,-0.0004
4.490008,4.0249,0.0811,-0.0004
4.500008,3.4367,0.0845,-0.0004
4.510008,2.9447,0.0861,0
4.520009,2.4449,0.0862,0.0004
4.530009,2.2181,0.0861,0.001
4.540009,2.0605,0.0859,0.0015
4.550009,1.9029,0.0835,0.0043
4.560009,1.784,0.0853,0.0043
4.57001,1.7286,0.0824,0.006
4.58001,1.7177,0.0804,0.0093
4.59001,1.7123,0.078,0.0321
4.60001,1.7672,0.0766,0.0635
4.610011,1.8222,0.0665,0.0693
4.620011,1.8991,0.0591,0.0772
4.630011,2.0105,0.0462,0.0871
4.640011,2.1028,0.0366,0.0854
4.650012,2.1758,0.0338,0.085
4.660012,2.2258,0.0327,0.0847
4.670012,2.2143,0.0316,0.085
4.680012,2.0374,0.0303,0.0849
4.690012,1.9336,0.0313,0.0849
4.700013,1.826,0.0264,0.085
4.710013,1.7568,0.0233,0.0854
4.720013,1.6799,0.022,0.0859
4.730013,1.5608,0.0208,0.0865
4.740014,1.4416,0.0199,0.0875
4.750014,1.2455,0.0182,0.0887
4.760014,1.1571,0.0174,0.0902
4.770014,1.0802,0.0174,0.0941
4.780015,1.0471,0.0172,0.097
4.790015,1.0319,0.0171,0.0999
4.800015,1.0465,0.0175,0.1016
4.810015,1.061,0.018,0.1049
4.820015,1.161,0.0204,0.1092
4.830016,1.4531,0.0312,0.1129
4.840016,1.9836,0.0359,0.1183
4.850016,2.7755,0.0412,0.1177
4.860016,3.8135,0.045,0.1088
4.870017,5.0244,0.0494,0.0728
4.880017,6.3391,0.0522,0.0552
4.890017,7.5155,0.0547,0.0372
4.900017,9.1916,0.0598,0.0172
4.910017,9.626,0.0621,-0.0004
4.920018,9.9027,0.0621,-0.0312
4.930018,10.0527,0.0618,-0.0327
4.940018,10.1834,0.0615,-0.0333
4.950018,10.241,0.0599,-0.0335
4.960019,10.341,0.0578,-0.0335
4.970019,10.5985,0.0557,-0.0335
4.980019,10.7408,0.0528,-0.0335
4.990019,10.933,0.0515,-0.0329
5.00002,11.0944,0.0509,-0.0329
5.01002,11.1598,0.0508,-0.0325
5.02002,11.0829,0.0508,-0.0321
5.03002,10.8292,0.0508,-0.0275
5.04002,10.2218,0.0507,-0.0236
5.050021,9.8912,0.0505,-0.0166
5.060021,9.5529,0.0501,-0.0087
5.070021,9.2146,0.0492,-0.0068
5.080021,8.8802,0.0471,-0.006
5.090022,8.5303,0.0451,-0.0054
5.100022,8.1997,0.0427,-0.0043
5.110022,7.5424,0.0407,-0.0035
5.120022,7.479,0.0386,-0.0035
5.130023,7.5003,0.0355,-0.0033
5.140023,7.5217,0.0354,-0.0034
5.150023,7.5731,0.0354,-0.0034
5.160023,7.9537,0.0354,-0.0033
5.170023,8.4842,0.0354,-0.0033
5.180024,9.0762,0.0355,-0.0033
5.190024,9.6452,0.0356,-0.0031
5.200024,10.6178,0.0374,-0.0029
5.210024,10.9522,0.0386,-0.0029
5.220025,11.1521,0.0402,-0.003
5.230025,11.2559,0.0411,-0.003
5.240025,11.229,0.0422,-0.0031
5.250025,11.1444,0.0434,-0.0031
5.260026,11.0483,0.0447,-0.0031
5.270026,10.9714,0.0453,-0.0031
5.280026,10.933,0.0453,-0.0033
5.290026,10.7677,0.0453,-0.0034
5.300026,10.6024,0.0452,-0.0035
5.310027,10.3871,0.0448,-0.0035
5.320027,10.1219,0.0442,-0.0037
5.330027,9.8143,0.0421,-0.0039
5.340027,9.2185,0.0398,-0.0041
5.350028,8.9301,0.0359,-0.0041
5.360028,8.6034,0.032,-0.0045
5.370028,8.3151,0.0292,-0.0046
5.380028,8.0767,0.0261,-0.0047
5.390028,7.8653,0.0255,-0.0047
5.400029,7.6885,0.0245,-0.0047
5.410029,7.3079,0.0244,-0.0046
5.420029,6.9427,0.0243,-0.0043
5.430029,6.8197,0.0242,-0.0043
5.44003,6.6621,0.0242,-0.0041
5.45003,6.2853,0.0239,-0.0042
5.46003,6.07,0.0238,-0.0041
5.47003,5.6626,0.0229,-0.004
5.480031,5.4819,0.0217,-0.0039
5.490031,5.3127,0.0212,-0.0031
5.500031,5.1051,0.0206,-0.0031
5.510031,5.0129,0.0201,-0.0027
5.520031,4.9321,0.0198,-0.0025
5.530032,4.8437,0.0182,-0.0023
5.540032,4.7399,0.0173,-0.0021
5.550032,4.5862,0.0165,-0.0021
5.560032,4.5016,0.0165,-0.0021
5.570033,4.4209,0.0164,-0.0021
5.580033,4.3017,0.0164,-0.002
5.590033,4.3033,0.0163,-0.0019
5.600033,4.3048,0.0163,-0.0017
5.610034,4.3406,0.0164,-0.0017
5.620034,4.4209,0.0172,-0.0016
5.630034,4.6669,0.0193,-0.0015
5.640034,4.936,0.021,-0.0017
5.650034,5.1705,0.0227,-0.0021
5.660035,5.3204,0.0237,-0.0031
5.670035,5.2666,0.0258,-0.0032
5.680035,5.132,0.0266,-0.0028
5.690035,5.1382,0.0279,-0.0024
5.700036,5.1443,0.0286,-0.0015
5.710036,5.1686,0.0283,-0.0006
5.720036,5.3704,0.0281,0
5.730036,5.8163,0.0275,0.0008
5.740036,6.3045,0.0253,-0.0021
5.750037,6.8389,0.0229,-0.0074
5.760037,7.3502,0.0213,-0.0151
5.770037,7.7653,0.0198,-0.0312
5.780037,8.1421,0.0188,-0.0377
5.790038,8.4535,0.0183,-0.0409
5.800038,8.8302,0.0184,-0.04
5.810038,8.9417,0.0183,-0.0392
5.820038,8.9532,0.0183,-0.0368
5.830039,8.9071,0.0183,-0.0312
5.840039,8.834,0.0183,-0.0275
5.850039,8.7264,0.0201,-0.025
5.860039,8.3612,0.0223,-0.024
5.870039,8.0806,0.0281,-0.0232
5.88004,7.8192,0.0304,-0.0228
5.89004,7.5539,0.0334,-0.0225
5.90004,7.2387,0.0364,-0.0221
5.91004,6.8543,0.0391,-0.0219
5.920041,6.047,0.0412,-0.0217
5.930041,5.6356,0.0426,-0.0215
5.940041,5.3012,0.0434,-0.0207
5.950041,5.0013,0.0447,-0.0205
5.960042,4.7399,0.0459,-0.0203
5.970042,4.4747,0.0452,-0.0201
5.980042,3.8365,0.0467,-0.0199
5.990042,3.3945,0.055,-0.0199
6.000042,3.0023,0.058,-0.0197
6.010043,2.6487,0.0595,-0.0194
6.020043,2.3642,0.0591,-0.0188
6.030043,2.1912,0.0588,-0.0182
6.040043,2.1719,0.0578,-0.017
6.050044,2.1704,0.0563,-0.0118
6.060044,2.1943,0.0546,-0.0031
6.070044,2.2181,0.053,0.0221
6.080044,2.518,0.0532,0.0722
6.090044,2.8178,0.0512,0.073
6.100045,3.0023,0.0486,0.06
6.110045,3.1715,0.0445,0.0385
6.120045,3.652,0.0445,0.0325
6.130045,3.8558,0.0368,0.0317
6.140046,3.9365,0.0345,0.0327
6.150046,3.9903,0.0335,0.0209
6.160046,3.9211,0.0335,0.0027
6.170046,3.8827,0.0336,0.0027
6.180047,3.6712,0.0341,0.0027
6.190047,3.4867,0.0399,0.0029
6.200047,3.2022,0.0488,0.0033
6.210047,2.9216,0.0561,0.0037
6.220047,2.641,0.0607,0.0041
6.230048,2.4334,0.0637,0.0041
6.240048,2.413,0.0632,0.0048
6.250048,2.4205,0.0627,0.0074
6.260048,2.4279,0.0611,0.0101
6.270049,2.5141,0.0456,0.0112
6.280049,2.7563,0.0455,0.0118
6.290049,3.2292,0.0459,0.0126
6.300049,3.2676,0.0462,0.0139
6.31005,3.2215,0.0458,0.0136
6.32005,3.1561,0.0454,0.0137
6.33005,3.1555,0.0439,0.0145
6.34005,3.1577,0.0435,0.0153
6.35005,3.16,0.0431,0.0168
6.360051,4.5516,0.0391,0.0188
6.370051,5.824,0.0387,0.019
6.380051,7.0119,0.0379,0.0192
6.390051,8.0575,0.0375,0.0194
6.400052,9.6606,0.0376,0.012
6.410052,9.601,0.0376,0.0046
6.420052,10.0786,0.0375,-0.0062
6.430052,10.5563,0.0375,-0.0109
6.440053,11.1098,0.0365,-0.0124
6.450053,11.5365,0.0357,-0.0124
6.460053,11.7634,0.0357,-0.0124
6.470053,11.9287,0.0357,-0.0122
6.480053,12.1939,0.0357,-0.0116
6.490054,12.5476,0.0362,-0.0101
6.500054,13.0396,0.0367,-0.0093
6.510054,13.5894,0.0412,-0.0081
6.520054,13.8738,0.0406,-0.0089
6.530055,13.8008,0.0426,-0.0165
6.540055,13.9507,0.0441,-0.0183
6.550055,13.9546,0.0447,-0.0183
6.560055,14.6657,0.0453,-0.0175
6.570055,15.1809,0.0458,-0.0167
6.580056,15.5884,0.0459,-0.0151
6.590056,15.9728,0.0459,-0.0124
6.600056,16.1881,0.0458,-0.0077
6.610056,16.2265,0.0458,-0.0062
6.620057,16.2188,0.0457,-0.006
6.630057,16.2404,0.0457,-0.005
6.640057,16.2621,0.0457,-0.0052
6.650057,16.3092,0.0457,-0.0048
6.660058,16.4956,0.0464,-0.0048
6.670058,16.7878,0.047,-0.0047
6.680058,16.9646,0.0474,-0.0046
6.690058,17.103,0.0484,-0.0048
6.700058,17.2529,0.0489,-0.0079
6.710059,17.3759,0.052,-0.0088
6.720059,17.4605,0.0569,-0.0091
6.730059,17.4201,0.0569,-0.0084
6.740059,17.4019,0.0638,-0.0076
6.75006,17.4004,0.0644,-0.0039
6.76006,17.399,0.0651,-0.0021
6.77006,17.622,0.0651,-0.0015
6.78006,17.3952,0.0652,-0.0015
6.790061,17.4413,0.0652,-0.0014
6.800061,17.1453,0.065,-0.0012
6.810061,16.8224,0.0647,-0.0012
6.820061,16.5533,0.0636,-0.0012
6.830061,16.2803,0.0625,-0.0011
6.840062,15.9074,0.0618,-0.001
6.850062,15.3077,0.0611,-0.0007
6.860062,14.9925,0.0526,0
6.870062,14.5466,0.0511,0.001
6.880063,14.216,0.0485,0.0001
6.890063,13.8585,0.0471,-0.0008
6.900063,13.4779,0.0471,-0.0006
6.910063,12.9935,0.0445,-0.0012
6.920063,12.5591,0.0422,-0.001
6.930064,12.2362,0.0395,-0.0017
6.940064,11.7364,0.0375,-0.0017
6.950064,11.279,0.0354,-0.0018
6.960064,10.8177,0.0351,-0.0019
6.970065,10.3756,0.0337,-0.0019
6.980065,9.649,0.0322,-0.0023
6.990065,9.3991,0.0296,-0.0033
7.000065,9.2454,0.028,-0.0054
7.010066,9.2222,0.0269,-0.0063
7.020066,9.2124,0.0224,-0.0066
7.030066,9.2154,0.0217,-0.0067
7.040066,9.2185,0.0215,-0.0068
7.050066,9.5721,0.0213,-0.0066
7.060067,10.0642,0.0213,-0.0075
7.070067,11.3251,0.0214,-0.0074
7.080067,12.0171,0.0214,-0.0097
7.090067,12.6283,0.0216,-0.0228
7.100068,13.1511,0.0223,-0.0211
7.110068,13.6086,0.0237,-0.0246
7.120068,14.1276,0.0296,-0.0248
7.130068,14.5504,0.0315,-0.025
7.140069,14.881,0.0346,-0.025
7.150069,14.9963,0.0358,-0.025
7.160069,15.2539,0.0378,-0.0244
7.170069,15.2539,0.0396,-0.0238
7.180069,15.2039,0.0401,-0.0236
7.19007,15.1117,0.0401,-0.0226
7.20007,15.112,0.0402,-0.0226
7.21007,15.1123,0.0403,-0.0219
7.22007,15.1242,0.0404,-0.0219
7.230071,15.2001,0.0406,-0.0215
7.240071,15.45,0.0422,-0.0213
7.250071,15.7037,0.0426,-0.0209
7.260071,16.0112,0.0429,-0.0205
7.270072,16.3687,0.0431,-0.0201
7.280072,16.6378,0.0432,-0.0201
7.290072,16.8224,0.0434,-0.0197
7.300072,16.7762,0.0446,-0.0192
7.310072,16.7301,0.0446,-0.0192
7.320073,16.534,0.0446,-0.0191
7.330073,16.1573,0.0446,-0.0191
7.340073,15.7959,0.0443,-0.0191
7.350073,15.3539,0.0427,-0.019
7.360074,14.9694,0.0425,-0.019
7.370074,14.5273,0.0426,-0.0186
7.380074,13.8277,0.0426,-0.0186
7.390074,13.5663,0.0427,-0.0184
7.400074,13.278,0.0427,-0.018
7.410075,13.0589,0.0427,-0.018
7.420075,12.2592,0.0426,-0.0139
7.430075,12.1093,0.0417,-0.0136
7.440075,12.0632,0.0399,-0.0134
7.450076,12.0594,0.0393,-0.0132
7.460076,12.0725,0.0391,-0.0128
7.470076,12.0855,0.0391,-0.0126
7.480076,12.1631,0.0392,-0.0124
7.490077,12.2516,0.0394,-0.0124
7.500077,12.2554,0.0397,-0.0123
7.510077,12.167,0.0399,-0.0122
7.520077,12.0939,0.0399,-0.012
7.530077,12.0286,0.0399,-0.012
7.540078,11.9325,0.0399,-0.012
7.550078,11.8056,0.0398,-0.012
7.560078,11.7249,0.0397,-0.0119
7.570078,11.5942,0.0394,-0.0118
7.580079,11.6019,0.0381,-0.0116
7.590079,11.4904,0.0369,-0.0116
7.600079,11.3712,0.0368,-0.0115
7.610079,11.1252,0.0367,-0.0114
7.62008,10.8446,0.0366,-0.0114
7.63008,10.779,0.0359,-0.0114
7.64008,10.7881,0.0352,-0.0114
7.65008,10.7972,0.0339,-0.0113
7.66008,10.8292,0.032,-0.0112
7.670081,11.3674,0.0308,-0.011
7.680081,11.6941,0.0306,-0.011
7.690081,12.0094,0.0307,-0.0108
7.700081,12.5399,0.0308,-0.0099
7.710082,13.0396,0.031,-0.0097
7.720082,13.6355,0.033,-0.0093
7.730082,14.2044,0.0347,-0.0091
7.740082,14.7926,0.0367,-0.0087
7.750082,15.1347,0.0391,-0.0083
7.760083,15.4038,0.0399,-0.0081
7.770083,15.5576,0.0412,-0.0079
7.780083,15.6114,0.0421,-0.0075
7.790083,15.6576,0.043,-0.0072
7.800084,15.6652,0.0443,-0.007
7.810084,15.6614,0.0459,-0.007
7.820084,15.6845,0.0465,-0.0066
7.830084,15.7075,0.0471,-0.0068
7.840085,15.7114,0.047,-0.0062
7.850085,15.6883,0.0471,-0.006
7.860085,15.7383,0.0474,-0.006
7.870085,15.6268,0.0475,-0.0059
7.880085,15.5807,0.0475,-0.0058
7.890086,15.5345,0.0475,-0.0058
7.900086,15.6037,0.0475,-0.0058
7.910086,15.3269,0.0474,-0.0058
7.920086,15.1732,0.0469,-0.0057
7.930087,14.7964,0.0465,-0.0056
7.940087,14.7042,0.0467,-0.0055
7.950087,14.462,0.0464,-0.0054
7.960087,14.216,0.0461,-0.0054
7.970088,13.9315,0.0463,-0.0052
7.980088,13.77,0.046,-0.005
7.990088,13.5202,0.0458,-0.005
8.000088,13.2895,0.0448,-0.0046
8.010088,13.055,0.0422,-0.0049
8.020088,12.6821,0.0416,-0.005
8.030088,12.4515,0.0415,-0.005
8.040089,12.2862,0.0414,-0.0052
8.050089,12.044,0.0412,-0.0052
8.060089,11.8633,0.041,-0.0053
8.070089,11.7249,0.0385,-0.0054
8.08009,11.0906,0.0367,-0.0054
8.09009,10.5755,0.0359,-0.0055
8.10009,10.2487,0.0343,-0.0055
8.11009,9.8297,0.0336,-0.0054
8.12009,9.4683,0.0325,-0.0054
8.130091,9.1954,0.0319,-0.005
8.140091,8.7725,0.0307,-0.0052
8.150091,8.4419,0.031,-0.0054
8.160091,7.9499,0.0301,-0.0056
8.170092,7.5232,0.0292,-0.0058
8.180092,7.0119,0.0291,-0.0058
8.190092,6.6813,0.0287,-0.0058
8.200092,6.2699,0.0282,-0.0058
8.210093,5.6318,0.0282,-0.0058
8.220093,5.3665,0.0281,-0.0058
8.230093,4.9898,0.0281,-0.006
8.240093,4.3901,0.0282,-0.0064
8.250093,3.8711,0.0282,-0.0066
8.260094,3.4098,0.0289,-0.0068
8.270094,3.0792,0.029,-0.0069
8.280094,2.764,0.0291,-0.0069
8.290094,2.4065,0.0291,-0.0069
8.300095,2.0144,0.0294,-0.0069
8.310095,1.7414,0.0295,-0.0069
8.320095,1.4531,0.0294,-0.0069
8.330095,1.0418,0.0293,-0.0068
8.340096,0.9265,0.0265,-0.0066
8.350096,0.9224,0.0196,-0.0066
8.360096,0.9278,0.019,-0.0064
8.370096,0.9332,0.0189,-0.0062
8.380096,0.9687,0.0188,-0.0041
8.390097,1.134,0.0191,-0.0035
8.400097,1.4262,0.0193,-0.0025
8.410097,1.8106,0.0219,-0.0017
8.420097,2.2643,0.023,0.0027
8.430098,2.8524,0.0238,0.0023
8.440098,3.0639,0.0238,0.0021
8.450098,3.3906,0.0238,0.0012
8.460098,3.6097,0.0234,0.0014
8.470098,3.6636,0.0227,0.0006
8.480099,3.629,0.0228,0.0004
8.490099,3.5598,0.0229,0.0004
8.500099,3.3214,0.0232,0.0001
8.510099,3.0754,0.024,0
8.5201,2.9101,0.0264,-0.0001
8.5301,2.5833,0.0285,-0.0001
8.5401,2.3565,0.0297,0
8.5501,1.9721,0.0315,0
8.560101,1.7991,0.0325,0
8.570101,1.5031,0.0349,0.0001
8.580101,1.2378,0.0349,0.0002
8.590101,1.134,0.0348,0.0002
8.600101,0.9418,0.0348,0.0004
8.610102,0.8765,0.0339,0.0008
8.620102,0.7765,0.0321,0.0012
8.630102,0.7266,0.0309,0.0019
8.640102,0.642,0.0305,0.0027
8.650103,0.6112,0.0296,0.0031
8.660103,0.5728,0.027,0.0048
8.670103,0.5507,0.026,0.0079
8.680103,0.5484,0.0234,0.0143
8.690104,0.5491,0.0202,0.0281
8.700104,0.5498,0.0187,0.0616
8.710104,0.5574,0.0154,0.0945
8.720104,0.6112,0.0144,0.0989
8.730104,0.6343,0.0142,0.1101
8.740105,0.6727,0.0142,0.1165
8.750105,0.6843,0.0141,0.1262
8.760105,0.7381,0.0145,0.134
8.770105,0.7881,0.0148,0.1378
8.780106,0.8765,0.015,0.1434
8.790106,0.9034,0.0151,0.1454
8.800106,0.9226,0.0151,0.1429
8.810106,0.9303,0.015,0.1403
8.820107,0.9457,0.0149,0.1338
8.830107,0.9418,0.0142,0.1302
8.840107,0.9226,0.0138,0.1296
8.850107,0.9072,0.0138,0.1294
8.860107,0.8726,0.0136,0.1296
8.870108,0.865,0.0136,0.1299
8.880108,0.8342,0.0136,0.1316
8.890108,0.8111,0.0136,0.139
8.900108,0.7688,0.0137,0.1436
8.910109,0.7535,0.0138,0.1523
8.920109,0.7189,0.014,0.1564
8.930109,0.7035,0.0142,0.1674
8.940109,0.6881,0.0144,0.1734
8.950109,0.6843,0.0146,0.1833
8.96011,0.6689,0.0149,0.1862
8.97011,0.6612,0.0149,0.1924
8.98011,0.6458,0.0152,0.1932
8.99011,0.6266,0.0152,0.1973
9.000111,0.6285,0.0159,0.2003
9.010111,0.6304,0.016,0.2073
9.020111,0.6366,0.0172,0.2112
9.030111,0.6497,0.0177,0.2193
9.040112,0.6689,0.0184,0.2242
9.050112,0.7612,0.0191,0.2344
9.060112,0.8957,0.0189,0.24
9.070112,1.5031,0.0199,0.2557
9.080112,1.9221,0.0208,0.26
9.090113,2.691,0.0299,0.1721
9.100113,2.9062,0.0336,0.0356
9.110113,3.0293,0.0343,0.0166
9.120113,3.0562,0.0345,0.0162
9.130114,3.4214,0.0347,0.0165
9.140114,3.7366,0.0346,0.0167
9.150114,4.8476,0.0347,0.0186
9.160114,5.4473,0.0349,0.0194
9.170115,5.9739,0.0351,0.0097
9.180115,6.4391,0.036,-0.0101
9.190115,6.5429,0.0369,-0.0106
9.200115,6.6044,0.0382,-0.0102
9.210115,6.5698,0.0389,-0.0099
9.220116,6.4122,0.0427,-0.0037
9.230116,5.8625,0.0437,0.0012
9.240116,5.4934,0.053,0.0027
9.250116,5.1128,0.0575,0.0029
9.260117,4.221,0.0637,0.0035
9.270117,3.8327,0.0737,0.0035
9.280117,3.4291,0.0749,0.0035
9.290117,2.7179,0.0762,0.0035
9.300117,2.4872,0.0762,0.0037
9.310118,2.1412,0.0784,0.0048
9.320118,2.0915,0.0794,0.007
9.330118,2.0746,0.0788,0.0083
9.340118,2.1185,0.0783,0.0153
9.350119,2.1624,0.0675,0.0223
9.360119,2.3873,0.0648,0.0265
9.370119,2.864,0.065,0.0312
9.380119,3.6059,0.0653,0.0352
9.39012,5.305,0.0664,0.0391
9.40012,6.1046,0.0672,0.0279
9.41012,7.4578,0.0685,0.0192
9.42012,7.9191,0.0687,0.0101
9.43012,8.9571,0.0688,0.0021
9.440121,9.7451,0.0687,-0.0002
9.450121,10.0988,0.0686,-0.0033
9.460121,10.6947,0.0642,-0.0153
9.470121,10.9291,0.0638,-0.0205
9.480122,11.5173,0.064,-0.0285
9.490122,11.8056,0.0642,-0.0286
9.500122,12.1401,0.066,-0.0284
9.510122,12.4322,0.0665,-0.0283
9.520123,12.6206,0.0667,-0.0281
9.530123,12.9512,0.0669,-0.0281
9.540123,13.0358,0.0668,-0.0277
9.550123,13.0396,0.0676,-0.0275
9.560123,13.1588,0.0712,-0.0271
9.570124,13.3356,0.0714,-0.0269
9.580124,13.597,0.0716,-0.0265
9.590124,13.9161,0.0717,-0.0261
9.600124,14.2621,0.0716,-0.0259
9.610125,14.412,0.0716,-0.0256
9.620125,14.2698,0.0715,-0.0252
9.630125,14.116,0.0648,-0.0248
9.640125,13.9315,0.0606,-0.025
9.650126,13.6893,0.0601,-0.0249
9.660126,13.4087,0.0596,-0.0249
9.670126,13.1357,0.0599,-0.0248
9.680126,12.8359,0.0594,-0.0248
9.690126,12.6591,0.0576,-0.0247
9.700127,12.3015,0.0565,-0.0246
9.710127,12.0978,0.0565,-0.0244
9.720127,11.8441,0.0565,-0.024
9.730127,11.6326,0.0565,-0.0238
9.740128,11.4289,0.0565,-0.0234
9.750128,11.2021,0.0564,-0.023
9.760128,11.1555,0.0564,-0.0228
9.770128,11.1679,0.0559,-0.0226
9.780128,11.1803,0.0541,-0.0223
9.790129,11.2136,0.0512,-0.0223
9.800129,11.3828,0.0434,-0.0292
9.810129,11.475,0.04,-0.0316
9.820129,11.5827,0.0378,-0.0316
9.83013,11.6826,0.0365,-0.0315
9.84013,11.7941,0.0354,-0.0315
9.85013,11.9363,0.0351,-0.031
9.86013,11.8249,0.0353,-0.0308
9.870131,11.7134,0.0356,-0.0306
9.880131,11.5442,0.0362,-0.0304
9.890131,11.3251,0.0376,-0.0302
9.900131,11.1636,0.0398,-0.0302
9.910131,11.0522,0.0414,-0.0298
9.920132,10.9868,0.0437,-0.0294
9.930132,10.9022,0.0455,-0.0292
9.940132,10.8138,0.0471,-0.029
9.950132,10.8045,0.0487,-0.0283
9.960133,10.8368,0.053,-0.0281
9.970133,10.8691,0.0537,-0.0277
9.980133,10.9368,0.0559,-0.0275
9.990133,11.1175,0.0561,-0.0273
10.00013,11.2252,0.0561,-0.0269
10.01013,11.2751,0.0561,-0.0265
10.02013,11.0483,0.0563,-0.0259
10.03013,10.9215,0.0565,-0.0256
10.04013,10.5947,0.057,-0.0339
10.05013,10.2141,0.0607,-0.0357
10.06013,9.8451,0.066,-0.0364
10.07014,9.4184,0.0698,-0.0364
10.08014,9.0032,0.0736,-0.0364
10.09014,8.3881,0.0776,-0.0364
10.10014,7.131,0.0805,-0.0362
10.11014,6.4968,0.0834,-0.036
10.12014,5.8163,0.0866,-0.0358
10.13014,5.1397,0.0978,-0.0354
10.14014,4.5977,0.0979,-0.0354
10.15014,3.9903,0.0979,-0.0353
10.16014,3.3945,0.0978,-0.0352
10.17014,2.9831,0.0951,-0.0351
10.18014,2.1758,0.0935,-0.035
10.19014,1.7683,0.0927,-0.0281
10.20014,1.6475,0.0918,-0.0267
10.21014,1.629,0.0894,-0.025
10.22014,1.6256,0.0869,-0.0232
10.23014,1.7393,0.0819,-0.0219
10.24014,1.8529,0.0786,-0.0194
10.25014,2.7332,0.0753,-0.0147
10.26014,2.7332,0.0707,-0.0128
10.27014,5.1128,0.0578,-0.0112
10.28014,6.7043,0.0535,-0.0085
10.29014,7.9114,0.0497,-0.0234
10.30014,8.9494,0.0496,-0.0387
10.31014,9.9873,0.0495,-0.043
10.32014,10.9561,0.0495,-0.0435
10.33014,11.6595,0.0477,-0.0435
10.34014,12.5322,0.0458,-0.0435
10.35014,12.8474,0.0404,-0.0435
10.36014,13.0512,0.0261,-0.0435
10.37014,13.2088,0.0262,-0.0434
10.38014,13.3318,0.0262,-0.0434
10.39014,13.5125,0.0268,-0.0432
10.40014,13.7777,0.0279,-0.043
10.41014,14.1621,0.0294,-0.043
10.42014,14.1794,0.0314,-0.0346
10.43014,14.1967,0.0356,-0.0346
10.44014,14.3044,0.0371,-0.0346
10.45014,14.3851,0.0379,-0.0346
10.46014,14.339,0.0391,-0.0345
10.47014,14.1698,0.0419,-0.0343
10.48014,13.8969,0.0419,-0.0344
10.49014,13.4048,0.0423,-0.0343
10.50014,13.1972,0.0418,-0.0343
10.51015,12.932,0.0413,-0.0343
10.52015,12.6437,0.0403,-0.0342
10.53015,12.4495,0.037,-0.0342
10.54015,12.3582,0.0362,-0.0342
10.55015,12.3337,0.0354,-0.0341
10.56015,12.456,0.0353,-0.0339
10.57015,12.5783,0.0353,-0.0337
10.58015,12.882,0.0353,-0.0331
10.59015,13.155,0.0357,-0.0329
10.60015,13.474,0.0372,-0.0329
10.61015,13.4856,0.0382,-0.0325
10.62015,13.4433,0.0393,-0.0323
10.63015,13.3318,0.0412,-0.0321
10.64015,12.9666,0.0448,-0.0319
10.65015,12.7898,0.0464,-0.0317
10.66015,12.6129,0.0485,-0.0317
10.67015,12.044,0.0516,-0.0316
10.68015,11.7634,0.0539,-0.0314
10.69015,11.5558,0.0552,-0.0312
10.70015,11.156,0.0576,-0.0312
10.71015,11.056,0.0604,-0.0308
10.72015,11.0454,0.0616,-0.0308
10.73015,11.0999,0.0625,-0.0304
10.74015,11.1543,0.0631,-0.0298
10.75015,11.2636,0.0647,-0.0294
10.76015,11.4596,0.0664,-0.029
10.77015,11.7941,0.0674,-0.0288
10.78015,11.8902,0.0674,-0.0281
10.79015,11.9248,0.0672,-0.0279
10.80015,12.1401,0.0671,-0.0277
10.81015,12.2477,0.0663,-0.0273
10.82015,12.4284,0.0647,-0.0269
10.83015,12.6245,0.0643,-0.0267
10.84015,12.859,0.0643,-0.0265
10.85015,12.9627,0.0647,-0.0261
10.86015,13.1857,0.0651,-0.0259
10.87015,13.3779,0.0659,-0.0257
10.88015,13.8469,0.0668,-0.0257
10.89015,14.1352,0.0667,-0.0254
10.90015,14.362,0.0666,-0.025
10.91015,14.7042,0.0665,-0.0248
10.92015,14.758,0.0664,-0.0242
10.93015,14.685,0.0678,-0.0242
10.94016,14.3236,0.0692,-0.024
10.95016,14.1237,0.072,-0.024
10.96016,13.9123,0.0722,-0.0238
10.97016,13.7354,0.0723,-0.0238
10.98016,13.5279,0.0723,-0.0237
10.99016,13.4817,0.0723,-0.0236
11.00016,13.3895,0.0702,-0.0234
11.01016,13.0319,0.0689,-0.0232
11.02016,12.6091,0.0664,-0.023
11.03016,12.1747,0.0657,-0.023
11.04016,11.2674,0.0653,-0.0232
11.05016,10.8484,0.0652,-0.0232
11.06016,10.4832,0.0651,-0.0232
11.07016,10.1718,0.0653,-0.0232
11.08016,9.8681,0.0655,-0.0232
11.09016,9.4376,0.0664,-0.0231
11.10016,9.28,0.0684,-0.023
11.11016,9.0801,0.0708,-0.023
11.12016,8.4535,0.0822,-0.0228
11.13016,7.9922,0.0888,-0.023
11.14016,7.5424,0.0992,-0.0231
11.15016,6.9581,0.1129,-0.0232
11.16016,5.9086,0.1366,-0.0232
11.17016,5.4127,0.1511,-0.0232
11.18016,4.9168,0.1516,-0.0232
11.19016,4.1018,0.1515,-0.023
11.20016,4.0799,0.1515,-0.0219
11.21016,4.0875,0.1492,-0.0213
11.22016,4.0951,0.1447,-0.0196
11.23016,4.1787,0.1352,-0.0147
11.24016,4.5977,0.1285,-0.0103
11.25016,5.5857,0.1207,-0.0077
11.26016,9.4414,0.107,-0.0029
11.27016,11.7672,0.1061,0.0006
11.28016,13.6201,0.1058,0.0035
11.29016,14.9002,0.1065,-0.0302
11.30016,15.2232,0.1073,-0.0418
11.31016,15.4154,0.1075,-0.0418
11.32016,15.6345,0.1069,-0.042
11.33016,15.7537,0.1063,-0.0421
11.34016,15.7575,0.1029,-0.0421
11.35016,15.8498,0.0954,-0.042
11.36016,15.9536,0.0868,-0.0422
11.37016,16.042,0.0845,-0.0424
11.38017,16.0996,0.0849,-0.0426
11.39017,16.0574,0.0838,-0.0426
11.40017,16.0574,0.0827,-0.0426
11.41017,16.0018,0.0818,-0.0426
11.42017,16.015,0.0814,-0.0403
11.43017,16.0283,0.0763,-0.0412
11.44017,16.2457,0.0736,-0.0468
11.45017,16.2688,0.07,-0.0496
11.46017,16.1611,0.0622,-0.0506
11.47017,15.7575,0.0567,-0.0512
11.48017,15.6383,0.054,-0.0513
11.49017,15.5526,0.054,-0.0513
11.50017,15.5716,0.054,-0.0513
11.51017,15.5907,0.0539,-0.0513
11.52017,15.646,0.0539,-0.0513
11.53017,15.7229,0.0536,-0.0512
11.54017,15.8152,0.0526,-0.0511
11.55017,15.9766,0.0517,-0.0507
11.56017,15.9728,0.0512,-0.0505
11.57017,15.9901,0.0523,-0.0505
11.58017,16.0074,0.0534,-0.0501
11.59017,16.0497,0.0555,-0.0499
11.60017,16.0766,0.0561,-0.0499
11.61017,16.1804,0.0565,-0.0497
11.62017,15.9036,0.0566,-0.0497
11.63017,15.6345,0.0567,-0.0496
11.64017,15.2924,0.0566,-0.0496
11.65017,14.9502,0.0566,-0.0495
11.66017,14.2583,0.0564,-0.0495
11.67017,13.9238,0.0562,-0.0494
11.68017,13.5279,0.0547,-0.0494
11.69017,13.1972,0.0531,-0.0492
11.70017,12.859,0.049,-0.049
11.71017,12.647,0.0476,-0.049
11.72017,12.5521,0.0468,-0.0488
11.73017,12.6374,0.0455,-0.0486
11.74017,12.7227,0.0434,-0.0484
11.75017,12.8974,0.0386,-0.0482
11.76017,14.0929,0.0373,-0.048
11.77017,14.8541,0.0374,-0.047
11.78017,15.6076,0.0375,-0.0467
11.79017,16.2342,0.0378,-0.0465
11.80017,17.1914,0.0386,-0.0463
11.81017,17.522,0.0406,-0.0461
11.82018,17.7411,0.0427,-0.0455
11.83018,17.9718,0.0447,-0.0453
11.84018,18.1602,0.0489,-0.0451
11.85018,18.5177,0.0504,-0.0449
11.86018,18.6176,0.0518,-0.0447
11.87018,18.6522,0.0524,-0.0441
11.88018,18.6791,0.053,-0.0441
11.89018,18.6714,0.0555,-0.0439
11.90018,18.7137,0.0559,-0.0436
11.91018,18.5446,0.0559,-0.0436
11.92018,18.287,0.0559,-0.0432
11.93018,18.0141,0.0557,-0.0432
11.94018,17.5566,0.0552,-0.043
11.95018,17.2606,0.0544,-0.043
11.96018,16.3534,0.0543,-0.0429
11.97018,15.9843,0.0542,-0.0428
11.98018,15.596,0.0542,-0.0428
11.99018,15.3654,0.0526,-0.0427
12.00018,15.0655,0.0479,-0.0426
12.01018,14.5466,0.0463,-0.0426
12.02018,14.2659,0.0447,-0.0425
12.03018,13.9392,0.0429,-0.0425
12.04018,13.5086,0.0414,-0.0424
12.05018,13.1434,0.037,-0.0424
12.06018,13.1372,0.0352,-0.0422
12.07018,13.1346,0.0342,-0.042
12.08018,13.3658,0.0322,-0.0416
12.09018,13.597,0.0318,-0.0414
12.10018,14.4312,0.0319,-0.041
12.11018,14.6427,0.0319,-0.0408
12.12018,14.808,0.032,-0.0405
12.13018,14.7465,0.0321,-0.0403
12.14018,14.5619,0.0326,-0.0403
12.15018,14.3544,0.0382,-0.0401
12.16018,14.0968,0.0401,-0.0401
12.17018,13.4241,0.0406,-0.0399
12.18018,13.1473,0.0421,-0.0397
12.19018,12.8628,0.0419,-0.0397
12.20018,12.6744,0.0432,-0.0395
12.21018,12.5053,0.0464,-0.0393
12.22018,12.1516,0.0489,-0.0393
12.23018,11.9978,0.051,-0.0391
12.24018,11.8249,0.0523,-0.0389
12.25019,11.6557,0.0542,-0.0385
12.26019,11.4827,0.0646,-0.0383
12.27019,11.0099,0.0731,-0.0381
12.28019,10.7292,0.0807,-0.0377
12.29019,10.5178,0.0856,-0.0374
12.30019,10.2795,0.086,-0.0374
12.31019,9.5414,0.0861,-0.037
12.32019,8.9378,0.0856,-0.037
12.33019,8.3189,0.0851,-0.037
12.34019,7.3502,0.0825,-0.0372
12.35019,6.6159,0.0793,-0.0376
12.36019,5.6356,0.0708,-0.0376
12.37019,5.1436,0.0649,-0.0379
12.38019,4.7976,0.0631,-0.0373
12.39019,4.4209,0.0578,-0.0367
12.40019,4.1479,0.0453,-0.0354
12.41019,3.9211,0.0453,-0.0327
12.42019,2.7909,0.0344,-0.0271
12.43019,2.541,0.0275,-0.0269
12.44019,2.4449,0.0266,-0.0269
12.45019,2.1643,0.0261,-0.0269
12.46019,2.1475,0.0255,-0.0269
12.47019,2.1502,0.0242,-0.0269
12.48019,2.1529,0.0239,-0.0269
12.49019,2.1643,0.0232,-0.0269
12.50019,2.2489,0.0229,-0.0268
12.51019,2.2143,0.0226,-0.0267
12.52019,2.0644,0.0226,-0.0267
12.53019,1.9836,0.022,-0.0267
12.54019,1.9336,0.022,-0.0266
12.55019,1.8568,0.022,-0.0265
12.56019,1.7953,0.022,-0.0265
12.57019,1.6492,0.022,-0.0264
12.58019,1.6002,0.0219,-0.0263
12.59019,1.5511,0.0214,-0.0263
12.60019,1.5684,0.0196,-0.0262
12.61019,1.5492,0.0195,-0.0261
12.62019,1.457,0.0194,-0.0259
12.63019,1.3801,0.0189,-0.0259
12.64019,1.3224,0.0182,-0.0259
12.65019,1.3224,0.0175,-0.0258
12.66019,1.2763,0.0169,-0.0257
12.67019,1.2263,0.0159,-0.0256
12.68019,1.1225,0.0153,-0.0257
12.6902,1.0187,0.0139,-0.0257
12.7002,0.9303,0.0126,-0.0258
12.7102,0.8688,0.0118,-0.0259
12.7202,0.815,0.0115,-0.0259
12.7302,0.7535,0.0114,-0.0259
12.7402,0.6881,0.0113,-0.0259
12.7502,0.6266,0.0113,-0.0259
12.7602,0.5728,0.0108,-0.0259
12.7702,0.5632,0.0102,-0.0257
12.7802,0.5644,0.0098,-0.0257
12.7902,0.5657,0.009,-0.0256
12.8002,0.5692,0.0084,-0.0254
12.8102,0.5766,0.0073,-0.0254
12.8202,0.5766,0.007,-0.0252
12.8302,0.5536,0.0069,-0.025
12.8402,0.5267,0.0069,-0.0248
12.8502,0.4921,0.0069,-0.0248
12.8602,0.469,0.0069,-0.0244
12.8702,0.4498,0.007,-0.024
12.8802,0.4277,0.007,-0.0236
12.8902,0.4326,0.0081,-0.0232
12.9002,0.4375,0.0107,-0.0221
12.9102,0.4536,0.0145,-0.0207
12.9202,0.642,0.0181,-0.0194
12.9302,0.8073,0.0229,-0.0182
12.9402,0.8688,0.0258,-0.0178
12.9502,0.8573,0.0283,-0.0178
12.9602,0.866,0.0299,-0.0168
12.9702,0.8748,0.0315,-0.0163
12.9802,0.8981,0.0355,-0.0157
12.9902,0.9457,0.0364,-0.0136
13.0002,1.6607,0.0367,-0.0083
13.0102,2.222,0.0379,-0.0054
13.0202,3.9403,0.038,-0.0031
13.0302,5.0975,0.0382,-0.0048
13.0402,7.1964,0.0382,-0.0118
13.0502,7.7577,0.0394,-0.0215
13.0602,8.292,0.0414,-0.0223
13.0702,8.7187,0.044,-0.0228
13.0802,9.3569,0.051,-0.023
13.0902,9.6144,0.0543,-0.0231
13.1002,9.8259,0.0534,-0.0231
13.1102,9.9681,0.0547,-0.023
13.1202,10.0873,0.0616,-0.0229
13.13021,10.0565,0.0651,-0.0228
13.14021,9.9566,0.0712,-0.0226
13.15021,9.7298,0.0751,-0.0219
13.16021,9.599,0.079,-0.0217
13.17021,9.4184,0.0864,-0.0218
13.18021,9.2377,0.0908,-0.0219
13.19021,8.465,0.0949,-0.0217
13.20021,8.1229,0.0982,-0.0223
13.21021,7.5078,0.1036,-0.0223
13.22021,6.9773,0.1056,-0.0225
13.23021,5.8701,0.1094,-0.0221
13.24021,5.2666,0.1126,-0.0226
13.25021,4.6938,0.114,-0.0227
13.26021,4.0749,0.1101,-0.0226
13.27021,3.1676,0.1063,-0.0226
13.28021,2.8409,0.0986,-0.0217
13.29021,2.518,0.095,-0.0205
13.30021,2.0605,0.0921,-0.019
13.31021,1.949,0.0864,-0.0161
13.32021,1.8414,0.069,-0.0147
13.33021,1.7722,0.0796,0.0616
13.34021,1.7337,0.0636,0.3889
13.35021,1.7261,0.0624,0.5091
13.36021,1.6492,0.0599,0.5556
13.37021,1.6376,0.057,0.5565
13.38021,1.6722,0.0492,0.6061
13.39021,1.4723,0.0457,0.5254
13.40021,1.4642,0.0437,0.521
13.41021,1.4728,0.0412,0.5324
13.42021,1.4814,0.0413,0.5439
13.43021,1.4992,0.0414,0.6119
13.44021,1.6915,0.0416,0.6367
13.45021,2.3719,0.0417,0.6417
13.46021,2.9562,0.0418,0.6789
13.47021,4.6746,0.0418,0.6194
13.48021,5.6356,0.0419,0.1324
13.49021,6.9811,0.042,0.0116
13.50021,7.3771,0.043,0.0051
13.51021,7.8307,0.0455,0.0019
13.52021,7.9922,0.0465,0.0029
13.53021,8.169,0.0492,0.0039
13.54021,8.5765,0.0523,0.0068
13.55021,8.7302,0.0537,0.005
13.56021,8.9225,0.0551,0.0054
13.57022,8.9917,0.055,0.0056
13.58022,9.1108,0.056,0.0058
13.59022,9.1608,0.0562,0.006
13.60022,9.1608,0.0597,0.0074
13.61022,9.2492,0.0624,0.0064
13.62022,9.2569,0.0636,0.0063
13.63022,9.3684,0.0682,0.0063
13.64022,9.3915,0.0685,0.0064
13.65022,9.4876,0.0722,0.0064
13.66022,9.4722,0.0745,0.0074
13.67022,9.5644,0.0764,0.0075
13.68022,9.5875,0.0768,0.0085
13.69022,9.6644,0.0771,0.0081
13.70022,9.7836,0.0773,0.0077
13.71022,9.7951,0.0778,0.0077
13.72022,9.7989,0.0783,0.006
13.73022,9.8105,0.08,0.0027
13.74022,9.8143,0.081,0.0014
13.75022,9.8194,0.081,0.0008
13.76022,9.8244,0.0809,0.0009
13.77022,9.8537,0.0806,0.0011
13.78022,9.9143,0.0782,0.0015
13.79022,9.9873,0.0743,0.0023
13.80022,10.0219,0.0725,0.0014
13.81022,10.0219,0.0712,0
13.82022,10.1026,0.0703,-0.0054
13.83022,10.0988,0.0703,-0.0134
13.84022,9.9988,0.0703,-0.0151
13.85022,9.8605,0.0703,-0.0162
13.86022,9.599,0.0703,-0.0163
13.87022,9.4722,0.0703,-0.0164
13.88022,9.2185,0.0702,-0.0163
13.89022,9.107,0.0697,-0.0163
13.90022,8.8456,0.0694,-0.0161
13.91022,8.7341,0.0681,-0.0155
13.92022,8.3881,0.0682,-0.0157
13.93022,8.1959,0.0679,-0.0155
13.94022,7.9614,0.0676,-0.0151
13.95022,7.4501,0.0669,-0.0153
13.96022,7.2002,0.0664,-0.0153
13.97022,6.7389,0.0649,-0.0153
13.98022,6.4737,0.0636,-0.0153
13.99022,6.0201,0.0634,-0.0151
14.00023,5.8394,0.0607,-0.0153
14.01023,5.4319,0.0585,-0.0153
14.02023,5.2935,0.0529,-0.0152
14.03023,5.2243,0.052,-0.0151
14.04023,5.1826,0.0518,-0.015
14.05023,5.1618,0.0507,-0.0147
14.06023,5.168,0.0486,-0.0141
14.07023,5.1743,0.0443,-0.0134
14.08023,5.3204,0.0428,-0.0126
14.09023,5.5818,0.0401,-0.0126
14.10023,5.6779,0.037,-0.0122
14.11023,5.7779,0.0357,-0.0126
14.12023,5.997,0.0357,-0.0186
14.13023,6.0816,0.0339,-0.023
14.14023,6.1162,0.0333,-0.0239
14.15023,6.1354,0.0317,-0.0248
14.16023,6.1046,0.0315,-0.0246
14.17023,6.0585,0.0319,-0.0259
14.18023,5.9816,0.0323,-0.0261
14.19023,5.8125,0.0332,-0.0261
14.20023,5.7241,0.0357,-0.0262
14.21023,5.5242,0.0432,-0.0262
14.22023,5.0705,0.0463,-0.0262
14.23023,4.8284,0.0502,-0.0261
14.24023,4.6131,0.0535,-0.0262
14.25023,4.3517,0.0599,-0.0261
14.26023,4.1364,0.0642,-0.0261
14.27023,3.5521,0.0682,-0.0261
14.28023,3.233,0.0695,-0.0258
14.29023,2.9178,0.07,-0.0256
14.30023,2.5949,0.07,-0.0252
14.31023,2.3488,0.07,-0.0248
14.32023,1.9106,0.0648,-0.0246
14.33023,1.753,0.0581,-0.0225
14.34023,1.6492,0.056,-0.0209
14.35023,1.5838,0.0546,-0.0194
14.36023,1.4839,0.0532,-0.0172
14.37023,1.3724,0.0505,-0.005
14.38023,1.2955,0.0492,-0.0025
14.39023,1.2109,0.0473,0.0006
14.40023,1.2061,0.0468,0.0168
14.41023,1.2085,0.0425,0.0219
14.42023,1.2109,0.0417,0.2373
14.43023,1.307,0.0413,0.2615
14.44024,1.4185,0.0401,0.2997
14.45024,2.2835,0.0379,0.325
14.46024,3.456,0.0338,0.3676
14.47024,5.2435,0.0328,0.1556
14.48024,6.7697,0.0329,-0.047
14.49024,7.7846,0.033,-0.0464
14.50024,8.5803,0.0332,-0.0457
14.51024,9.0109,0.0354,-0.042
14.52024,9.157,0.0368,-0.0192
14.53024,9.0532,0.0399,-0.0165
14.54024,8.9032,0.0424,-0.0108
14.55024,8.6572,0.0462,-0.0058
14.56024,8.292,0.0599,-0.0027
14.57024,7.8999,0.0688,-0.0006
14.58024,7.4501,0.0776,0.0002
14.59024,6.8696,0.0868,0.0021
14.60024,6.3084,0.0941,0.0021
14.61024,5.7125,0.0958,0.0041
14.62024,5.5391,0.0965,0.0061
14.63024,5.5577,0.0966,0.0105
14.64024,5.5764,0.0958,0.0184
14.65024,5.6587,0.095,0.0329
14.66024,6.712,0.0934,0.0447
14.67024,8.1113,0.0933,0.0505
14.68024,9.7221,0.0935,0.0528
14.69024,11.2559,0.0937,0.0509
14.70024,12.1708,0.0941,0.0257
14.71024,12.6091,0.0975,-0.0172
14.72024,12.7898,0.1002,-0.029
14.73024,12.7744,0.0995,-0.037
14.74024,12.7013,0.0987,-0.0416
14.75024,12.4592,0.0965,-0.0434
14.76024,12.2862,0.0918,-0.0437
14.77024,12.0901,0.0892,-0.0439
14.78024,11.7403,0.0832,-0.0438
14.79024,11.2021,0.0746,-0.0438
14.80024,10.9945,0.0706,-0.0437
14.81024,10.8446,0.0687,-0.0436
14.82024,10.6024,0.0685,-0.0436
14.83024,10.514,0.0684,-0.0434
14.84024,10.4179,0.07,-0.0432
14.85024,10.3064,0.0716,-0.043
14.86024,9.9758,0.0827,-0.043
14.87024,9.7182,0.0893,-0.0428
14.88025,9.3838,0.0957,-0.0428
14.89025,8.9917,0.1041,-0.0427
14.90025,7.8691,0.1219,-0.0426
14.91025,7.3655,0.129,-0.0426
14.92025,6.7236,0.1379,-0.0424
14.93025,5.305,0.1449,-0.0424
14.94025,4.6285,0.1479,-0.0418
14.95025,4.1172,0.1478,-0.0416
14.96025,3.7251,0.1476,-0.0414
14.97025,3.2676,0.1471,-0.0407
14.98025,3.0715,0.1436,-0.0387
14.99025,3.0216,0.136,-0.0376
15.00025,3.1834,0.1209,-0.036
15.01025,3.3453,0.1126,-0.0331
15.02025,3.6816,0.109,-0.0321
15.03025,4.3555,0.108,-0.031
15.04025,5.6241,0.0962,-0.0281
15.05025,6.9965,0.0907,-0.0267
15.06025,8.1229,0.09,-0.0265
15.07025,8.4227,0.0898,-0.0441
15.08025,8.0767,0.0901,-0.0503
15.09025,7.6193,0.0904,-0.0521
15.10025,6.7197,0.095,-0.0528
15.11025,6.2315,0.0944,-0.053
15.12025,5.8778,0.0939,-0.053
15.13025,5.7366,0.0926,-0.053
15.14025,5.7554,0.0865,-0.053
15.15025,5.7743,0.0864,-0.0525
15.16025,5.8432,0.0867,-0.0519
15.17025,6.3238,0.0869,-0.0515
15.18025,7.6923,0.0881,-0.0509
15.19025,8.4842,0.089,-0.0501
15.20025,9.2761,0.0906,-0.0501
15.21025,10.7177,0.0907,-0.0501
15.22025,11.3328,0.0906,-0.0501
15.23025,11.8748,0.0905,-0.0515
15.24025,12.8743,0.0853,-0.0583
15.25025,13.4164,0.0832,-0.0666
15.26025,14.0776,0.0791,-0.0683
15.27025,15.5307,0.0753,-0.0689
15.28025,16.3265,0.0699,-0.0689
15.29025,17.0376,0.0645,-0.0689
15.30025,17.8142,0.0619,-0.0689
15.31026,19.0136,0.0551,-0.0687
15.32026,19.5133,0.0541,-0.0685
15.33026,20.0284,0.053,-0.0683
15.34026,20.6435,0.0532,-0.0679
15.35026,20.6704,0.0517,-0.0674
15.36026,20.5244,0.0515,-0.0672
15.37026,20.1207,0.0514,-0.0668
15.38026,19.9054,0.0515,-0.0664
15.39026,19.6863,0.0516,-0.0662
15.40026,19.4134,0.0519,-0.0639
15.41026,18.6291,0.052,-0.0631
15.42026,17.9487,0.052,-0.0614
15.43026,16.7147,0.052,-0.0579
15.44026,16.5879,0.0497,-0.0567
15.45026,15.8536,0.0495,-0.0567
15.46026,15.7664,0.0482,-0.0565
15.47026,15.7521,0.0447,-0.0563
15.48026,15.749,0.0414,-0.0559
15.49026,15.7802,0.0383,-0.0556
15.50026,15.8113,0.038,-0.0556
15.51026,16.3265,0.0379,-0.055
15.52026,17.0915,0.0382,-0.055
15.53026,17.5912,0.0385,-0.0546
15.54026,18.6676,0.0391,-0.0544
15.55026,19.102,0.0425,-0.054
15.56026,19.7132,0.0438,-0.0536
15.57026,19.9208,0.0459,-0.0534
15.58026,20.0092,0.0474,-0.0532
15.59026,19.6978,0.0476,-0.0532
15.60026,19.4249,0.0484,-0.053
15.61026,18.7906,0.0489,-0.0528
15.62026,18.1409,0.0492,-0.0528
15.63026,17.6297,0.0494,-0.0527
15.64026,17.2145,0.0494,-0.0527
15.65026,16.3764,0.0491,-0.0525
15.66026,16.042,0.0487,-0.0523
15.67026,15.6883,0.0443,-0.0523
15.68026,15.5341,0.0424,-0.0522
15.69026,15.4641,0.0412,-0.0521
15.70026,15.5074,0.0401,-0.0521
15.71026,15.5506,0.0364,-0.0517
15.72026,15.6422,0.0354,-0.0517
15.73026,15.8728,0.0336,-0.0515
15.74026,16.0574,0.0334,-0.0513
15.75027,16.3572,0.0327,-0.0511
15.76027,16.6225,0.0326,-0.0507
15.77027,16.9415,0.0325,-0.0505
15.78027,17.7565,0.0326,-0.0505
15.79027,18.2101,0.0326,-0.0503
15.80027,18.5753,0.0334,-0.0501
15.81027,19.2173,0.0349,-0.0497
15.82027,19.6133,0.0357,-0.0497
15.83027,20.1284,0.0404,-0.0494
15.84027,20.2899,0.0412,-0.0492
15.85027,20.7166,0.0452,-0.049
15.86027,20.8165,0.048,-0.0488
15.87027,20.7742,0.0498,-0.0486
15.88027,20.7435,0.0521,-0.0484
15.89027,20.5666,0.0557,-0.0484
15.90027,20.4936,0.0566,-0.0482
15.91027,20.2783,0.0567,-0.0482
15.92027,20.236,0.0566,-0.0478
15.93027,20.199,0.0565,-0.0478
15.94027,20.2184,0.0543,-0.0476
15.95027,20.2378,0.0534,-0.0474
15.96027,20.2783,0.0532,-0.047
15.97027,20.705,0.0531,-0.0468
15.98027,20.9933,0.0532,-0.0467
15.99027,21.4239,0.0532,-0.0465
16.00027,21.5777,0.0534,-0.0461
16.01027,21.766,0.0544,-0.0459
16.02027,21.8429,0.0542,-0.0457
16.03027,21.8621,0.0556,-0.0455
16.04027,21.8814,0.058,-0.0453
16.05027,21.643,0.0586,-0.0451
16.06027,21.3739,0.0587,-0.0451
16.07027,21.2317,0.0586,-0.0447
16.08027,21.0318,0.0585,-0.0445
16.09027,20.8742,0.057,-0.0445
16.10027,20.4936,0.0566,-0.0443
16.11027,20.0169,0.0565,-0.0443
16.12027,19.965,0.0564,-0.0439
16.13027,19.966,0.0564,-0.0437
16.14027,19.9669,0.0564,-0.0437
16.15027,20.0919,0.0564,-0.041
16.16027,20.359,0.0564,-0.0408
16.17027,21.4431,0.0564,-0.0407
16.18027,21.8852,0.0569,-0.0405
16.19028,22.2389,0.0572,-0.0403
16.20028,22.3542,0.058,-0.0399
16.21028,22.2812,0.0596,-0.0395
16.22028,22.3158,0.0605,-0.0395
16.23028,22.3504,0.0629,-0.0393
16.24028,22.4388,0.0638,-0.0391
16.25028,22.5733,0.064,-0.0389
16.26028,22.6387,0.0643,-0.0389
16.27028,22.7232,0.0643,-0.0387
16.28028,22.8117,0.0643,-0.0385
16.29028,22.8424,0.0642,-0.0383
16.30028,23.1461,0.0641,-0.0381
16.31028,23.296,0.0635,-0.0381
16.32028,23.0731,0.0632,-0.0381
16.33028,23.0703,0.0623,-0.038
16.34028,23.0698,0.0614,-0.0379
16.35028,23.0692,0.059,-0.0377
16.36028,23.0961,0.0579,-0.0376
16.37028,22.8424,0.0568,-0.0374
16.38028,22.7502,0.0569,-0.0374
16.39028,22.5887,0.0562,-0.0372
16.40028,22.5118,0.0558,-0.037
16.41028,22.3119,0.0557,-0.036
16.42028,22.112,0.0556,-0.035
16.43028,22.2235,0.0556,-0.035
16.44028,21.9813,0.0555,-0.035
16.45028,21.9237,0.0551,-0.035
16.46028,21.7199,0.0539,-0.035
16.47028,21.6913,0.0513,-0.0349
16.48028,21.7265,0.051,-0.0348
16.49028,21.7618,0.051,-0.0346
16.50028,21.8352,0.0511,-0.0339
16.51028,22.2158,0.0515,-0.0327
16.52028,22.5272,0.0523,-0.0325
16.53028,22.6963,0.0537,-0.0321
16.54028,22.8809,0.0549,-0.0319
16.55028,22.8732,0.0592,-0.0319
16.56028,22.7386,0.0596,-0.0317
16.57028,22.704,0.0606,-0.0317
16.58028,22.1312,0.061,-0.0317
16.59028,22.0236,0.0612,-0.0319
16.60028,21.793,0.0608,-0.0348
16.61028,21.3932,0.0603,-0.036
16.62029,20.6704,0.0593,-0.0364
16.63029,19.8055,0.059,-0.0364
16.64029,19.0097,0.0587,-0.0356
16.65029,18.2832,0.0584,-0.0348
16.66029,16.6148,0.0533,-0.0333
16.67029,16.4261,0.0451,-0.0281
16.68029,16.3363,0.044,-0.0281
16.69029,16.3026,0.0373,-0.0206
16.70029,16.5125,0.0367,-0.0132
16.71029,16.7224,0.0367,-0.0108
16.72029,17.3759,0.0367,-0.0072
16.73029,18.0679,0.0368,-0.0041
16.74029,19.1135,0.0369,-0.0027
16.75029,19.5671,0.0377,-0.0025
16.76029,19.7094,0.038,-0.0112
16.77029,19.664,0.0382,-0.0137
16.78029,19.6689,0.0382,-0.0149
16.79029,19.6738,0.0382,-0.0153
16.80029,19.7901,0.0382,-0.0135
16.81029,19.8209,0.0381,-0.0118
16.82029,19.94,0.038,-0.0132
16.83029,19.6901,0.0378,-0.0121
16.84029,19.4326,0.0378,-0.011
16.85029,19.1289,0.0378,-0.0106
16.86029,19.052,0.0379,-0.0106
16.87029,19.0366,0.0384,-0.0085
16.88029,18.806,0.0385,-0.0093
16.89029,18.7022,0.0385,-0.0091
16.90029,18.5177,0.0385,-0.0086
16.91029,18.2447,0.0386,-0.0081
16.92029,17.9987,0.0383,-0.0066
16.93029,17.4913,0.0381,-0.0085
16.94029,16.6878,0.0376,-0.0085
16.95029,16.0919,0.036,-0.0085
16.96029,14.8157,0.0353,-0.0086
16.97029,14.0161,0.0346,-0.0086
16.98029,13.4471,0.0342,-0.0086
16.99029,12.7475,0.0326,-0.0081
17.00029,12.1939,0.0324,-0.0089
17.01029,11.7211,0.0324,-0.0089
17.02029,11.3866,0.0325,-0.0089
17.03029,10.9022,0.0325,-0.0089
17.04029,10.5716,0.0327,-0.0089
17.05029,10.4217,0.0327,-0.0089
17.0603,10.2487,0.0326,-0.0089
17.0703,9.8874,0.0325,-0.0091
17.0803,8.8725,0.0312,-0.0095
17.0903,8.4612,0.0308,-0.0099
17.1003,7.9922,0.0304,-0.0103
17.1103,7.5654,0.0303,-0.0104
17.1203,7.1387,0.0302,-0.0104
17.1303,6.393,0.0303,-0.0105
17.1403,6.0931,0.0295,-0.0101
17.1503,5.7048,0.0288,-0.0106
17.1603,5.1244,0.0261,-0.0108
17.1703,3.9711,0.0249,-0.0114
17.1803,3.0331,0.0243,-0.0116
17.1903,2.2796,0.0241,-0.0118
17.2003,2.0105,0.0242,-0.0118
17.2103,1.8145,0.0242,-0.0119
17.2203,1.603,0.0243,-0.0118
17.2303,1.3493,0.0243,-0.0118
17.2403,0.9803,0.0257,-0.0118
17.2503,0.8342,0.0269,-0.0118
17.2603,0.7227,0.029,-0.0117
17.2703,0.6458,0.0298,-0.0116
17.2803,0.6266,0.0306,-0.0106
17.2903,0.6314,0.0311,-0.0079
17.3003,0.6362,0.0323,-0.0081
17.3103,0.6497,0.0325,-0.0074
17.3203,0.6228,0.0326,-0.0066
17.3303,0.5613,0.0324,-0.0037
17.3403,0.5668,0.0322,-0.0017
17.3503,0.5723,0.0308,-0.0025
17.3603,0.5959,0.0304,-0.0016
17.3703,0.7573,0.03,-0.0008
17.3803,1.3801,0.0292,0.0008
17.3903,2.0874,0.0283,0.0035
17.4003,3.0331,0.028,0.0052
17.4103,4.4824,0.0243,-0.0025
17.4203,4.7053,0.0236,-0.0122
17.4303,5.2628,0.0236,-0.0145
17.4403,5.4896,0.0237,-0.0132
17.4503,5.9317,0.024,-0.012
17.4603,6.3199,0.0245,-0.0008
17.4703,6.7774,0.0255,0.0099
17.4803,7.0003,0.0257,0.0118
17.4903,7.477,0.0259,0.011
17.50031,7.7615,0.0264,0.0124
17.51031,8.4919,0.027,0.0145
17.52031,8.9417,0.0297,0.0143
17.53031,9.4453,0.0313,0.0159
17.54031,9.9489,0.0333,0.0165
17.55031,10.7216,0.0356,0.0168
17.56031,11.006,0.0385,0.0178
17.57031,11.2482,0.0446,0.0192
17.58031,11.4558,0.0478,0.019
17.59031,11.9978,0.0526,0.0194
17.60031,12.363,0.0561,0.0188
17.61031,12.6821,0.0609,0.0187
17.62031,12.9512,0.0676,0.0187
17.63031,12.9666,0.0715,0.0187
17.64031,12.8935,0.0726,0.019
17.65031,12.7244,0.0741,0.0186
17.66031,12.686,0.076,0.0188
17.67031,12.513,0.076,0.0183
17.68031,12.4515,0.076,0.0181
17.69031,12.3284,0.0759,0.0178
17.70031,12.2939,0.0748,0.018
17.71031,12.2631,0.0725,0.0172
17.72031,12.0401,0.0704,0.0172
17.73031,11.921,0.0684,0.0168
17.74031,11.7326,0.0668,0.0166
17.75031,11.6365,0.0648,0.0165
17.76031,11.5481,0.0609,0.0165
17.77031,11.5173,0.0588,0.0159
17.78031,11.2982,0.0569,0.0158
17.79031,11.2545,0.0559,0.0157
17.80031,11.2519,0.0523,0.0157
17.81031,11.2558,0.0502,0.0157
17.82031,11.2597,0.0495,0.0157
17.83031,11.6826,0.0488,0.0158
17.84031,11.9017,0.0486,0.0161
17.85031,12.1362,0.0486,0.0163
17.86031,12.3169,0.0483,0.0166
17.87031,12.5706,0.0483,0.0166
17.88031,12.6552,0.0482,0.0169
17.89031,12.7013,0.0483,0.0171
17.90031,12.6821,0.0483,0.0176
17.91031,12.7744,0.0484,0.0174
17.92031,12.7859,0.0485,0.0176
17.93032,12.8167,0.0485,0.0166
17.94032,12.7359,0.0484,0.0168
17.95032,12.6322,0.0483,0.0165
17.96032,12.3169,0.0474,0.0161
17.97032,12.0939,0.0465,0.0159
17.98032,11.8748,0.0451,0.0157
17.99032,11.6134,0.0434,0.0157
18.00032,11.0406,0.0429,0.0153
18.01032,10.7831,0.0409,0.0151
18.02032,10.537,0.0393,0.0145
18.03032,10.3833,0.036,0.0144
18.04032,10.3656,0.0346,0.0144
18.05032,10.3673,0.0338,0.0144
18.06032,10.3691,0.0325,0.0144
18.07032,10.4256,0.0313,0.0147
18.08032,10.5947,0.0294,0.0149
18.09032,10.7485,0.0294,0.0151
18.10032,11.2059,0.0294,0.0155
18.11032,11.4327,0.0294,0.0161
18.12032,11.7403,0.0306,0.0168
18.13032,12.0171,0.0312,0.0172
18.14032,12.2785,0.033,0.0174
18.15032,12.7552,0.0354,0.0178
18.16032,12.982,0.0377,0.0188
18.17032,13.2242,0.0395,0.0196
18.18032,13.451,0.0458,0.0203
18.19032,13.9546,0.0489,0.0209
18.20032,14.1391,0.0522,0.0215
18.21032,14.3428,0.057,0.0217
18.22032,14.4389,0.0626,0.0217
18.23032,14.4966,0.0658,0.0221
18.24032,14.4582,0.0678,0.0215
18.25032,14.3774,0.07,0.0211
18.26032,14.3274,0.072,0.0205
18.27032,14.3061,0.0762,0.0199
18.28032,14.3048,0.0783,0.0203
18.29032,14.3065,0.079,0.019
18.30032,14.3082,0.0793,0.0188
18.31032,14.3351,0.0793,0.0188
18.32032,14.3659,0.0793,0.0186
18.33032,14.4312,0.0786,0.0186
18.34032,14.5812,0.0791,0.0186
18.35032,14.6581,0.0772,0.0186
18.36032,14.7311,0.0726,0.0187
18.37033,14.8964,0.0681,0.0188
18.38033,15.1194,0.0678,0.0188
18.39033,15.3,0.0681,0.0187
18.40033,15.3885,0.0684,0.0186
18.41033,15.573,0.0702,0.0186
18.42033,16.0535,0.0704,0.0186
18.43033,16.0285,0.0705,0.0186
18.44033,16.3313,0.0705,0.0182
18.45033,16.634,0.0704,0.0178
18.46033,16.8224,0.0704,0.0177
18.47033,16.9877,0.0701,0.0176
18.48033,16.9608,0.0677,0.0172
18.49033,16.8147,0.0652,0.0147
18.50033,16.7186,0.0641,0.0141
18.51033,16.4764,0.0636,0.0132
18.52033,15.9574,0.0631,0.012
18.53033,15.9459,0.0631,0.0095
18.54033,15.9728,0.0625,0.0087
18.55033,15.8728,0.062,0.0087
18.56033,15.7575,0.0604,0.0085
18.57033,15.0848,0.0596,0.0079
18.58033,14.6542,0.0591,0.0079
18.59033,14.1468,0.0556,0.0066
18.60033,13.6547,0.0525,0.0064
18.61033,13.2472,0.0503,0.0064
18.62033,12.4784,0.0486,0.006
18.63033,12.2736,0.0459,0.005
18.64033,12.1739,0.0443,0.005
18.65033,12.1455,0.0429,0.005
18.66033,12.4638,0.0418,0.005
18.67033,12.7821,0.0417,0.0066
18.68033,13.5701,0.0401,0.0072
18.69033,14.5273,0.0386,0.0083
18.70033,15.4615,0.0372,0.0091
18.71033,16.0381,0.0364,0.0089
18.72033,15.6153,0.0354,0.0087
18.73033,15.2039,0.0349,0.0075
18.74033,14.4812,0.0339,0.0074
18.75033,12.6936,0.0341,0.0077
18.76033,11.9978,0.0333,0.0064
18.77033,11.4904,0.032,0.0064
18.78033,10.9407,0.0289,0.0064
18.79033,9.7144,0.0274,0.0066
18.80033,9.2185,0.0258,0.007
18.81034,8.6534,0.0247,0.0068
18.82034,8.2228,0.0239,0.0064
18.83034,7.9191,0.0231,0.0064
18.84034,7.6193,0.0231,0.0062
18.85034,7.2195,0.0225,0.0058
18.86034,7.0349,0.0214,0.0054
18.87034,6.8581,0.0208,0.005
18.88034,6.6582,0.0203,0.0048
18.89034,6.1661,0.0195,0.0045
18.90034,6.0008,0.0167,0.0043
18.91034,5.8394,0.0157,0.0043
18.92034,5.7803,0.0157,0.0043
18.93034,5.7551,0.0155,0.0043
18.94034,5.7761,0.0138,0.0043
18.95034,5.7971,0.0124,0.0045
18.96034,5.9509,0.012,0.0046
18.97034,6.0816,0.0118,0.005
18.98034,6.2007,0.0117,0.0052
18.99034,6.3199,0.0117,0.0054
19.00034,6.6351,0.0118,0.0062
19.01034,6.9312,0.0118,0.007
19.02034,7.2925,0.0122,0.0066
19.03034,7.7692,0.0128,0.0074
19.04034,8.6495,0.013,0.0083
19.05034,8.9032,0.0131,0.0085
19.06034,8.8187,0.0131,0.0087
19.07034,8.096,0.0139,0.0087
19.08034,7.6769,0.0141,0.0081
19.09034,7.3271,0.0141,0.0079
19.10034,6.9581,0.0141,0.0079
19.11034,6.6736,0.0141,0.0079
19.12034,6.4648,0.014,0.0079
19.13034,6.3611,0.0139,0.0079
19.14034,6.3175,0.0138,0.0079
19.15034,6.3494,0.0138,0.0087
19.16034,6.3814,0.0135,0.0089
19.17034,6.5852,0.0135,0.0091
19.18034,6.7082,0.0125,0.0091
19.19034,6.8504,0.0121,0.0095
19.20034,6.8004,0.0118,0.0093
19.21034,6.8018,0.0117,0.0093
19.22034,6.8032,0.0111,0.0094
19.23034,6.8262,0.0109,0.0095
19.24035,6.8812,0.0108,0.0097
19.25035,7.0657,0.0108,0.0101
19.26035,7.527,0.0108,0.0105
19.27035,7.8192,0.011,0.0108
19.28035,7.9576,0.011,0.011
19.29035,7.9576,0.0111,0.0112
19.30035,7.8768,0.0113,0.0112
19.31035,7.926,0.0115,0.0113
19.32035,7.9751,0.0122,0.0113
19.33035,8.1291,0.0126,0.0114
19.34035,8.4496,0.0131,0.0118
19.35035,9.0685,0.0131,0.0132
19.36035,9.7682,0.0131,0.0141
19.37035,11.2136,0.0132,0.0151
19.38035,11.8518,0.0152,0.017
19.39035,12.3784,0.0164,0.0182
19.40035,12.7244,0.0187,0.018
19.41035,12.8974,0.0213,0.0188
19.42035,12.8936,0.0235,0.0211
19.43035,12.8897,0.0249,0.0232
19.44035,13.0665,0.0271,0.0234
19.45035,12.882,0.0297,0.024
19.46035,12.4745,0.0306,0.0238
19.47035,12.2362,0.0308,0.024
19.48035,11.6326,0.0308,0.0236
19.49035,11.106,0.0308,0.0232
19.50035,10.8484,0.0308,0.0223
