File Name,Depth, Hegazy Vs, Andrus-H Vs,Andrus-P Vs, Rob Vs, Mc15 Vs,  Mc18 Vs
SCPT_195188_Raw01,0.01,9258.46,33.52,40.81,410.29,12.62,44.92
SCPT_195188_Raw01,0.03,8127.33,58.93,71.74,491.32,22.66,63.07
SCPT_195188_Raw01,0.05,5315.68,69.24,84.29,440.68,28.47,77.08
SCPT_195188_Raw01,0.07,4703.42,75.88,92.38,435.06,32.71,87.92
SCPT_195188_Raw01,0.09,3606.04,85.98,104.67,407.21,37.84,98.24
SCPT_195188_Raw01,0.11,3549.34,92.58,112.7,415.42,41.72,107.54
SCPT_195188_Raw01,0.13,3860.33,96.39,117.35,436.25,44.5,115.57
SCPT_195188_Raw01,0.15,4064.29,98.3,119.67,449.06,46.5,121.86
SCPT_195188_Raw01,0.17,4002.62,100.17,121.95,449.74,48.33,127.03
SCPT_195188_Raw01,0.19,3814.65,100.83,122.74,442.89,49.6,130.74
SCPT_195188_Raw01,0.21,3691.96,101.17,123.16,436.97,50.7,134.49
SCPT_195188_Raw01,0.23,3409.36,100.75,122.65,421.49,51.44,137.2
SCPT_195188_Raw01,0.25,3189.82,100.68,122.57,409.3,52.25,139.97
SCPT_195188_Raw01,0.27,3004.44,99.66,121.32,396.15,52.67,142.42
SCPT_195188_Raw01,0.29,2828.11,98.97,120.48,384.5,53.16,144.64
SCPT_195188_Raw01,0.31,2684.34,98.52,119.93,374.82,53.68,146.88
SCPT_195188_Raw01,0.33,2565.09,98.19,119.54,366.52,54.23,149.15
SCPT_195188_Raw01,0.35,2396.66,98.03,119.34,356.9,54.73,150.46
SCPT_195188_Raw01,0.37,2229.84,97.58,118.79,346.69,55.08,151.37
SCPT_195188_Raw01,0.39,2048.96,97.18,118.3,335.94,55.36,151.65
SCPT_195188_Raw01,0.41,1924.25,96.92,117.99,327.77,55.75,152.58
SCPT_195188_Raw01,0.43,1830.44,96.44,117.41,320.49,56.06,153.79
SCPT_195188_Raw01,0.45,1758.13,97.27,118.41,316.89,56.87,155.45
SCPT_195188_Raw01,0.47,1723.17,98.11,119.44,315.06,57.74,157.76
SCPT_195188_Raw01,0.49,1676.97,98.69,120.15,312.22,58.47,159.66
SCPT_195188_Raw01,0.51,1635.9,99.39,121,309.89,59.23,161.56
SCPT_195188_Raw01,0.53,1610.87,99.86,121.57,307.93,59.91,163.71
SCPT_195188_Raw01,0.55,1527.74,99.67,121.33,301.86,60.19,164.17
SCPT_195188_Raw01,0.57,1420.38,99.76,121.45,295,60.48,163.79
SCPT_195188_Raw01,0.59,1366.01,99.49,121.12,290.18,60.74,164.6
SCPT_195188_Raw01,0.61,1339.44,99.49,121.11,287.38,61.16,166.16
SCPT_195188_Raw01,0.63,1300.31,100.14,121.9,285.09,61.79,167.34
SCPT_195188_Raw01,0.65,1281.14,101,122.95,284.3,62.54,169.11
SCPT_195188_Raw01,0.67,1238.34,101.82,123.96,282.1,63.21,170.05
SCPT_195188_Raw01,0.69,1200.56,101.71,123.82,278.53,63.49,170.86
SCPT_195188_Raw01,0.71,1144.02,101.37,123.41,273.47,63.61,170.86
SCPT_195188_Raw01,0.73,1099.2,100.91,122.85,268.86,63.68,171.11
SCPT_195188_Raw01,0.75,1071.37,101.16,123.16,266.53,64.11,172.06
SCPT_195188_Raw01,0.77,1051.19,101.14,123.13,264.22,64.43,173.19
SCPT_195188_Raw01,0.79,1011.82,100.64,122.52,259.9,64.46,173.34
SCPT_195188_Raw01,0.81,997.85,100.24,122.03,257.43,64.63,174.52
SCPT_195188_Raw01,0.83,985.72,100.22,122.01,255.72,64.96,175.82
SCPT_195188_Raw01,0.85,981.84,100.75,122.65,255.44,65.55,177.56
SCPT_195188_Raw01,0.87,975.63,101.22,123.22,254.94,66.1,179.15
SCPT_195188_Raw01,0.89,966.47,101.08,123.06,253.31,66.38,180.46
SCPT_195188_Raw01,0.91,956.7,101.31,123.33,252.21,66.79,181.78
SCPT_195188_Raw01,0.93,943.08,101.05,123.02,250.13,66.98,182.79
SCPT_195188_Raw01,0.95,908.79,100.53,122.39,246.22,66.94,182.69
SCPT_195188_Raw01,0.97,884.56,100.32,122.13,243.49,67.08,183.07
SCPT_195188_Raw01,0.99,859.93,100.23,122.02,240.9,67.25,183.38
SCPT_195188_Raw01,1.01,849.4,100.4,122.22,239.86,67.57,184.05
SCPT_195188_Raw01,1.03,836.47,100.33,122.14,238.31,67.76,184.52
SCPT_195188_Raw01,1.05,827.93,100.07,121.82,236.79,67.89,185.17
SCPT_195188_Raw01,1.07,819.75,100.4,122.23,236.2,68.28,185.93
SCPT_195188_Raw01,1.09,811.66,100.73,122.63,235.61,68.66,186.68
SCPT_195188_Raw01,1.11,807.5,101.75,123.87,236.32,69.37,187.77
SCPT_195188_Raw01,1.13,795.53,102.59,124.89,236.18,69.95,188.34
SCPT_195188_Raw01,1.15,788.94,103.79,126.35,236.97,70.73,189.28
SCPT_195188_Raw01,1.17,791.14,104.33,127.01,237.45,71.26,190.62
SCPT_195188_Raw01,1.19,777.98,104.51,127.23,236.26,71.53,190.94
SCPT_195188_Raw01,1.21,769.13,104.07,126.69,234.48,71.54,191.39
SCPT_195188_Raw01,1.23,755.23,103.21,125.64,231.73,71.32,191.41
SCPT_195188_Raw01,1.25,749.2,103.24,125.68,230.88,71.56,192.09
SCPT_195188_Raw01,1.27,740.2,103.34,125.81,229.9,71.8,192.57
SCPT_195188_Raw01,1.29,725.67,103.75,126.3,228.91,72.14,192.7
SCPT_195188_Raw01,1.31,725.8,104.19,126.84,229.13,72.6,193.82
SCPT_195188_Raw01,1.33,731.54,104.18,126.83,229.17,72.89,195.24
SCPT_195188_Raw01,1.35,729.55,104.14,126.78,228.55,73.1,196.11
SCPT_195188_Raw01,1.37,730.55,103.98,126.58,228.01,73.28,197.16
SCPT_195188_Raw01,1.39,731.36,103.49,125.99,227,73.3,198.13
SCPT_195188_Raw01,1.41,734.86,102.52,124.81,225.53,73.12,199.2
SCPT_195188_Raw01,1.43,720.97,101.67,123.77,222.88,72.87,199.08
SCPT_195188_Raw01,1.45,697.64,100.55,122.41,219.08,72.41,198.19
SCPT_195188_Raw01,1.47,674.51,99.57,121.21,215.48,72.01,197.27
SCPT_195188_Raw01,1.49,650.12,98.7,120.15,211.92,71.63,196.19
SCPT_195188_Raw01,1.51,627.42,98.79,120.26,209.79,71.7,195.29
SCPT_195188_Raw01,1.53,612.96,98.68,120.13,208.07,71.74,194.99
SCPT_195188_Raw01,1.55,597.17,99.19,120.76,207.07,72.05,194.61
SCPT_195188_Raw01,1.57,564.05,99.4,121,204.07,72.03,192.53
SCPT_195188_Raw01,1.59,577.08,101.16,123.15,207.31,73.21,194.89
SCPT_195188_Raw01,1.61,588.43,103.11,125.53,210.63,74.45,197.11
SCPT_195188_Raw01,1.63,595.01,104.91,127.71,213.3,75.58,198.87
SCPT_195188_Raw01,1.65,600,107.53,130.9,216.93,77.13,200.71
SCPT_195188_Raw01,1.67,617.6,108.97,132.66,220.08,78.19,203.38
SCPT_195188_Raw01,1.69,629.84,110.24,134.2,222.51,79.12,205.54
SCPT_195188_Raw01,1.71,635.93,111.45,135.68,224.33,79.97,207.15
SCPT_195188_Raw01,1.73,640.44,112.73,137.23,226.08,80.83,208.63
SCPT_195188_Raw01,1.75,645.95,113.53,138.21,227.29,81.48,210.11
SCPT_195188_Raw01,1.77,654.47,114.15,138.97,228.52,82.06,211.81
SCPT_195188_Raw01,1.79,665.4,114.08,138.88,229.02,82.32,213.57
SCPT_195188_Raw01,1.81,676.19,112.47,136.92,227.47,81.85,215.06
SCPT_195188_Raw01,1.83,689.12,111.17,135.34,226.52,81.55,216.76
SCPT_195188_Raw01,1.85,677.76,110.03,133.95,223.75,81.12,216.55
SCPT_195188_Raw01,1.87,653.46,109.03,132.74,220.09,80.65,215.25
SCPT_195188_Raw01,1.89,612.5,106.55,129.71,212.99,79.3,212.18
SCPT_195188_Raw01,1.91,585.57,105.02,127.85,208.32,78.52,210.35
SCPT_195188_Raw01,1.93,546.15,104.08,126.71,203.23,77.86,207.17
SCPT_195188_Raw01,1.95,508.63,104.07,126.69,199.39,77.62,203.99
SCPT_195188_Raw01,1.97,493.52,104.54,127.26,198.25,77.85,203.13
SCPT_195188_Raw01,1.99,473.09,104.02,126.64,195.3,77.53,201.45
SCPT_195188_Raw01,2.01,460.45,103,125.39,192.46,77.05,200.56
SCPT_195188_Raw01,2.03,439.62,101.5,123.56,188.16,76.21,198.5
SCPT_195188_Raw01,2.05,415.79,98.99,120.51,182.24,74.81,195.8
SCPT_195188_Raw01,2.07,375.63,96.19,117.1,174.1,72.94,190.4
SCPT_195188_Raw01,2.09,340,94.11,114.57,167.2,71.38,185.06
SCPT_195188_Raw01,2.11,323.95,92.87,113.05,163.52,70.59,182.81
SCPT_195188_Raw01,2.13,308.59,92.28,112.34,160.71,70.1,180.51
SCPT_195188_Raw01,2.15,313.32,92.84,113.02,161.78,70.67,182.15
SCPT_195188_Raw01,2.17,331.38,94.72,115.31,166.08,72.18,186.33
SCPT_195188_Raw01,2.19,355.11,97.46,118.64,172.03,74.2,191.34
SCPT_195188_Raw01,2.21,383.81,100.05,121.8,178.28,76.19,196.89
SCPT_195188_Raw01,2.23,401.08,101.26,123.27,181.46,77.27,200.33
SCPT_195188_Raw01,2.25,408.05,102.03,124.21,182.94,77.94,202.14
SCPT_195188_Raw01,2.27,410.49,101.69,123.79,182.55,77.99,203.19
SCPT_195188_Raw01,2.29,408.65,101.28,123.3,181.63,77.93,203.61
SCPT_195188_Raw01,2.31,378.87,99.73,121.41,176.22,76.81,199.66
SCPT_195188_Raw01,2.33,362.47,98.66,120.11,172.84,76.14,197.61
SCPT_195188_Raw01,2.35,339.37,96.04,116.92,166.75,74.55,194.2
SCPT_195188_Raw01,2.37,312.76,93.11,113.35,159.77,72.68,189.85
SCPT_195188_Raw01,2.39,300.89,91.91,111.88,156.65,71.96,188.14
SCPT_195188_Raw01,2.41,281.07,90.48,110.15,152.22,70.88,184.54
SCPT_195188_Raw01,2.43,259.3,89.24,108.64,147.7,69.74,180
SCPT_195188_Raw01,2.45,253.79,88.87,108.19,146.34,69.53,179.26
SCPT_195188_Raw01,2.47,244.83,88.25,107.44,144.21,69.07,177.57
SCPT_195188_Raw01,2.49,247.6,88.95,108.29,145.25,69.65,178.86
SCPT_195188_Raw01,2.51,251.83,89.15,108.53,145.89,70.07,180.64
SCPT_195188_Raw01,2.53,255.07,89.47,108.93,146.54,70.5,182.1
SCPT_195188_Raw01,2.55,259.95,89.66,109.15,147.24,70.92,184.02
SCPT_195188_Raw01,2.57,236.49,88.21,107.39,142.15,69.51,178.41
SCPT_195188_Raw01,2.59,245.54,89.08,108.44,144.26,70.43,181.5
SCPT_195188_Raw01,2.61,259.11,90.22,109.84,147.3,71.62,185.63
SCPT_195188_Raw01,2.63,262.68,90.33,109.96,147.72,71.96,187.21
SCPT_195188_Raw01,2.65,251.48,89.58,109.06,145.17,71.68,185.82
SCPT_195188_Raw01,2.67,237.17,87.53,106.55,140.58,70.88,184.25
SCPT_195188_Raw01,2.69,221.36,85.49,104.08,135.75,70.52,183.44
SCPT_195188_Raw01,2.71,216.97,84.62,103.02,133.91,69.94,182.55
SCPT_195188_Raw01,2.73,218.94,84.5,102.87,133.88,70.09,183.75
SCPT_195188_Raw01,2.75,218.45,84.36,102.7,133.49,70.19,184.36
SCPT_195188_Raw01,2.77,216.64,84.36,102.7,133.08,70.26,184.41
SCPT_195188_Raw01,2.79,206.89,83.37,101.49,130.31,69.56,182.26
SCPT_195188_Raw01,2.81,199.61,82.78,100.77,128.39,69.1,180.58
SCPT_195188_Raw01,2.83,187.24,81.4,99.1,124.72,67.99,177.16
SCPT_195188_Raw01,2.85,177.72,80.33,97.8,121.83,67.14,174.5
SCPT_195188_Raw01,2.87,170.29,79.44,96.71,119.44,66.46,172.45
SCPT_195188_Raw01,2.89,165.72,78.97,96.14,118.01,66.1,171.23
SCPT_195188_Raw01,2.91,161.55,78.75,95.87,116.94,65.83,169.92
SCPT_195188_Raw01,2.93,160.41,78.99,96.16,116.91,65.94,169.67
SCPT_195188_Raw01,2.95,158.76,78.97,96.14,116.48,65.92,169.39
SCPT_195188_Raw01,2.97,154.58,78.74,95.85,115.38,65.6,167.88
SCPT_195188_Raw01,2.99,151.11,77.84,94.76,113.58,65.18,167.48
SCPT_195188_Raw01,3.01,151.52,77.77,94.67,113.42,65.34,168.38
SCPT_195188_Raw01,3.03,146.04,77.41,94.24,111.96,64.8,166.02
SCPT_195188_Raw01,3.05,170.68,79.52,96.81,118.33,67.77,177.87
SCPT_195188_Raw01,3.07,218.59,91,110.79,139.09,75.14,190.79
SCPT_195188_Raw01,3.09,220.56,102.13,124.33,148.81,80.94,194.23
SCPT_195188_Raw01,3.11,247.82,96.45,117.42,149.25,77.84,196.36
SCPT_195188_Raw01,3.13,259.86,92.29,112.35,145.81,75.85,199.54
SCPT_195188_Raw01,3.15,276.92,89.67,109.16,144.67,75.29,205.01
SCPT_195188_Raw01,3.17,290.19,89.1,108.47,145.44,75.6,209.05
SCPT_195188_Raw01,3.19,276.22,88.55,107.8,142.88,75.07,206.48
SCPT_195188_Raw01,3.21,285.58,89.67,109.16,145.26,76.02,209.1
SCPT_195188_Raw01,3.23,307.53,92.09,112.11,150.73,77.93,214.17
SCPT_195188_Raw01,3.25,345.93,97.05,118.15,161.07,81.4,221.86
SCPT_195188_Raw01,3.27,383.34,100.82,122.73,169.61,84.16,228.9
SCPT_195188_Raw01,3.29,420.18,104.79,127.58,178.16,86.93,235.33
SCPT_195188_Raw01,3.31,445.51,106.74,129.95,182.94,88.46,239.74
SCPT_195188_Raw01,3.33,461.68,106.63,129.81,184.26,88.77,242.64
SCPT_195188_Raw01,3.35,467.29,106.51,129.67,184.5,88.93,244.05
SCPT_195188_Raw01,3.37,465.96,106.18,129.26,183.79,88.89,244.52
SCPT_195188_Raw01,3.39,456.54,106.2,129.29,182.7,88.9,243.83
SCPT_195188_Raw01,3.41,446.55,105.54,128.49,180.73,88.56,243.06
SCPT_195188_Raw01,3.43,438.56,105.17,128.03,179.29,88.4,242.55
SCPT_195188_Raw01,3.45,434.33,105.99,129.03,179.68,88.88,242.54
SCPT_195188_Raw01,3.47,432.63,106.51,129.66,179.95,89.27,242.93
SCPT_195188_Raw01,3.49,432.78,107.05,130.32,180.44,89.69,243.6
SCPT_195188_Raw01,3.51,433.58,107.85,131.3,181.31,90.25,244.36
SCPT_195188_Raw01,3.53,430.94,107.02,130.28,179.87,89.95,244.65
SCPT_195188_Raw01,3.55,433.13,106.8,130.01,179.67,90.04,245.68
SCPT_195188_Raw01,3.57,441.02,106.73,129.94,180.24,90.31,247.59
SCPT_195188_Raw01,3.59,448.67,106.69,129.89,180.79,90.58,249.43
SCPT_195188_Raw01,3.61,444.05,106.42,129.56,179.83,90.53,249.44
SCPT_195188_Raw01,3.63,431.2,106.28,129.39,178.19,90.56,248.54
SCPT_195188_Raw01,3.65,413.69,105.95,128.98,175.8,90.39,246.81
SCPT_195188_Raw01,3.67,405.12,105.62,128.58,174.35,90.3,246.27
SCPT_195188_Raw01,3.69,396.43,104.96,127.78,172.47,89.96,245.53
SCPT_195188_Raw01,3.71,386.25,104.18,126.83,170.29,89.54,244.51
SCPT_195188_Raw01,3.73,373.71,104.03,126.64,168.57,89.35,242.91
SCPT_195188_Raw01,3.75,364.35,103.26,125.71,166.47,88.93,241.93
SCPT_195188_Raw01,3.77,361.88,102.82,125.17,165.51,88.83,242.22
SCPT_195188_Raw01,3.79,362.14,103.37,125.84,166.04,89.25,242.84
SCPT_195188_Raw01,3.81,359.13,103.34,125.81,165.52,89.32,242.9
SCPT_195188_Raw01,3.83,353.12,103.4,125.88,164.75,89.36,242.36
SCPT_195188_Raw01,3.85,349.34,103.12,125.53,163.84,89.29,242.3
SCPT_195188_Raw01,3.87,343.63,102.29,124.53,162.06,88.94,242.02
SCPT_195188_Raw01,3.89,337.76,101.89,124.04,160.76,88.77,241.58
SCPT_195188_Raw01,3.91,331.01,101.9,124.06,159.85,88.75,240.77
SCPT_195188_Raw01,3.93,326.41,102,124.17,159.27,88.83,240.41
SCPT_195188_Raw01,3.95,324.83,102.24,124.46,159.22,89.05,240.63
SCPT_195188_Raw01,3.97,322.51,101.78,123.91,158.26,88.94,240.91
SCPT_195188_Raw01,3.99,312.72,100.24,122.03,155.14,88.13,239.81
SCPT_195188_Raw01,4.01,308.2,99.9,121.62,154.05,87.98,239.47
SCPT_195188_Raw01,4.03,302.47,99.71,121.38,152.99,87.87,238.81
SCPT_195188_Raw01,4.05,305.29,100.17,121.94,153.73,88.32,239.98
SCPT_195188_Raw01,4.07,309.42,101.41,123.45,155.54,89.15,241.19
SCPT_195188_Raw01,4.09,307.95,101.87,124.01,155.76,89.46,241.32
SCPT_195188_Raw01,4.11,305.51,101.64,123.73,155.06,89.42,241.39
SCPT_195188_Raw01,4.13,305.28,101.54,123.62,154.77,89.47,241.88
SCPT_195188_Raw01,4.15,303.49,100.83,122.76,153.58,89.24,242.33
SCPT_195188_Raw01,4.17,298.78,100.23,122.02,152.15,88.99,242.07
SCPT_195188_Raw01,4.19,290.68,99.91,121.63,150.65,88.73,240.74
SCPT_195188_Raw01,4.21,283.94,99.66,121.32,149.38,88.53,239.67
SCPT_195188_Raw01,4.23,278.13,99.67,121.34,148.53,88.46,238.69
SCPT_195188_Raw01,4.25,280.75,100.13,121.9,149.27,88.9,239.82
SCPT_195188_Raw01,4.27,283.24,100.58,122.44,149.97,89.33,240.93
SCPT_195188_Raw01,4.29,287.47,101.15,123.14,151.02,89.83,242.36
SCPT_195188_Raw01,4.31,288.66,101.18,123.18,151.07,89.91,242.96
SCPT_195188_Raw01,4.33,290.26,101.62,123.71,151.64,90.25,243.7
SCPT_195188_Raw01,4.35,291.87,101.58,123.67,151.66,90.42,244.72
SCPT_195188_Raw01,4.37,289.6,101.35,123.39,150.97,90.36,244.77
SCPT_195188_Raw01,4.39,280.68,100.96,122.91,149.27,90.03,243.18
SCPT_195188_Raw01,4.41,276.78,101.06,123.03,148.76,90.08,242.67
SCPT_195188_Raw01,4.43,269.02,100.7,122.59,147.22,89.8,241.29
SCPT_195188_Raw01,4.45,261.33,100.55,122.41,145.94,89.59,239.71
SCPT_195188_Raw01,4.47,257.87,100.22,122,144.96,89.45,239.44
SCPT_195188_Raw01,4.49,252.92,99.78,121.47,143.68,89.22,238.77
SCPT_195188_Raw01,4.51,250.99,99.75,121.44,143.26,89.27,238.77
SCPT_195188_Raw01,4.53,251.4,100.09,121.84,143.57,89.56,239.33
SCPT_195188_Raw01,4.55,253.64,100.31,122.12,144,89.9,240.52
SCPT_195188_Raw01,4.57,267.12,102.11,124.31,147.7,91.35,244.35
SCPT_195188_Raw01,4.59,272.91,102.74,125.07,149.04,92,246.38
SCPT_195188_Raw01,4.61,271.5,103.18,125.61,149.24,92.27,246.34
SCPT_195188_Raw01,4.63,267.68,103,125.4,148.41,92.19,245.91
SCPT_195188_Raw01,4.65,263.66,103.08,125.49,147.85,92.29,245.5
SCPT_195188_Raw01,4.67,260.33,102.51,124.79,146.63,92.06,245.37
SCPT_195188_Raw01,4.69,251.89,101.69,123.79,144.45,91.45,243.61
SCPT_195188_Raw01,4.71,247.67,101.32,123.35,143.35,91.22,242.95
SCPT_195188_Raw01,4.73,239.69,100.7,122.6,141.45,90.72,241.17
SCPT_195188_Raw01,4.75,236.86,100.35,122.17,140.53,90.58,240.99
SCPT_195188_Raw01,4.77,233.73,100.24,122.03,139.85,90.51,240.53
SCPT_195188_Raw01,4.79,227.29,99.89,121.61,138.45,90.19,239.02
SCPT_195188_Raw01,4.81,220.82,99.11,120.65,136.53,89.68,237.7
SCPT_195188_Raw01,4.83,211.68,97.89,119.17,133.72,88.79,235.44
SCPT_195188_Raw01,4.85,201.71,96.61,117.62,130.7,87.83,232.82
SCPT_195188_Raw01,4.87,191.03,95.69,116.49,127.95,86.91,229.37
SCPT_195188_Raw01,4.89,185.36,95.3,116.02,126.55,86.55,227.71
SCPT_195188_Raw01,4.91,175.67,95,115.65,124.63,85.9,223.85
SCPT_195188_Raw01,4.93,170.05,95.83,116.66,124.62,85.92,220.83
SCPT_195188_Raw01,4.95,163.35,97.02,118.12,124.81,86,216.85
SCPT_195188_Raw01,4.97,159.13,97.59,118.8,124.65,85.99,214.57
SCPT_195188_Raw01,4.99,154.08,97.29,118.44,123.39,85.56,212.35
SCPT_195188_Raw01,5.01,148.59,95.53,116.3,120.41,84.52,210.98
SCPT_195188_Raw01,5.03,146.94,94.33,114.84,118.68,84.02,211.48
SCPT_195188_Raw01,5.05,150.23,94.95,115.59,119.81,84.69,213.54
SCPT_195188_Raw01,5.07,150.37,95.39,116.13,120.23,85.01,213.79
SCPT_195188_Raw01,5.09,153.97,96.61,117.61,122.08,85.92,215.45
SCPT_195188_Raw01,5.11,155.46,96.84,117.89,122.48,86.27,216.68
SCPT_195188_Raw01,5.13,156.9,97.07,118.17,122.87,86.61,217.87
SCPT_195188_Raw01,5.15,159.58,97.78,119.04,123.99,87.24,219.38
SCPT_195188_Raw01,5.17,161.55,98.06,119.38,124.51,87.65,220.81
SCPT_195188_Raw01,5.19,162.41,98.97,120.48,125.56,88.19,221.09
SCPT_195188_Raw01,5.21,164.22,99.08,120.62,125.86,88.48,222.47
SCPT_195188_Raw01,5.23,164.65,99.03,120.56,125.77,88.61,223.24
SCPT_195188_Raw01,5.25,166.98,98.8,120.28,125.78,88.78,225.08
SCPT_195188_Raw01,5.27,172.11,99.22,120.8,126.95,89.41,227.89
SCPT_195188_Raw01,5.29,175.18,99.62,121.28,127.76,89.88,229.58
SCPT_195188_Raw01,5.31,180.59,100.77,122.67,129.77,90.83,231.95
SCPT_195188_Raw01,5.33,186.72,101.63,123.72,131.55,91.72,234.81
SCPT_195188_Raw01,5.35,193.96,102.37,124.62,133.35,92.57,238.06
SCPT_195188_Raw01,5.37,194.58,103.08,125.49,134.13,93,238.33
SCPT_195188_Raw01,5.39,197.17,103.26,125.71,134.6,93.27,239.68
SCPT_195188_Raw01,5.41,197.53,103.18,125.61,134.45,93.39,240.45
SCPT_195188_Raw01,5.43,194.4,103.18,125.61,133.88,93.32,239.56
SCPT_195188_Raw01,5.45,191.87,102.89,125.26,133.07,93.11,239
SCPT_195188_Raw01,5.47,189.32,101.92,124.08,131.5,92.72,239.15
SCPT_195188_Raw01,5.49,187.73,102.65,124.97,131.96,93.05,238.45
SCPT_195188_Raw01,5.51,186.82,103.02,125.41,132.13,93.27,238.29
SCPT_195188_Raw01,5.53,181.85,102.11,124.3,130.25,92.66,237.01
SCPT_195188_Raw01,5.55,177.18,101.52,123.59,128.77,92.24,235.69
SCPT_195188_Raw01,5.57,175.06,101.39,123.43,128.2,92.16,235.23
SCPT_195188_Raw01,5.59,162.42,100.03,121.77,124.6,90.79,230.04
SCPT_195188_Raw01,5.61,162.69,100.3,122.1,124.84,91.06,230.53
SCPT_195188_Raw01,5.63,158.61,100.15,121.93,123.92,90.81,228.86
SCPT_195188_Raw01,5.65,152.84,99.89,121.6,122.59,90.71,227.1
SCPT_195188_Raw01,5.67,147.69,99.37,120.97,121.07,90.18,224.86
SCPT_195188_Raw01,5.69,143.45,98.92,120.43,119.78,89.76,223.09
SCPT_195188_Raw01,5.71,142.26,99.52,121.16,120.15,90.02,222.32
SCPT_195188_Raw01,5.73,136.4,99.37,120.97,118.85,89.46,218.87
SCPT_195188_Raw01,5.75,132.55,99.56,121.2,118.03,89.34,217.09
SCPT_195188_Raw01,5.77,131.05,98.87,120.37,117.05,89,216.82
SCPT_195188_Raw01,5.79,132.42,99.32,120.92,117.68,89.42,217.86
SCPT_195188_Raw01,5.81,132.77,99.59,121.24,117.93,89.71,218.47
SCPT_195188_Raw01,5.83,134.25,100.88,122.81,119.28,90.61,219.54
SCPT_195188_Raw01,5.85,135.86,101.87,124.02,120.41,91.3,220.56
SCPT_195188_Raw01,5.87,137.26,102.8,125.15,121.44,91.97,221.57
SCPT_195188_Raw01,5.89,136.11,104.21,126.86,122.24,92.67,221.09
SCPT_195188_Raw01,5.91,136.09,104.89,127.69,122.72,92.93,220.92
SCPT_195188_Raw01,5.93,135.39,103.82,126.39,121.64,92.27,220.64
SCPT_195188_Raw01,5.95,131.2,103.19,125.62,120.06,91.72,218.76
SCPT_195188_Raw01,5.97,122.91,102.69,125.01,117.55,90.72,213.93
SCPT_195188_Raw01,5.99,133.26,104.28,126.95,121.32,92.59,220.43
SCPT_195188_Raw01,6.01,158.77,106.18,129.26,128.68,95.41,233.32
SCPT_195188_Raw01,6.03,158.57,105.25,128.13,127.56,94.86,233.71
SCPT_195188_Raw01,6.05,155.6,104.15,126.79,125.78,94.29,233.28
SCPT_195188_Raw01,6.07,157.11,104.06,126.68,125.83,94.53,234.84
SCPT_195188_Raw01,6.09,169.43,108.8,132.46,132.82,97.58,238.92
SCPT_195188_Raw01,6.11,182.31,112.17,136.55,138.27,100.3,244.75
SCPT_195188_Raw01,6.13,217.16,116.68,142.05,148.23,104.38,258.28
SCPT_195188_Raw01,6.15,269.56,122.9,149.62,161.98,109.86,275.42
SCPT_195188_Raw01,6.17,309.3,128.23,156.1,172.6,113.57,285.25
SCPT_195188_Raw01,6.19,354.94,133.01,161.93,183.08,116.84,295.05
SCPT_195188_Raw01,6.21,383.08,135.7,165.2,189.06,118.77,300.92
SCPT_195188_Raw01,6.23,397.21,136.32,165.96,191.21,119.27,303.73
SCPT_195188_Raw01,6.25,404.32,135.63,165.11,191.18,119.12,305.59
SCPT_195188_Raw01,6.27,402.42,135.33,164.75,190.54,119.03,305.72
SCPT_195188_Raw01,6.29,395.88,134.91,164.24,189.24,118.78,304.92
SCPT_195188_Raw01,6.31,391.65,134.72,164,188.44,118.71,304.58
SCPT_195188_Raw01,6.33,394.93,134.75,164.04,188.73,118.91,305.75
SCPT_195188_Raw01,6.35,424.55,135.05,164.4,192.22,119.78,312.04
SCPT_195188_Raw01,6.37,455.68,145.35,176.94,206.16,126.13,318.34
SCPT_195188_Raw01,6.39,466.78,159.06,193.64,221.15,134.25,322.09
SCPT_195188_Raw01,6.41,404.06,180.62,219.89,229.39,147.54,322.72
SCPT_195188_Raw01,6.43,358.61,188.81,229.86,228.83,153.37,319.95
SCPT_195188_Raw01,6.45,356.11,194.48,236.75,232.95,157.6,322.64
SCPT_195188_Raw01,6.47,367.86,202.13,246.07,240.99,163.21,328.52
SCPT_195188_Raw01,6.49,394.48,206.83,251.79,248.76,166.25,334.84
SCPT_195188_Raw01,6.51,416.31,211.88,257.94,256.05,169.63,340.43
SCPT_195188_Raw01,6.53,434.94,221.04,269.1,266.37,176.19,347.42
SCPT_195188_Raw01,6.55,461.12,228.78,278.52,276.52,181.47,354.39
SCPT_195188_Raw01,6.57,444.45,232.54,283.09,277.72,185.12,354.71
SCPT_195188_Raw01,6.59,439.19,234.61,285.61,278.93,187.14,355.49
SCPT_195188_Raw01,6.61,462.32,238.74,290.64,285.51,189.6,360.23
SCPT_195188_Raw01,6.63,455.47,241.8,294.37,287.56,192.6,361.37
SCPT_195188_Raw01,6.65,458.21,244.67,297.86,290.61,195.01,363.38
SCPT_195188_Raw01,6.67,460.71,246.15,299.66,292.27,196.23,364.66
SCPT_195188_Raw01,6.69,472.08,248.23,302.19,295.49,197.47,367.07
SCPT_195188_Raw01,6.71,478.18,249.38,303.59,297.21,198.19,368.51
SCPT_195188_Raw01,6.73,478.87,251.63,306.33,299.48,200.2,369.99
SCPT_195188_Raw01,6.75,479.98,253.52,308.63,301.45,201.89,371.33
SCPT_195188_Raw01,6.77,472.06,254.93,310.35,302.1,203.8,371.64
SCPT_195188_Raw01,6.79,474.32,256.76,312.57,304.19,205.42,373.07
SCPT_195188_Raw01,6.81,479.83,258.8,315.06,306.83,207.02,374.88
SCPT_195188_Raw01,6.83,491.38,260.99,317.73,310.15,208.29,377.25
SCPT_195188_Raw01,6.85,504.1,263.2,320.42,313.59,209.5,379.7
SCPT_195188_Raw01,6.87,515,264.5,322.01,315.87,209.99,381.52
SCPT_195188_Raw01,6.89,519.73,265.07,322.7,316.81,210.23,382.46
SCPT_195188_Raw01,6.91,520.8,264.87,322.45,316.6,210.01,382.74
SCPT_195188_Raw01,6.93,513.86,263.41,320.67,314.32,209.15,381.74
SCPT_195188_Raw01,6.95,509.22,262.15,319.14,312.47,208.34,381.02
SCPT_195188_Raw01,6.97,500.54,260.36,316.96,309.68,207.3,379.68
SCPT_195188_Raw01,6.99,489.17,258.13,314.25,306.17,206.03,377.86
SCPT_195188_Raw01,7.01,474.67,255.59,311.15,302.03,204.69,375.56
SCPT_195188_Raw01,7.03,455.84,251.82,306.56,296.16,202.51,372.16
SCPT_195188_Raw01,7.05,439.08,248.44,302.45,290.89,200.56,369.06
SCPT_195188_Raw01,7.07,422.86,244.89,298.12,285.48,198.41,365.81
SCPT_195188_Raw01,7.09,417.12,241.74,294.29,281.53,195.89,363.84
SCPT_195188_Raw01,7.11,401.41,238.45,290.29,276.43,193.95,360.64
SCPT_195188_Raw01,7.13,388.6,235.41,286.59,271.87,192.04,357.81
SCPT_195188_Raw01,7.15,379.93,233.91,284.76,269.33,191.3,356.24
SCPT_195188_Raw01,7.17,367.51,232.53,283.08,266.52,190.97,354.22
SCPT_195188_Raw01,7.19,364.75,232.75,283.34,266.39,191.44,354.25
SCPT_195188_Raw01,7.21,367.18,233.46,284.22,267.31,191.98,355.2
SCPT_195188_Raw01,7.23,377.82,235.6,286.82,270.56,193.24,357.92
SCPT_195188_Raw01,7.25,379.64,237.38,288.98,272.54,194.87,359.36
SCPT_195188_Raw01,7.27,388.33,241.32,293.78,277.55,198.09,362.76
SCPT_195188_Raw01,7.29,406.8,246.93,300.61,285.31,202.15,368.08
SCPT_195188_Raw01,7.31,410.48,249.15,303.31,288.03,204.12,369.92
SCPT_195188_Raw01,7.33,422.91,249.83,304.14,289.72,203.69,371.81
SCPT_195188_Raw01,7.35,435.11,248.41,302.42,289.21,201.4,372.66
SCPT_195188_Raw01,7.37,431.71,240.46,292.73,280.68,194.49,368.73
SCPT_195188_Raw01,7.39,444.21,233.78,284.6,275.74,188.48,367.52
SCPT_195188_Raw01,7.41,467.37,227.45,276.9,272.91,183.08,368.04
SCPT_195188_Raw01,7.43,475.39,221.26,269.37,268.55,178.55,366.86
SCPT_195188_Raw01,7.45,439.61,216,262.96,259.31,175.41,360.34
SCPT_195188_Raw01,7.47,391.71,211.23,257.15,248.65,172.82,351.74
SCPT_195188_Raw01,7.49,353.54,203,247.13,236.14,167.46,342.34
SCPT_195188_Raw01,7.51,357.82,194.15,236.36,229.33,160.99,339.61
SCPT_195188_Raw01,7.53,324.02,178.57,217.39,211.41,150.26,327.26
SCPT_195188_Raw01,7.55,294.4,169.12,205.88,199,143.75,317.59
SCPT_195188_Raw01,7.57,251.46,159.74,194.47,184.12,137.04,303.77
SCPT_195188_Raw01,7.59,227.52,148.46,180.73,170.77,129.04,293.2
SCPT_195188_Raw01,7.61,221.91,142.19,173.1,164.68,124.83,289.84
SCPT_195188_Raw01,7.63,215.06,136.86,166.62,159.06,121.27,286.55
SCPT_195188_Raw01,7.65,192.7,129.96,158.21,149.11,116.85,278.91
SCPT_195188_Raw01,7.67,183.26,125.48,152.76,143.45,113.89,275.35
SCPT_195188_Raw01,7.69,170.44,122.79,149.48,138.61,111.79,270.09
SCPT_195188_Raw01,7.71,161.01,121.69,148.14,135.72,110.76,266.08
SCPT_195188_Raw01,7.73,157.97,122.72,149.4,135.88,111.33,264.99
SCPT_195188_Raw01,7.75,161.19,124.48,151.54,137.95,112.68,267.01
SCPT_195188_Raw01,7.77,176.52,128.08,155.93,144,115.81,274.78
SCPT_195188_Raw01,7.79,188.25,131.26,159.79,148.86,118.4,280.45
SCPT_195188_Raw01,7.81,207.83,134.53,163.78,155.23,121.31,288.83
SCPT_195188_Raw01,7.83,220.6,135.89,165.43,158.64,122.71,293.93
SCPT_195188_Raw01,7.85,236.5,137.19,167.01,162.26,124.22,300.25
SCPT_195188_Raw01,7.87,246.78,136.21,165.82,162.71,124.22,304.74
SCPT_195188_Raw01,7.89,256.01,140.83,171.45,168.4,127.28,307.76
SCPT_195188_Raw01,7.91,256.92,141.44,172.19,169.03,127.81,308.54
SCPT_195188_Raw01,7.93,265.3,142.5,173.48,171.14,128.85,311.79
SCPT_195188_Raw01,7.95,278.4,143.6,174.82,173.93,130.01,316.35
SCPT_195188_Raw01,7.97,292.63,145.94,177.67,178.02,131.9,321
SCPT_195188_Raw01,7.99,302.9,148.5,180.79,181.75,133.76,324.28
SCPT_195188_Raw01,8.01,316.81,150.14,182.78,185.05,135.19,328.56
SCPT_195188_Raw01,8.03,328.47,151.92,184.95,188.16,136.64,332.13
SCPT_195188_Raw01,8.05,331.62,151.96,185,188.52,136.9,333.51
SCPT_195188_Raw01,8.07,331.18,151.14,184,187.58,136.62,334.09
SCPT_195188_Raw01,8.09,326.18,150.21,182.87,185.95,136.14,333.4
SCPT_195188_Raw01,8.11,319.66,148.78,181.12,183.64,135.37,332.43
SCPT_195188_Raw01,8.13,310.04,147.3,179.32,180.87,134.48,330.53
SCPT_195188_Raw01,8.15,300.83,146.03,177.77,178.34,133.66,328.56
SCPT_195188_Raw01,8.17,294.98,145.45,177.07,176.92,133.33,327.45
SCPT_195188_Raw01,8.19,292.25,145.03,176.56,176.05,133.17,327.25
SCPT_195188_Raw01,8.21,287.45,144.69,176.15,174.99,132.97,326.34
SCPT_195188_Raw01,8.23,283.05,144.25,175.61,173.87,132.74,325.56
SCPT_195188_Raw01,8.25,278.59,144.02,175.33,172.95,132.64,324.78
SCPT_195188_Raw01,8.27,276.79,143.75,175,172.35,132.64,324.91
SCPT_195188_Raw01,8.29,274.01,143.92,175.21,172.04,132.78,324.49
SCPT_195188_Raw01,8.31,271.66,143.55,174.75,171.26,132.61,324.25
SCPT_195188_Raw01,8.33,268.97,143.01,174.1,170.29,132.33,323.87
SCPT_195188_Raw01,8.35,264.35,142.18,173.09,168.75,131.84,322.98
SCPT_195188_Raw01,8.37,260.67,141.8,172.63,167.79,131.58,322.15
SCPT_195188_Raw01,8.39,253.28,140.55,171.1,165.44,130.77,320.35
SCPT_195188_Raw01,8.41,250.44,140.76,171.36,165.16,130.85,319.63
SCPT_195188_Raw01,8.43,246.9,140.27,170.77,164.09,130.54,318.84
SCPT_195188_Raw01,8.45,243.48,139.61,169.96,162.88,130.18,318.24
SCPT_195188_Raw01,8.47,242.17,139.31,169.59,162.31,129.91,317.9
SCPT_195188_Raw01,8.49,239.57,138.11,168.13,160.69,129.05,317.21
SCPT_195188_Raw01,8.51,235.08,136.09,165.67,158,127.77,316.24
SCPT_195188_Raw01,8.53,235.16,134.36,163.56,156.23,126.57,316.4
SCPT_195188_Raw01,8.55,227.21,132.12,160.84,152.78,124.81,313.71
SCPT_195188_Raw01,8.57,225.29,130.89,159.35,151.19,124.05,313.56
SCPT_195188_Raw01,8.59,204.88,127.87,155.67,145.07,121.59,306.44
SCPT_195188_Raw01,8.61,183.97,124.14,151.13,138.02,118.69,298.8
SCPT_195188_Raw01,8.63,171.79,122.81,149.51,134.68,117.35,293.42
SCPT_195188_Raw01,8.65,153.98,120.47,146.66,129.33,115.3,285.32
SCPT_195188_Raw01,8.67,148.92,119.64,145.65,127.57,114.66,283.16
SCPT_195188_Raw01,8.69,146.24,119.46,145.43,126.86,114.52,282.06
SCPT_195188_Raw01,8.71,144.21,119.76,145.8,126.75,114.64,280.95
SCPT_195188_Raw01,8.73,143,120.08,146.18,126.79,114.8,280.3
SCPT_195188_Raw01,8.75,146.09,120.96,147.26,128.13,115.64,282.35
SCPT_195188_Raw01,8.77,147.25,121.17,147.51,128.45,115.97,283.49
SCPT_195188_Raw01,8.79,148.61,121.43,147.83,128.87,116.29,284.6
SCPT_195188_Raw01,8.81,147.92,121.02,147.33,128.26,116.08,284.73
SCPT_195188_Raw01,8.83,144.22,119.83,145.88,126.34,115.32,283.55
SCPT_195188_Raw01,8.85,140.14,119.29,145.22,125.02,114.82,281.55
SCPT_195188_Raw01,8.87,133.98,118.7,144.5,123.29,114.06,277.79
SCPT_195188_Raw01,8.89,126.74,118.85,144.68,122.1,113.46,272.2
SCPT_195188_Raw01,8.91,121.78,120,146.09,122,113.63,268.16
SCPT_195188_Raw01,8.93,114.92,120.25,146.39,120.64,113.07,262.7
SCPT_195188_Raw01,8.95,115.47,120.78,147.04,121.17,113.45,263.15
SCPT_195188_Raw01,8.97,115.79,121.31,147.68,121.64,113.77,263.33
SCPT_195188_Raw01,8.99,114.34,120.4,146.58,120.48,112.97,262.28
SCPT_195188_Raw01,9.01,112.24,119.64,145.64,119.28,112.3,260.93
SCPT_195188_Raw01,9.03,109.52,117.26,142.75,116.52,110.91,260.32
SCPT_195188_Raw01,9.05,108.18,115.54,140.65,114.61,110.13,260.95
SCPT_195188_Raw01,9.07,109.7,115.55,140.67,114.9,110.47,262.81
SCPT_195188_Raw01,9.09,109.51,115.41,140.5,114.67,110.52,263.23
SCPT_195188_Raw01,9.11,108.74,116.29,141.57,115.23,110.95,262.31
SCPT_195188_Raw01,9.13,113.9,119.22,145.14,118.94,113.12,265.43
SCPT_195188_Raw01,9.15,110.82,119.67,145.69,118.6,112.7,261.94
SCPT_195188_Raw01,9.17,111.01,119.69,145.71,118.6,112.26,261.15
SCPT_195188_Raw01,9.19,107.99,116.35,141.64,114.89,110.28,260.75
SCPT_195188_Raw01,9.21,107.94,116.06,141.29,114.55,110.31,261.48
SCPT_195188_Raw01,9.23,109.61,116.78,142.16,115.51,111.07,263.15
SCPT_195188_Raw01,9.25,108.05,116.92,142.33,115.23,111.1,262.14
SCPT_195188_Raw01,9.27,102.5,115.71,140.87,112.85,109.94,258.13
SCPT_195188_Raw01,9.29,101.75,115.32,140.39,112.27,109.83,258.25
SCPT_195188_Raw01,9.31,101.39,115.49,140.59,112.28,110.07,258.42
SCPT_195188_Raw01,9.33,100.84,116.04,141.27,112.61,110.41,257.93
SCPT_195188_Raw01,9.35,99.95,115.76,140.92,112.1,110.3,257.72
SCPT_195188_Raw01,9.37,98.08,115.13,140.16,111.05,109.9,256.79
SCPT_195188_Raw01,9.39,96.77,114.2,139.03,109.84,109.5,256.87
SCPT_195188_Raw01,9.41,96.57,114.05,138.84,109.59,109.57,257.35
SCPT_195188_Raw01,9.43,97.38,114.9,139.88,110.5,110.2,257.89
SCPT_195188_Raw01,9.45,96.61,115.77,140.94,111.07,110.59,256.69
SCPT_195188_Raw01,9.47,97.41,116.83,142.23,112.16,111.07,256.53
SCPT_195188_Raw01,9.49,96,115.47,140.58,110.54,110.36,256.57
SCPT_195188_Raw01,9.51,94.55,115.01,140.02,109.74,110.12,255.96
SCPT_195188_Raw01,9.53,94.14,114.67,139.6,109.28,110.11,256.44
SCPT_195188_Raw01,9.55,94.19,115.19,140.23,109.71,110.54,256.62
SCPT_195188_Raw01,9.57,96.48,116.69,142.06,111.54,111.7,258.3
SCPT_195188_Raw01,9.59,98.79,117.91,143.55,113.11,112.58,259.89
SCPT_195188_Raw01,9.61,97.9,117.94,143.58,112.88,112.44,258.99
SCPT_195188_Raw01,9.63,98.37,117.43,142.95,112.46,112.28,260.11
SCPT_195188_Raw01,9.65,97.55,117.82,143.43,112.58,112.12,258.52
SCPT_195188_Raw01,9.67,97.79,117.14,142.61,111.96,112.06,260.01
SCPT_195188_Raw01,9.69,97.2,116.47,141.79,111.15,111.96,260.79
SCPT_195188_Raw01,9.71,97.54,117.03,142.47,111.69,112.48,261.31
SCPT_195188_Raw01,9.73,98.42,118.33,144.06,113.02,113.31,261.54
SCPT_195188_Raw01,9.75,100.2,120.31,146.47,115.14,114.55,262.14
SCPT_195188_Raw01,9.77,99.98,120.62,146.84,115.31,114.58,261.62
SCPT_195188_Raw01,9.79,100.17,119.96,146.04,114.71,114.1,262.02
SCPT_195188_Raw01,9.81,101.36,119.61,145.61,114.6,114.13,263.76
SCPT_195188_Raw01,9.83,97.06,118.74,144.56,112.81,113.33,260.5
SCPT_195188_Raw01,9.85,98.35,119.02,144.89,113.29,113.88,262.37
SCPT_195188_Raw01,9.87,98.04,118.71,144.52,112.89,113.85,262.83
SCPT_195188_Raw01,9.89,96.24,118.45,144.2,112.19,113.63,261.6
SCPT_195188_Raw01,9.91,98.49,119.59,145.59,113.67,114.6,263.5
SCPT_195188_Raw01,9.93,101.51,120.94,147.23,115.5,115.88,266.29
SCPT_195188_Raw01,9.95,100.74,121.71,148.16,115.96,116.22,265.22
SCPT_195188_Raw01,9.97,102.29,121.51,147.92,116.07,116.08,266.57
SCPT_195188_Raw01,9.99,99.75,118.4,144.14,112.63,114.35,266.79
SCPT_195188_Raw01,10.01,98.77,118.42,144.17,112.38,114.42,266.32
SCPT_195188_Raw01,10.03,100.29,118.99,144.86,113.18,115.08,268.03
SCPT_195188_Raw01,10.05,99.93,119.06,144.94,113.1,115.25,268.18
SCPT_195188_Raw01,10.07,95.52,118.13,143.81,111.23,114.25,264.46
SCPT_195188_Raw01,10.09,95.48,117.53,143.08,110.61,114.14,265.54
SCPT_195188_Raw01,10.11,94.67,117.09,142.55,109.97,114.01,265.65
SCPT_195188_Raw01,10.13,93.57,116.77,142.15,109.36,113.81,265.11
SCPT_195188_Raw01,10.15,93.48,117,142.44,109.51,114.05,265.26
SCPT_195188_Raw01,10.17,94.29,118.42,144.16,110.95,114.9,265.17
SCPT_195188_Raw01,10.19,97.38,119.97,146.05,113,115.76,266.68
SCPT_195188_Raw01,10.21,93.69,117.9,143.53,110.22,114.31,264.68
SCPT_195188_Raw01,10.23,93.13,117.57,143.13,109.73,114.2,264.8
SCPT_195188_Raw01,10.25,91.64,116.73,142.11,108.56,113.81,264.54
SCPT_195188_Raw01,10.27,92.41,116.74,142.11,108.68,114.25,266.36
SCPT_195188_Raw01,10.29,89.32,116.28,141.56,107.53,113.63,263.39
SCPT_195188_Raw01,10.31,91.61,117.35,142.86,108.97,114.36,264.97
SCPT_195188_Raw01,10.33,92.82,118.54,144.31,110.29,115.3,265.87
SCPT_195188_Raw01,10.35,95.55,120.42,146.6,112.57,116.59,267.45
SCPT_195188_Raw01,10.37,96.95,120.27,146.42,112.68,116.51,268.83
SCPT_195188_Raw01,10.39,96.45,119.57,145.57,111.86,116.31,269.54
SCPT_195188_Raw01,10.41,95.45,119.37,145.32,111.41,116.2,269.04
SCPT_195188_Raw01,10.43,96.32,119.83,145.88,111.97,116.44,269.5
SCPT_195188_Raw01,10.45,90.36,117.76,143.36,108.69,114.67,264.84
SCPT_195188_Raw01,10.47,89.4,117.51,143.05,108.19,114.63,264.6
SCPT_195188_Raw01,10.49,88.85,117.51,143.05,108.01,114.67,264.38
SCPT_195188_Raw01,10.51,89.25,117.97,143.62,108.49,115.1,264.9
SCPT_195188_Raw01,10.53,89.71,118.21,143.91,108.75,115.45,265.76
SCPT_195188_Raw01,10.55,89.86,118.55,144.32,109.05,115.69,265.91
SCPT_195188_Raw01,10.57,89.94,118.75,144.56,109.19,115.84,266.04
SCPT_195188_Raw01,10.59,90.4,118.9,144.75,109.38,116.09,266.88
SCPT_195188_Raw01,10.61,90.23,118.34,144.06,108.75,115.91,267.65
SCPT_195188_Raw01,10.63,89.94,118.21,143.91,108.52,115.89,267.77
SCPT_195188_Raw01,10.65,90.5,119.05,144.92,109.37,116,266.89
SCPT_195188_Raw01,10.67,89.3,117.88,143.51,107.95,115.64,267.64
SCPT_195188_Raw01,10.69,88.07,117.17,142.64,106.95,115.42,267.74
SCPT_195188_Raw01,10.71,87.84,117.26,142.75,106.93,115.58,267.87
SCPT_195188_Raw01,10.73,86.77,117.15,142.62,106.54,115.44,266.95
SCPT_195188_Raw01,10.75,85.37,116.95,142.38,106,115.18,265.63
SCPT_195188_Raw01,10.77,85.99,117.26,142.76,106.37,115.53,266.5
SCPT_195188_Raw01,10.79,86.12,117.48,143.02,106.56,115.68,266.64
SCPT_195188_Raw01,10.81,84.87,117.36,142.87,106.12,115.43,265.29
SCPT_195188_Raw01,10.83,85.55,117.22,142.71,106.07,115.62,266.87
SCPT_195188_Raw01,10.85,85.79,117.21,142.69,106.05,115.8,267.7
SCPT_195188_Raw01,10.87,84.98,117.28,142.78,105.89,115.73,266.76
SCPT_195188_Raw01,10.89,85.88,117.71,143.3,106.44,116.07,267.62
SCPT_195188_Raw01,10.91,86.35,117.79,143.4,106.56,116.25,268.46
SCPT_195188_Raw01,10.93,86.43,117.79,143.39,106.51,116.03,268.2
SCPT_195188_Raw01,10.95,85.74,117.71,143.3,106.24,116.08,267.98
SCPT_195188_Raw01,10.97,86.26,118.17,143.86,106.74,116.61,268.85
SCPT_195188_Raw01,10.99,80.01,113.17,137.77,100.38,113.88,268.3
SCPT_195188_Raw01,11.01,84.5,117.8,143.41,105.9,116.33,267.65
SCPT_195188_Raw01,11.03,83.23,117.33,142.84,105.13,116.08,267.01
SCPT_195188_Raw01,11.05,84.75,116.36,141.65,104.4,116.21,271.29
SCPT_195188_Raw01,11.07,88.81,118.88,144.73,107.66,117.93,273.53
SCPT_195188_Raw01,11.09,93.94,122.4,149,112.03,119.57,274.47
SCPT_195188_Raw01,11.11,91.84,121.05,147.36,110.26,118.94,274.2
SCPT_195188_Raw01,11.13,89.16,119.73,145.75,108.38,118.29,273.3
SCPT_195188_Raw01,11.15,91.05,119.81,145.86,108.79,118.96,276.56
SCPT_195188_Raw01,11.17,88.3,120.15,146.27,108.5,118.75,272.95
SCPT_195188_Raw01,11.19,88.41,121.32,147.69,109.59,119.1,271.45
SCPT_195188_Raw01,11.21,88.35,121.4,147.79,109.6,118.88,270.86
SCPT_195188_Raw01,11.23,85.62,118.88,144.72,106.55,117.66,271.17
SCPT_195188_Raw01,11.25,85.76,118.62,144.4,106.26,117.91,272.66
SCPT_195188_Raw01,11.27,84.93,118.44,144.19,105.86,117.78,272.09
SCPT_195188_Raw01,11.29,84.88,118.55,144.32,105.9,117.74,271.87
SCPT_195188_Raw01,11.31,88.19,120.72,146.96,108.63,119.53,274.5
SCPT_195188_Raw01,11.33,92.19,124.06,151.03,112.58,121.7,276.12
SCPT_195188_Raw01,11.35,90.54,124.02,150.98,112.15,121.16,273.62
SCPT_195188_Raw01,11.37,90.17,123.67,150.56,111.69,120.35,272.29
SCPT_195188_Raw01,11.39,88.43,122.1,148.64,109.79,119.69,272.67
SCPT_195188_Raw01,11.41,86.67,121.04,147.35,108.36,119.23,272.39
SCPT_195188_Raw01,11.43,85.47,120.17,146.29,107.21,118.85,272.46
SCPT_195188_Raw01,11.45,83.75,118.88,144.73,105.54,118.11,272.14
SCPT_195188_Raw01,11.47,81.96,118.02,143.68,104.27,117.69,271.51
SCPT_195188_Raw01,11.49,82.44,118.36,144.1,104.65,118.12,272.37
SCPT_195188_Raw01,11.51,82.67,118.79,144.62,105.07,118.45,272.52
SCPT_195188_Raw01,11.53,82.27,118.39,144.12,104.52,118.33,272.96
SCPT_195188_Raw01,11.55,81.84,118.19,143.88,104.18,118.3,273.07
SCPT_195188_Raw01,11.57,80.2,118.03,143.69,103.64,117.94,271.03
SCPT_195188_Raw01,11.59,85.28,119.98,146.06,106.52,119.91,276.47
SCPT_195188_Raw01,11.61,88.89,121.87,148.37,109.04,121.38,279.23
SCPT_195188_Raw01,11.63,87.86,122.02,148.54,108.92,121.26,277.8
SCPT_195188_Raw01,11.65,93.34,125.22,152.44,113.03,122.93,279.94
SCPT_195188_Raw01,11.67,91.76,124.12,151.1,111.62,122.49,280
SCPT_195188_Raw01,11.69,89.01,122.28,148.87,109.24,121.52,279.4
SCPT_195188_Raw01,11.71,91.36,122.91,149.62,110.24,122.58,282.85
SCPT_195188_Raw01,11.73,95.22,125.52,152.81,113.47,124.7,285.66
SCPT_195188_Raw01,11.75,95.95,127.47,155.18,115.41,125.41,283.97
SCPT_195188_Raw01,11.77,96.17,127.13,154.77,115.08,124.84,283.74
SCPT_195188_Raw01,11.79,92.26,123.78,150.69,111.04,123,283.36
SCPT_195188_Raw01,11.81,92.74,123.31,150.12,110.61,122.92,284.84
SCPT_195188_Raw01,11.83,94.02,123.51,150.36,110.99,123.66,287.42
SCPT_195188_Raw01,11.85,91.8,123.49,150.34,110.49,123.47,285.14
SCPT_195188_Raw01,11.87,91.06,123.32,150.12,110.12,123.2,284.4
SCPT_195188_Raw01,11.89,85.41,121.41,147.8,107.09,121.29,278.96
SCPT_195188_Raw01,11.91,83.71,120.52,146.72,105.82,120.82,278.38
SCPT_195188_Raw01,11.93,84.3,120.84,147.11,106.19,121.15,279.17
SCPT_195188_Raw01,11.95,85.54,121.85,148.34,107.38,121.92,280
SCPT_195188_Raw01,11.97,86.93,123.63,150.5,109.35,122.55,278.92
SCPT_195188_Raw01,11.99,87.15,123.29,150.09,109,121.92,278.63
SCPT_195188_Raw01,12.01,83.6,120.87,147.15,105.86,120.54,277.59
SCPT_195188_Raw01,12.03,82.96,120.41,146.58,105.21,120.61,278.37
SCPT_195188_Raw01,12.05,82.78,120.86,147.14,105.58,121.02,278.2
SCPT_195188_Raw01,12.07,88.36,122.96,149.69,108.67,123.28,284.41
SCPT_195188_Raw01,12.09,91.13,125.06,152.25,111.22,124.62,285.53
SCPT_195188_Raw01,12.11,96.26,128.25,156.12,115.22,127.1,289.18
SCPT_195188_Raw01,12.13,99.67,130.17,158.47,117.65,127.55,289.34
SCPT_195188_Raw01,12.15,99.77,130.68,159.09,118.09,127.99,289.51
SCPT_195188_Raw01,12.17,98.5,130.58,158.96,117.69,127.9,288.56
SCPT_195188_Raw01,12.19,96.21,128.87,156.88,115.58,126.79,287.73
SCPT_195188_Raw01,12.21,87.12,124.65,151.74,109.71,123.4,280.66
SCPT_195188_Raw01,12.23,86.51,123.82,150.74,108.72,123.23,281.7
SCPT_195188_Raw01,12.25,83.97,122.56,149.2,106.92,122.48,280.45
SCPT_195188_Raw01,12.27,85.05,122.72,149.39,107.22,122.82,282.19
SCPT_195188_Raw01,12.29,86.01,122.87,149.58,107.49,122.78,282.91
SCPT_195188_Raw01,12.31,85.65,122.55,149.19,107.04,122.57,283
SCPT_195188_Raw01,12.33,84.57,121.9,148.4,106.12,122.34,283.08
SCPT_195188_Raw01,12.35,85.02,122.14,148.7,106.39,122.92,284.47
SCPT_195188_Raw01,12.37,83.53,121.89,148.38,105.8,122.65,283.03
SCPT_195188_Raw01,12.39,82.03,121.44,147.83,105.01,122.43,282.17
SCPT_195188_Raw01,12.41,80.24,120.8,147.06,103.98,122.01,280.94
SCPT_195188_Raw01,12.43,80.46,121.01,147.32,104.18,122.27,281.41
SCPT_195188_Raw01,12.45,80.18,121.21,147.56,104.27,122.31,280.86
SCPT_195188_Raw01,12.47,79.95,121.1,147.42,104.05,122.28,280.97
SCPT_195188_Raw01,12.49,79.19,120.84,147.11,103.6,122.05,280.38
SCPT_195188_Raw01,12.51,78.55,120.53,146.73,103.1,122,280.48
SCPT_195188_Raw01,12.53,78.38,120.53,146.73,103.01,122.06,280.6
SCPT_195188_Raw01,12.55,77.17,120.32,146.47,102.52,121.82,279.31
SCPT_195188_Raw01,12.57,76.55,120.39,146.56,102.43,121.74,278.35
SCPT_195188_Raw01,12.59,77.22,121.03,147.34,103.16,122.26,278.87
SCPT_195188_Raw01,12.61,78.44,121.48,147.88,103.78,122.72,280.42
SCPT_195188_Raw01,12.63,78.99,121.38,147.77,103.71,122.89,281.9
SCPT_195188_Raw01,12.65,80.15,122.37,148.97,104.88,123.39,282.06
SCPT_195188_Raw01,12.67,79.04,121.9,148.4,104.15,123.26,281.82
SCPT_195188_Raw01,12.69,82.65,123.25,150.05,106.11,124.76,286.23
SCPT_195188_Raw01,12.71,83.84,124.49,151.55,107.53,125.52,286.43
SCPT_195188_Raw01,12.73,82.14,124.22,151.23,106.91,124.93,283.97
SCPT_195188_Raw01,12.75,81.21,123.31,150.12,105.75,124.21,283.67
SCPT_195188_Raw01,12.77,79.44,122.16,148.72,104.19,123.64,283.39
SCPT_195188_Raw01,12.79,78.33,121.68,148.13,103.43,123.5,283.15
SCPT_195188_Raw01,12.81,77.65,121.48,147.89,103.05,123.46,282.92
SCPT_195188_Raw01,12.83,77.1,121.47,147.87,102.89,123.42,282.35
SCPT_195188_Raw01,12.85,75.5,121.06,147.38,102.13,122.87,280.31
SCPT_195188_Raw01,12.87,77.05,121.77,148.25,103.08,123.6,282.24
SCPT_195188_Raw01,12.89,76.49,121.79,148.26,102.95,123.44,281.29
SCPT_195188_Raw01,12.91,77.25,122.01,148.53,103.25,123.71,282.46
SCPT_195188_Raw01,12.93,78.55,122.9,149.62,104.34,124.32,283.31
SCPT_195188_Raw01,12.95,78.88,122.86,149.56,104.29,124.65,284.78
SCPT_195188_Raw01,12.97,78.9,122.89,149.6,104.27,124.8,285.23
SCPT_195188_Raw01,12.99,79.07,123,149.74,104.36,124.94,285.67
SCPT_195188_Raw01,13.01,79.23,123.14,149.91,104.47,125,285.78
SCPT_195188_Raw01,13.03,79.21,123.16,149.93,104.43,125.14,286.22
SCPT_195188_Raw01,13.05,79.23,123.32,150.13,104.55,125.3,286.35
SCPT_195188_Raw01,13.07,81.09,124.41,151.46,105.94,126.24,288.13
SCPT_195188_Raw01,13.09,80.58,124.33,151.36,105.71,126.12,287.6
SCPT_195188_Raw01,13.11,79.68,123.96,150.91,105.12,125.71,286.71
SCPT_195188_Raw01,13.13,78.99,123.39,150.21,104.34,125.23,286.44
SCPT_195188_Raw01,13.15,77.79,122.68,149.35,103.33,125.02,286.52
SCPT_195188_Raw01,13.17,76.99,122.35,148.95,102.78,124.9,286.28
SCPT_195188_Raw01,13.19,76.32,122.06,148.6,102.31,124.75,286.04
SCPT_195188_Raw01,13.21,75.5,122,148.52,102.05,124.52,284.79
SCPT_195188_Raw01,13.23,78,123.4,150.23,103.9,125.21,285.98
SCPT_195188_Raw01,13.25,77.06,123.19,149.97,103.46,125.16,285.41
SCPT_195188_Raw01,13.27,76.82,123.14,149.91,103.31,125.21,285.52
SCPT_195188_Raw01,13.29,75.63,122.52,149.16,102.4,124.81,284.9
SCPT_195188_Raw01,13.31,75.38,122.36,148.96,102.12,124.87,285.35
SCPT_195188_Raw01,13.33,74.66,122.06,148.59,101.62,124.74,285.09
SCPT_195188_Raw01,13.35,75.51,122.58,149.23,102.27,125.16,285.92
SCPT_195188_Raw01,13.37,74.16,122.22,148.79,101.6,124.72,284.26
SCPT_195188_Raw01,13.39,74.84,122.6,149.25,102.06,125.06,285.09
SCPT_195188_Raw01,13.41,75.46,122.95,149.67,102.47,125.39,285.92
SCPT_195188_Raw01,13.43,76.38,123.59,150.46,103.25,125.91,286.75
SCPT_195188_Raw01,13.45,77.26,123.84,150.76,103.59,126.26,288.21
SCPT_195188_Raw01,13.47,77.45,124.09,151.07,103.84,126.58,288.67
SCPT_195188_Raw01,13.49,77.43,124.22,151.23,103.91,126.72,288.79
SCPT_195188_Raw01,13.51,79.28,124.83,151.97,104.79,127.49,291.48
SCPT_195188_Raw01,13.53,79.97,125.37,152.62,105.41,127.99,292.24
SCPT_195188_Raw01,13.55,79.97,125.73,153.06,105.73,128.12,291.76
SCPT_195188_Raw01,13.57,77.39,124.74,151.86,104.22,127.1,288.92
SCPT_195188_Raw01,13.59,79.07,125.28,152.51,104.99,127.88,291.63
SCPT_195188_Raw01,13.61,79.67,125.16,152.37,104.9,128.18,293.56
SCPT_195188_Raw01,13.63,80.44,125.67,152.99,105.5,128.59,294.3
SCPT_195188_Raw01,13.65,83.72,128.11,155.96,108.53,129.51,294.22
SCPT_195188_Raw01,13.67,81.01,126.52,154.02,106.38,128.69,293.34
SCPT_195188_Raw01,13.69,79.48,125.63,152.94,105.14,128.32,293.1
SCPT_195188_Raw01,13.71,78.16,124.94,152.1,104.13,127.93,292.55
SCPT_195188_Raw01,13.73,76.35,124.21,151.21,103,127.36,291.04
SCPT_195188_Raw01,13.75,74.5,123.74,150.64,102.17,126.84,288.81
SCPT_195188_Raw01,13.77,74.75,123.96,150.9,102.38,127.07,289.27
SCPT_195188_Raw01,13.79,74.43,124.08,151.05,102.41,127.1,288.71
SCPT_195188_Raw01,13.81,75.6,124.63,151.73,103.12,127.64,290.19
SCPT_195188_Raw01,13.83,75.47,124.64,151.74,103.05,127.69,290.3
SCPT_195188_Raw01,13.85,75.26,124.46,151.51,102.76,127.55,290.39
SCPT_195188_Raw01,13.87,74.71,124.13,151.11,102.26,127.43,290.47
SCPT_195188_Raw01,13.89,74.57,124.12,151.11,102.17,127.48,290.58
SCPT_195188_Raw01,13.91,74.12,124.01,150.97,101.93,127.44,290.34
SCPT_195188_Raw01,13.93,74.06,124.22,151.23,102.09,127.57,290.13
SCPT_195188_Raw01,13.95,74.75,124.57,151.65,102.51,127.99,291.26
SCPT_195188_Raw01,13.97,75.5,125.07,152.26,103.1,128.41,292.05
SCPT_195188_Raw01,13.99,76.19,125.29,152.52,103.38,128.65,293.13
SCPT_195188_Raw01,14.01,77.59,126.03,153.43,104.33,129.4,294.85
SCPT_195188_Raw01,14.03,79.1,126.7,154.24,105.21,130.24,297.11
SCPT_195188_Raw01,14.05,80.36,127.52,155.24,106.22,130.87,298.14
SCPT_195188_Raw01,14.07,80.68,127.53,155.26,106.22,130.92,298.81
SCPT_195188_Raw01,14.09,79.75,127.25,154.91,105.72,130.56,297.74
SCPT_195188_Raw01,14.11,79.79,127.15,154.8,105.56,130.77,298.71
SCPT_195188_Raw01,14.13,79.27,127.02,154.63,105.28,130.74,298.53
SCPT_195188_Raw01,14.15,78.91,126.95,154.55,105.09,130.71,298.34
SCPT_195188_Raw01,14.17,77.75,126.76,154.32,104.66,130.34,296.66
SCPT_195188_Raw01,14.19,77.15,126.51,154.01,104.25,130.23,296.45
SCPT_195188_Raw01,14.21,77.11,126.6,154.12,104.28,130.19,296.24
SCPT_195188_Raw01,14.23,77.13,126.84,154.42,104.49,130.32,296.06
SCPT_195188_Raw01,14.25,77.49,127.01,154.62,104.66,130.55,296.78
SCPT_195188_Raw01,14.27,78.63,127.68,155.43,105.49,131.19,298.14
SCPT_195188_Raw01,14.29,76.91,127.11,154.74,104.57,130.55,296.08
SCPT_195188_Raw01,14.31,75.01,126.22,153.66,103.27,129.72,294.21
SCPT_195188_Raw01,14.33,73.03,125.23,152.46,101.85,128.95,292.59
SCPT_195188_Raw01,14.35,70.03,123.45,150.29,99.39,127.78,290.86
SCPT_195188_Raw01,14.37,68.49,122.93,149.65,98.54,127.32,289.14
SCPT_195188_Raw01,14.39,69.09,123.35,150.17,99.05,127.76,290
SCPT_195188_Raw01,14.41,69.29,123.73,150.62,99.44,127.78,289.39
SCPT_195188_Raw01,14.43,69.85,124.06,151.03,99.83,128.12,290.24
SCPT_195188_Raw01,14.45,71.46,125.05,152.24,101.09,128.94,291.82
SCPT_195188_Raw01,14.47,72.41,125.5,152.79,101.66,129.46,293.33
SCPT_195188_Raw01,14.49,72.96,125.83,153.19,102.04,129.79,294.12
SCPT_195188_Raw01,14.51,74.64,126.54,154.05,102.98,130.59,296.55
SCPT_195188_Raw01,14.53,74.57,126.64,154.17,103.02,130.73,296.66
SCPT_195188_Raw01,14.55,73.63,126.29,153.74,102.44,130.42,295.78
SCPT_195188_Raw01,14.57,71.4,125.5,152.78,101.23,129.5,292.81
SCPT_195188_Raw01,14.59,72.96,125.94,153.32,101.85,130.33,295.96
SCPT_195188_Raw01,14.61,75.52,127.11,154.75,103.42,131.54,299.27
SCPT_195188_Raw01,14.63,78.86,130.48,158.84,107.51,132.58,297.05
SCPT_195188_Raw01,14.65,80.85,131.04,159.53,108.33,132.58,298.38
SCPT_195188_Raw01,14.67,79.23,129.82,158.04,106.72,132.29,299.05
SCPT_195188_Raw01,14.69,78.4,129.3,157.4,105.98,132.52,300.07
SCPT_195188_Raw01,14.71,78.9,129.48,157.63,106.19,133.07,301.68
SCPT_195188_Raw01,14.73,78.3,129.36,157.48,105.92,133.14,301.5
SCPT_195188_Raw01,14.75,76.61,128.61,156.56,104.81,132.67,300.38
SCPT_195188_Raw01,14.77,75.95,128.01,155.83,103.99,132.54,301.05
SCPT_195188_Raw01,14.79,75.12,127.67,155.43,103.45,132.33,300.53
SCPT_195188_Raw01,14.81,74.39,127.41,155.1,103,132.3,300.33
SCPT_195188_Raw01,14.83,72.93,127.05,154.67,102.37,131.81,298.24
SCPT_195188_Raw01,14.85,72.47,126.96,154.56,102.15,131.67,297.69
SCPT_195188_Raw01,14.87,72.95,127.3,154.98,102.54,131.92,298.13
SCPT_195188_Raw01,14.89,74.11,128.03,155.86,103.43,132.05,298.24
SCPT_195188_Raw01,14.91,74.19,128.16,156.02,103.53,132.27,298.67
SCPT_195188_Raw01,14.93,73.63,127.93,155.75,103.15,132.32,298.78
SCPT_195188_Raw01,14.95,73.47,128.04,155.87,103.19,132.53,298.9
SCPT_195188_Raw01,14.97,73.77,128.45,156.37,103.62,132.85,299.03
SCPT_195188_Raw01,14.99,73.36,128.53,156.47,103.62,132.78,298.16
SCPT_195188_Raw01,15.01,72.63,128.66,156.63,103.62,132.68,296.61
SCPT_195188_Raw01,15.03,73.11,129.06,157.12,104.07,133,297.08
SCPT_195188_Raw01,15.05,73.48,129.8,158.02,104.89,133.23,296.19
SCPT_195188_Raw01,15.07,72.54,129.57,157.74,104.47,132.77,294.51
SCPT_195188_Raw01,15.09,71.6,128.82,156.83,103.46,132.23,294.19
SCPT_195188_Raw01,15.11,72.31,128.99,157.03,103.66,132.7,296.08
SCPT_195188_Raw01,15.13,72,128.91,156.94,103.48,132.95,296.54
SCPT_195188_Raw01,15.15,72.58,129.36,157.49,104,133.25,297
SCPT_195188_Raw01,15.17,72.63,129.32,157.43,103.89,133.42,297.78
SCPT_195188_Raw01,15.19,72.75,129.46,157.6,104.01,133.65,298.23
SCPT_195188_Raw01,15.21,73.42,129.57,157.74,104.14,134.02,299.98
SCPT_195188_Raw01,15.23,73.83,129.74,157.94,104.32,134.34,301.06
SCPT_195188_Raw01,15.25,74.49,130.09,158.37,104.73,134.74,302.12
SCPT_195188_Raw01,15.27,75.89,130.62,159.02,105.42,135.4,304.37
SCPT_195188_Raw01,15.29,77.56,131.6,160.21,106.65,136.19,305.98
SCPT_195188_Raw01,15.31,79.19,132.21,160.95,107.45,136.88,308.35
SCPT_195188_Raw01,15.33,79.03,132.04,160.75,107.18,136.85,308.71
SCPT_195188_Raw01,15.35,79.09,132.11,160.83,107.2,136.98,309.08
SCPT_195188_Raw01,15.37,78.71,132.28,161.04,107.29,137.04,308.39
SCPT_195188_Raw01,15.39,78.16,132.23,160.98,107.11,136.93,307.65
SCPT_195188_Raw01,15.41,77,131.75,160.39,106.38,136.66,306.89
SCPT_195188_Raw01,15.43,75.7,131.18,159.7,105.55,136.37,306.1
SCPT_195188_Raw01,15.45,75.57,131.11,159.61,105.38,136.17,305.89
SCPT_195188_Raw01,15.47,75.06,130.79,159.22,104.91,136.06,305.97
SCPT_195188_Raw01,15.49,75.67,131.31,159.86,105.5,136.43,306.39
SCPT_195188_Raw01,15.51,76.68,131.88,160.56,106.2,136.99,307.68
SCPT_195188_Raw01,15.53,77.57,132.45,161.25,106.88,137.36,308.37
SCPT_195188_Raw01,15.55,77.94,132.7,161.55,107.13,137.65,309.04
SCPT_195188_Raw01,15.57,76.87,132.2,160.94,106.4,137.3,308.27
SCPT_195188_Raw01,15.59,78.87,132.97,161.88,107.42,138.29,311.43
SCPT_195188_Raw01,15.61,79.51,134.45,163.68,109.08,138.92,309.74
SCPT_195188_Raw01,15.63,86.17,141.81,172.63,117.68,142.22,307.13
SCPT_195188_Raw01,15.65,82.37,139.8,170.19,115.07,140.82,304.06
SCPT_195188_Raw01,15.67,79.46,137.13,166.94,111.83,139.45,304
SCPT_195188_Raw01,15.69,77.87,136.57,166.25,110.99,139.52,303.48
SCPT_195188_Raw01,15.71,78.85,138.19,168.23,112.79,140.26,302.37
SCPT_195188_Raw01,15.73,80.62,139.65,170.01,114.5,141.74,304.54
SCPT_195188_Raw01,15.75,87.28,144.14,175.47,119.93,145.5,310.87
SCPT_195188_Raw01,15.77,94.19,149.5,182,126.22,149.29,315.31
SCPT_195188_Raw01,15.79,97.7,151.2,184.06,128.32,150.98,319.44
SCPT_195188_Raw01,15.81,105.05,154.93,188.62,132.93,154.23,326.55
SCPT_195188_Raw01,15.83,116.73,160.8,195.76,140.18,159.62,337.63
SCPT_195188_Raw01,15.85,135.78,174.83,212.84,156.3,170.94,350.69
SCPT_195188_Raw01,15.87,158.76,191.69,233.37,175.77,184.38,364.84
SCPT_195188_Raw01,15.89,174.75,207.42,252.51,194.45,198.49,374.53
SCPT_195188_Raw01,15.91,196.93,215.66,262.54,204.56,204.53,387.98
SCPT_195188_Raw01,15.93,231.14,226.34,275.54,218.05,212.04,406.06
SCPT_195188_Raw01,15.95,241.2,231.76,282.14,224.68,216.77,411.48
SCPT_195188_Raw01,15.97,257.38,242.48,295.19,238.16,226.62,419.84
SCPT_195188_Raw01,15.99,266.46,251.34,305.97,250.35,236.39,425.3
SCPT_195188_Raw01,16.01,284.24,259.68,316.14,261.75,244.12,433.56
SCPT_195188_Raw01,16.03,306.43,268.73,327.15,274.08,251.91,442.81
SCPT_195188_Raw01,16.05,316.38,272.87,332.18,279.83,255.6,446.89
SCPT_195188_Raw01,16.07,314.22,273.38,332.81,281.26,257.27,446.72
SCPT_195188_Raw01,16.09,311.85,273.63,333.11,282.34,258.7,446.42
SCPT_195188_Raw01,16.11,306.45,272.43,331.65,281.26,258.65,444.84
SCPT_195188_Raw01,16.13,304.33,271.84,330.93,280.48,258.35,444.26
SCPT_195188_Raw01,16.15,317.03,274.74,334.46,282.74,258.47,448.55
SCPT_195188_Raw01,16.17,326.87,276.43,336.53,283.73,257.94,451.68
SCPT_195188_Raw01,16.19,335.32,278.12,338.58,285.23,258.11,454.45
SCPT_195188_Raw01,16.21,334.59,277.92,338.34,284.86,257.97,454.39
SCPT_195188_Raw01,16.23,337.33,278.55,339.1,285.43,258.16,455.45
SCPT_195188_Raw01,16.25,321.65,274.43,334.09,280.39,256.06,450.43
SCPT_195188_Raw01,16.27,302.49,268.68,327.09,273.16,252.54,443.71
SCPT_195188_Raw01,16.29,303,268.62,327.02,272.8,252.21,443.99
SCPT_195188_Raw01,16.31,307.74,269.96,328.65,274.25,252.88,445.88
SCPT_195188_Raw01,16.33,316.54,272.25,331.44,276.77,253.97,449.22
SCPT_195188_Raw01,16.35,336.48,278.51,339.06,284.71,258.16,456.35
SCPT_195188_Raw01,16.37,361.23,286.36,348.61,294.93,263.68,464.72
SCPT_195188_Raw01,16.39,371.67,291.09,354.37,301.81,268.27,468.63
SCPT_195188_Raw01,16.41,382.79,295.15,359.32,307.48,271.7,472.41
SCPT_195188_Raw01,16.43,392.5,298.55,363.45,312.16,274.47,475.63
SCPT_195188_Raw01,16.45,384.24,297.28,361.91,311.19,274.84,473.73
SCPT_195188_Raw01,16.47,366.88,293.42,357.2,307.16,273.88,469.08
SCPT_195188_Raw01,16.49,352.23,289.89,352.9,303.52,272.9,464.97
SCPT_195188_Raw01,16.51,352.66,290.11,353.18,303.74,273.11,465.31
SCPT_195188_Raw01,16.53,356.66,291.35,354.69,305.13,273.82,466.75
SCPT_195188_Raw01,16.55,358.7,292.03,355.51,305.87,274.24,467.59
SCPT_195188_Raw01,16.57,315.2,279.75,340.56,292.73,269.29,453.73
SCPT_195188_Raw01,16.59,322.02,281.86,343.14,294.81,270.15,456.24
SCPT_195188_Raw01,16.61,328.08,283.52,345.16,296.06,270.4,458.36
SCPT_195188_Raw01,16.63,330.67,283.74,345.42,295.11,269.26,459.15
SCPT_195188_Raw01,16.65,334.28,284.06,345.81,294.23,268.03,460.23
SCPT_195188_Raw01,16.67,338.47,284.39,346.21,293.42,266.78,461.46
SCPT_195188_Raw01,16.69,342.92,284.68,346.57,292.72,265.61,462.78
SCPT_195188_Raw01,16.71,349.22,285.62,347.72,293.11,265.15,464.75
SCPT_195188_Raw01,16.73,363.68,288.7,351.46,296.26,265.98,469.26
SCPT_195188_Raw01,16.75,376.51,290.59,353.76,297.85,265.73,472.99
SCPT_195188_Raw01,16.77,391.63,293.04,356.74,300.41,266.07,477.32
SCPT_195188_Raw01,16.79,403.64,293.04,356.74,299.8,264.18,480.37
SCPT_195188_Raw01,16.81,402.35,291.1,354.38,297.03,262.12,479.93
SCPT_195188_Raw01,16.83,388.21,286.32,348.57,290.64,258.54,475.85
SCPT_195188_Raw01,16.85,365.81,282.01,343.32,285.01,256.61,469.55
SCPT_195188_Raw01,16.87,333.41,274.17,333.77,274.98,252.23,459.38
SCPT_195188_Raw01,16.89,307.84,267.18,325.26,266.11,248.01,450.56
SCPT_195188_Raw01,16.91,282.53,259.85,316.34,256.97,243.53,441.02
SCPT_195188_Raw01,16.93,273.61,257.39,313.34,253.96,242.19,437.61
SCPT_195188_Raw01,16.95,283.37,260.43,317.05,257.59,244.12,441.8
SCPT_195188_Raw01,16.97,292.72,263.71,321.03,261.65,246.5,445.78
SCPT_195188_Raw01,16.99,297.54,265.72,323.49,264.23,248.19,447.95
SCPT_195188_Raw01,17.01,303.18,267.75,325.96,266.75,249.71,450.35
SCPT_195188_Raw01,17.03,310.5,270.09,328.81,269.6,251.29,453.3
SCPT_195188_Raw01,17.05,309.72,270.7,329.55,270.55,252.31,453.37
SCPT_195188_Raw01,17.07,303.64,270.16,328.89,270.34,253.05,451.58
SCPT_195188_Raw01,17.09,290.01,267.11,325.18,267.2,252.29,446.78
SCPT_195188_Raw01,17.11,270.49,261.93,318.87,261.83,250.42,439.25
SCPT_195188_Raw01,17.13,268.73,261.83,318.75,262.06,250.97,438.81
SCPT_195188_Raw01,17.15,269.6,262.36,319.39,262.79,251.57,439.42
SCPT_195188_Raw01,17.17,271.07,262.85,319.99,263.19,251.79,440.21
SCPT_195188_Raw01,17.19,274.28,263.93,321.31,264.32,252.41,441.74
SCPT_195188_Raw01,17.21,278.07,265.47,323.18,266.26,253.67,443.57
SCPT_195188_Raw01,17.23,280.25,266.56,324.51,267.78,254.78,444.74
SCPT_195188_Raw01,17.25,279.57,266.49,324.42,267.71,254.89,444.67
SCPT_195188_Raw01,17.27,272.43,264.14,321.57,264.86,253.47,441.86
SCPT_195188_Raw01,17.29,263.47,260.91,317.63,260.72,251.16,438.09
SCPT_195188_Raw01,17.31,260.42,259.43,315.82,258.33,249.54,436.78
SCPT_195188_Raw01,17.33,262.17,259.65,316.1,258.04,249.1,437.62
SCPT_195188_Raw01,17.35,263.44,259.81,316.29,257.82,248.79,438.28
SCPT_195188_Raw01,17.37,269.91,261.6,318.47,259.46,249.4,441.18
SCPT_195188_Raw01,17.39,275.25,263.4,320.66,261.47,250.5,443.62
SCPT_195188_Raw01,17.41,276.69,264.18,321.61,262.51,251.3,444.48
SCPT_195188_Raw01,17.43,276.49,264.45,321.94,262.97,251.81,444.64
SCPT_195188_Raw01,17.45,272.62,263.34,320.59,261.66,251.29,443.22
SCPT_195188_Raw01,17.47,271.6,263.08,320.27,261.27,251.16,442.98
SCPT_195188_Raw01,17.49,272.86,263.95,321.33,262.56,252.2,443.79
SCPT_195188_Raw01,17.51,241.99,254.18,309.44,252.4,247.68,430.18
SCPT_195188_Raw01,17.53,245.02,255.32,310.83,253.56,248.36,431.82
SCPT_195188_Raw01,17.55,247.33,255.94,311.58,253.77,248.28,433.02
SCPT_195188_Raw01,17.57,234.01,250.68,305.18,247.13,244.35,426.61
SCPT_195188_Raw01,17.59,246.49,254.24,309.51,249.89,245.13,432.72
SCPT_195188_Raw01,17.61,259.94,257.73,313.76,252.87,245.94,438.86
SCPT_195188_Raw01,17.63,266.04,258.96,315.26,253.71,245.93,441.63
SCPT_195188_Raw01,17.65,276.22,262.16,319.15,257.36,247.8,446.09
SCPT_195188_Raw01,17.67,280.29,263.5,320.78,258.87,248.64,447.95
SCPT_195188_Raw01,17.69,280.07,263.63,320.94,259,248.86,448.05
SCPT_195188_Raw01,17.71,280.32,264.05,321.46,259.58,249.4,448.39
SCPT_195188_Raw01,17.73,278.62,264.12,321.53,259.87,249.96,447.96
SCPT_195188_Raw01,17.75,262.44,259.78,316.25,255.26,248.2,441.33
SCPT_195188_Raw01,17.77,253.53,257.2,313.11,252.51,247.07,437.54
SCPT_195188_Raw01,17.79,259.42,259.19,315.54,254.66,248.24,440.4
SCPT_195188_Raw01,17.81,270.91,262.77,319.9,258.52,250.14,445.6
SCPT_195188_Raw01,17.83,280.23,265.5,323.22,261.42,251.5,449.68
SCPT_195188_Raw01,17.85,279.23,265.36,323.05,261.24,251.57,449.47
SCPT_195188_Raw01,17.87,264.95,261.2,317.98,256.58,249.49,443.6
SCPT_195188_Raw01,17.89,231.01,249.49,303.72,243.16,242.33,427.62
SCPT_195188_Raw01,17.91,222.12,244.25,297.34,235.17,236.45,422.79
SCPT_195188_Raw01,17.93,223.11,241.13,293.54,229.29,231.1,423.11
SCPT_195188_Raw01,17.95,228.12,238.34,290.15,224.57,226.33,425.57
SCPT_195188_Raw01,17.97,219.16,231.81,282.2,216.2,220.13,420.93
SCPT_195188_Raw01,17.99,201.62,225.14,274.08,207.99,215.08,411.33
SCPT_195188_Raw01,18.01,174.02,215.64,262.52,196.74,208.36,393.98
SCPT_195188_Raw01,18.03,160.33,210.09,255.76,190.21,204.09,384.19
SCPT_195188_Raw01,18.05,167.39,209.76,255.36,189.14,202.51,389.96
SCPT_195188_Raw01,18.07,166.77,205.22,249.83,183.51,197.74,390.25
SCPT_195188_Raw01,18.09,132.6,190.6,232.04,166.04,185.53,363.06
SCPT_195188_Raw01,18.11,129.78,189.72,230.96,164.98,184.86,360.49
SCPT_195188_Raw01,18.13,138.17,193.27,235.28,169.05,187.92,368.46
SCPT_195188_Raw01,18.15,139.35,190.61,232.04,165.81,185.22,370.66
SCPT_195188_Raw01,18.17,169.9,195.58,238.1,172.9,188.99,395.52
SCPT_195188_Raw01,18.19,206.53,224.25,273,206.09,213.72,416.22
SCPT_195188_Raw01,18.21,234.84,249.75,304.04,240.38,240.59,432.16
SCPT_195188_Raw01,18.23,251.96,259.45,315.85,254.74,251.1,441.22
SCPT_195188_Raw01,18.25,270.73,265.78,323.56,261.67,254.72,449.85
SCPT_195188_Raw01,18.27,296.36,273.61,333.09,270.3,258.9,460.58
SCPT_195188_Raw01,18.29,307.8,277.56,337.89,275.12,261.65,465.25
SCPT_195188_Raw01,18.31,322.26,281.66,342.89,279.73,263.84,470.77
SCPT_195188_Raw01,18.33,324.45,281.84,343.12,279.56,263.5,471.68
SCPT_195188_Raw01,18.35,323.33,280.78,341.82,277.77,262.2,471.38
SCPT_195188_Raw01,18.37,319.07,278.89,339.51,275.04,260.49,469.94
SCPT_195188_Raw01,18.39,317.03,277.79,338.18,273.37,259.41,469.33
SCPT_195188_Raw01,18.41,319.89,278.57,339.13,274.18,259.83,470.57
SCPT_195188_Raw01,18.43,327.07,280.62,341.62,276.53,261.05,473.36
SCPT_195188_Raw01,18.45,340.68,284.34,346.15,280.93,263.22,478.33
SCPT_195188_Raw01,18.47,353.5,287.56,350.07,284.7,264.97,482.84
SCPT_195188_Raw01,18.49,365.4,290.55,353.71,288.25,266.65,486.91
SCPT_195188_Raw01,18.51,370.51,291.82,355.26,289.71,267.37,488.74
SCPT_195188_Raw01,18.53,361.77,290.08,353.15,287.56,266.66,486.19
SCPT_195188_Raw01,18.55,355.49,288.8,351.58,285.95,266.13,484.37
SCPT_195188_Raw01,18.57,280.75,269.59,328.2,264.18,256.83,457.06
SCPT_195188_Raw01,18.59,292.04,273.19,332.58,268.24,258.97,461.9
SCPT_195188_Raw01,18.61,309.92,278.6,339.16,274.41,262.08,469.08
SCPT_195188_Raw01,18.63,330.97,284.46,346.3,281.11,265.29,476.99
SCPT_195188_Raw01,18.65,351.66,290.48,353.62,288.38,269.01,484.33
SCPT_195188_Raw01,18.67,367.9,294.64,358.69,293.25,271.28,489.82
SCPT_195188_Raw01,18.69,374.76,296.88,361.42,296.03,272.88,492.23
SCPT_195188_Raw01,18.71,389.4,301.37,366.88,301.7,275.97,497
SCPT_195188_Raw01,18.73,348.12,292.79,356.44,292.46,273.14,484.22
SCPT_195188_Raw01,18.75,342.66,292.88,356.55,293.74,274.93,482.73
SCPT_195188_Raw01,18.77,352.71,297.73,362.45,301.23,280.02,486.54
SCPT_195188_Raw01,18.79,366.93,304.02,370.11,311.23,286.63,491.65
SCPT_195188_Raw01,18.81,386.61,311.2,378.85,321.84,293.03,498.17
SCPT_195188_Raw01,18.83,400.33,316.42,385.21,330.26,298.3,502.63
SCPT_195188_Raw01,18.85,396.58,315.64,384.26,329.76,298.41,501.76
SCPT_195188_Raw01,18.87,392.14,314.08,382.35,326.97,296.77,500.57
SCPT_195188_Raw01,18.89,382.26,310.73,378.28,321.77,293.81,497.68
SCPT_195188_Raw01,18.91,365.31,305.24,371.6,314.2,289.75,492.46
SCPT_195188_Raw01,18.93,361.68,303.8,369.84,311.58,288.12,491.41
SCPT_195188_Raw01,18.95,364.18,303.89,369.96,310.36,286.89,492.31
SCPT_195188_Raw01,18.97,364.13,303.45,369.42,308.99,285.86,492.43
SCPT_195188_Raw01,18.99,363.2,303.03,368.9,308.07,285.3,492.3
SCPT_195188_Raw01,19,363.2,304.72,370.96,309.54,285.76,494.57
