Depth,Qc,Fs,u
0.01,-9999,-9999,-9999
0.02,-9999,-9999,-9999
0.03,-9999,-9999,-9999
0.04,-9999,-9999,-9999
0.05,-9999,-9999,-9999
0.06,-9999,-9999,-9999
0.07,-9999,-9999,-9999
0.08,-9999,-9999,-9999
0.09,-9999,-9999,-9999
0.1,-9999,-9999,-9999
0.11,-9999,-9999,-9999
0.12,-9999,-9999,-9999
0.13,-9999,-9999,-9999
0.14,-9999,-9999,-9999
0.15,-9999,-9999,-9999
0.16,-9999,-9999,-9999
0.17,-9999,-9999,-9999
0.18,-9999,-9999,-9999
0.19,-9999,-9999,-9999
0.2,-9999,-9999,-9999
0.21,-9999,-9999,-9999
0.22,-9999,-9999,-9999
0.23,-9999,-9999,-9999
0.24,-9999,-9999,-9999
0.25,-9999,-9999,-9999
0.26,-9999,-9999,-9999
0.27,-9999,-9999,-9999
0.28,-9999,-9999,-9999
0.29,-9999,-9999,-9999
0.3,-9999,-9999,-9999
0.31,-9999,-9999,-9999
0.32,-9999,-9999,-9999
0.33,-9999,-9999,-9999
0.34,-9999,-9999,-9999
0.35,-9999,-9999,-9999
0.36,-9999,-9999,-9999
0.37,-9999,-9999,-9999
0.38,-9999,-9999,-9999
0.39,-9999,-9999,-9999
0.4,-9999,-9999,-9999
0.41,-9999,-9999,-9999
0.42,-9999,-9999,-9999
0.43,-9999,-9999,-9999
0.44,-9999,-9999,-9999
0.45,-9999,-9999,-9999
0.46,-9999,-9999,-9999
0.47,-9999,-9999,-9999
0.48,-9999,-9999,-9999
0.49,-9999,-9999,-9999
0.5,-9999,-9999,-9999
0.51,-9999,-9999,-9999
0.52,-9999,-9999,-9999
0.53,-9999,-9999,-9999
0.54,-9999,-9999,-9999
0.55,-9999,-9999,-9999
0.56,-9999,-9999,-9999
0.57,-9999,-9999,-9999
0.58,-9999,-9999,-9999
0.59,-9999,-9999,-9999
0.6,16.472,0.12,0.0032
0.61,18.223,0.112,0.0013
0.62,18.699,0.095,0.0039
0.63,19.65,0.086,0.0022
0.64,20.114,0.074,0.0017
0.65,20.258,0.039,0.0055
0.66,21.082,0.041,0.0049
0.67,20.355,0.0445,0.0062
0.68,20.604,0.048,0.0029
0.69,19.962,0.0515,0.0004
0.7,19.726,0.055,-0.002
0.71,19.652,0.081,0.0025
0.72,19.88,0.082,-0.0027
0.73,20.458,0.072,-0.003
0.74,22.536,0.072,-0.0016
0.75,20.4752,0.08,-0.0007
0.76,18.4145,0.094,0.0002
0.77,16.3537,0.125,0.0012
0.78,14.293,0.139,0.0022
0.79,20.178,0.171,0.0056
0.8,23.315,0.22,0.0065
0.81,21.997,0.264,0.0027
0.82,21.67,0.311,0.0014
0.83,21.227,0.345,0.0004
0.84,21.386,0.346,0.0006
0.85,22.215,0.357,0.0012
0.86,23.491,0.367,0.0023
0.87,23.929,0.386,0.0051
0.88,23.92,0.391,0.0101
0.89,23.3,0.397,0.0079
0.9,23.466,0.408,0.0065
0.91,23.53,0.421,0.002
0.92,23.658,0.432,0
0.93,23.706,0.4035,-0.0053
0.94,23.495,0.375,-0.0059
0.95,23.412,0.3465,-0.0017
0.96,23.261,0.318,-0.0007
0.97,23.2,0.287,-0.001
0.98,22.971,0.265,-0.001
0.99,22.597,0.248,-0.0006
1,22.052,0.229,0.0012
1.01,21.3887,0.205,0.0004
1.02,20.7255,0.2,-0.0002
1.03,20.0622,0.191,-0.001
1.04,19.399,0.177,-0.0017
1.05,19.283,0.161,-0.0018
1.06,19.025,0.146,-0.0019
1.07,18.685,0.135,-0.002
1.08,18.27,0.133,-0.0019
1.09,17.596,0.134,-0.0019
1.1,17.176,0.134,-0.0022
1.11,16.735,0.132,-0.0021
1.12,16.287,0.13,-0.0022
1.13,15.863,0.128,-0.0022
1.14,15.422,0.121,-0.0023
1.15,14.767,0.113,-0.0024
1.16,14.356,0.106,-0.0024
1.17,13.934,0.099,-0.0024
1.18,13.497,0.091,-0.0025
1.19,13.074,0.083,-0.0025
1.2,12.674,0.075,-0.0026
1.21,12.3,0.073,-0.0025
1.22,11.758,0.07,-0.0025
1.23,11.419,0.068,-0.0025
1.24,11.054,0.064,-0.0024
1.25,10.686,0.061,-0.0024
1.26,10.342,0.058,-0.0024
1.27,9.999,0.053,-0.0023
1.28,9.512,0.05,-0.0016
1.29,9.193,0.048,-0.0015
1.3,8.887,0.046,-0.0015
1.31,8.583,0.043,-0.0013
1.32,8.305,0.04,-0.0013
1.33,8.041,0.037,-0.0011
1.34,7.779,0.034,-0.0009
1.35,7.418,0.033,-0.0009
1.36,7.192,0.031,-0.0007
1.37,6.981,0.03,-0.0006
1.38,6.796,0.03,-0.0004
1.39,6.616,0.03,-0.0004
1.4,6.433,0.03,-0.0002
1.41,6.177,0.03,-0.0001
1.42,6.024,0.029,0
1.43,5.867,0.028,0
1.44,5.715,0.027,0
1.45,5.577,0.026,0
1.46,5.436,0.025,0.0001
1.47,5.226,0.025,0.0002
1.48,5.084,0.025,0.0003
1.49,4.948,0.025,0.0003
1.5,4.7675,0.024,-0.0003
1.51,4.587,0.024,-0.0011
1.52,4.4065,0.023,-0.0019
1.53,4.226,0.023,-0.0026
1.54,4.121,0.022,-0.0027
1.55,4.04,0.021,-0.0028
1.56,3.96,0.021,-0.0028
1.57,3.892,0.02,-0.0029
1.58,3.828,0.02,-0.0029
1.59,3.775,0.019,-0.0029
1.6,3.736,0.018,-0.003
1.61,3.705,0.017,-0.003
1.62,3.673,0.016,-0.0032
1.63,3.651,0.016,-0.0032
1.64,3.628,0.016,-0.0033
1.65,3.607,0.016,-0.0033
1.66,3.59,0.016,-0.0034
1.67,3.574,0.016,-0.0034
1.68,3.556,0.016,-0.0034
1.69,3.555,0.016,-0.0035
1.7,3.553,0.016,-0.0035
1.71,3.56,0.016,-0.0036
1.72,3.581,0.015,-0.0036
1.73,3.606,0.015,-0.0036
1.74,3.637,0.016,-0.0036
1.75,3.707,0.016,-0.0036
1.76,3.764,0.017,-0.0036
1.77,3.82,0.018,-0.0036
1.78,3.874,0.018,-0.0037
1.79,3.921,0.021,-0.0036
1.8,3.952,0.02,-0.0036
1.81,3.967,0.018,-0.0036
1.82,3.973,0.016,-0.0037
1.83,3.966,0.017,-0.0037
1.84,3.965,0.018,-0.0036
1.85,3.953,0.019,-0.0036
1.86,3.939,0.02,-0.0037
1.87,3.932,0.02,-0.0037
1.88,3.92,0.021,-0.0036
1.89,3.909,0.022,-0.0036
1.9,3.853,0.023,-0.0036
1.91,3.787,0.024,-0.0037
1.92,3.771,0.0225,-0.0036
1.93,3.764,0.021,-0.0037
1.94,3.727,0.0195,-0.0036
1.95,3.572,0.018,-0.0036
1.96,3.583,0.018,-0.0036
1.97,3.641,0.019,-0.0034
1.98,3.674,0.02,-0.003
1.99,3.692,0.021,-0.0025
2,3.675,0.022,-0.002
2.01,3.658,0.023,-0.0015
2.02,3.641,0.023,-0.001
2.03,3.624,0.023,-0.0005
2.04,3.675,0.024,-0.0006
2.05,3.719,0.024,-0.0007
2.06,3.775,0.024,-0.0007
2.07,3.805,0.024,-0.0008
2.08,3.832,0.025,-0.0008
2.09,3.864,0.026,-0.0009
2.1,3.899,0.026,-0.001
2.11,3.947,0.027,-0.0009
2.12,4.005,0.028,-0.001
2.13,4.111,0.027,-0.0011
2.14,4.188,0.031,-0.0011
2.15,4.271,0.034,-0.0012
2.16,4.342,0.034,-0.0012
2.17,4.41,0.034,-0.0013
2.18,4.483,0.038,-0.0013
2.19,4.633,0.036,-0.0013
2.2,4.807,0.029,-0.0013
2.21,4.992,0.036,-0.0013
2.22,5.007,0.034,-0.0013
2.23,5.05,0.033,-0.0013
2.24,5.111,0.031,-0.0013
2.25,5.204,0.038,-0.0015
2.26,5.589,0.041,-0.0016
2.27,5.859,0.038,-0.0014
2.28,5.897,0.064,-0.0012
2.29,5.871,0.06,-0.0014
2.3,6.084,0.068,-0.0013
2.31,6.432,0.065,-0.0014
2.32,6.488,0.064,-0.0011
2.33,6.834,0.064,-0.0011
2.34,6.905,0.06,-0.001
2.35,6.773,0.065,-0.0011
2.36,6.895,0.062,-0.0011
2.37,6.938,0.073,-0.001
2.38,7.013,0.079,-0.0011
2.39,7.106,0.068,-0.0009
2.4,7.348,0.07,-0.001
2.41,7.512,0.068,-0.0009
2.42,7.543,0.058,-0.0006
2.43,7.577,0.052,-0.0006
2.44,7.812,0.046,-0.0005
2.45,7.661,0.04,-0.0003
2.46,7.397,0.034,-0.0004
2.47,7.458,0.037,-0.0003
2.48,7.559,0.04,-0.0006
2.49,7.84,0.038,-0.0004
2.5,8.075,0.039,-0.0005
2.51,8.103,0.042,-0.0009
2.52,8.131,0.046,-0.0013
2.53,8.159,0.049,-0.0017
2.54,8.187,0.059,-0.0021
2.55,8.255,0.053,-0.0019
2.56,8.343,0.049,-0.002
2.57,8.501,0.049,-0.002
2.58,8.628,0.05,-0.0021
2.59,8.79,0.063,-0.002
2.6,8.975,0.059,-0.002
2.61,9.225,0.063,-0.002
2.62,9.355,0.048,-0.0015
2.63,9.576,0.0467,-0.0019
2.64,9.902,0.0455,-0.002
2.65,9.995,0.0442,-0.0019
2.66,10.379,0.043,-0.002
2.67,10.619,0.049,-0.0019
2.68,10.713,0.036,-0.0019
2.69,10.808,0.065,-0.0019
2.7,11.541,0.072,-0.0015
2.71,12.019,0.068,-0.0014
2.72,12.497,0.071,-0.0014
2.73,12.975,0.069,-0.0014
2.74,13.453,0.055,-0.0014
2.75,13.75,0.054,-0.0013
2.76,13.339,0.053,-0.0009
2.77,13.286,0.057,-0.0008
2.78,13.482,0.06,-0.0009
2.79,13.843,0.065,-0.0006
2.8,14.09,0.069,-0.0005
2.81,14.381,0.075,0
2.82,14.484,0.085,0
2.83,14.639,0.077,-0.0002
2.84,14.804,0.07,-0.0001
2.85,14.95,0.073,0
2.86,15.139,0.081,0
2.87,15.353,0.07,0
2.88,15.777,0.069,0.0002
2.89,16.067,0.083,0.0003
2.9,16.345,0.084,0.0004
2.91,16.619,0.103,0.0006
2.92,16.892,0.112,0.0008
2.93,17.235,0.115,0.0008
2.94,17.752,0.094,0.0012
2.95,17.374,0.09,0.0014
2.96,17.264,0.084,0.0021
2.97,17.259,0.087,0.002
2.98,17.277,0.101,0.0021
2.99,17.525,0.104,0.0023
3,17.818,0.104,0.0027
3.01,17.911,0.104,0.0028
3.02,16.492,0.104,-0.0041
3.03,17.532,0.104,-0.0037
3.04,17.766,0.104,-0.0034
3.05,17.964,0.126,-0.0032
3.06,18.131,0.142,-0.0031
3.07,17.973,0.133,-0.0033
3.08,17.886,0.121,-0.0032
3.09,17.9832,0.112,-0.0028
3.1,18.0805,0.11,-0.0024
3.11,18.1777,0.113,-0.002
3.12,18.275,0.12,-0.0016
3.13,18.372,0.121,-0.0013
3.14,18.458,0.122,-0.0016
3.15,18.64,0.125,-0.0015
3.16,19.092,0.125,-0.0014
3.17,19.467,0.124,-0.0013
3.18,19.288,0.123,-0.0014
3.19,19.339,0.117,-0.0014
3.2,19.374,0.106,-0.0012
3.21,19.425,0.104,-0.001
3.22,19.472,0.101,-0.0011
3.23,19.513,0.1,-0.001
3.24,19.509,0.099,-0.001
3.25,19.565,0.097,-0.0007
3.26,19.67,0.095,-0.0006
3.27,19.76,0.095,-0.0006
3.28,19.865,0.094,-0.0003
3.29,19.994,0.093,-0.0004
3.3,20.329,0.092,-0.0001
3.31,20.679,0.091,0
3.32,21.044,0.09,0.0003
3.33,21.323,0.09,0.0003
3.34,21.376,0.093,0.0003
3.35,21.314,0.096,0.0006
3.36,21.32,0.098,0.0005
3.37,21.474,0.102,0.0005
3.38,21.725,0.106,0.0007
3.39,21.917,0.108,0.0008
3.4,21.978,0.104,0.0008
3.41,21.913,0.105,0.001
3.42,21.65,0.104,0.0011
3.43,21.555,0.102,0.001
3.44,21.576,0.06,0.0011
3.45,21.761,0.066,0.0012
3.46,22.191,0.072,0.0012
3.47,22.633,0.078,0.0013
3.48,23.083,0.084,0.0014
3.49,23.716,0.088,0.0017
3.5,24.159,0.114,0.0019
3.51,24.73,0.132,0.0019
3.52,17.06,0.182,-0.0065
3.53,19.0395,0.395,-0.0047
3.54,21.019,0.395,-0.0029
3.55,22.9985,0.409,-0.0011
3.56,24.978,0.367,0.0007
3.57,26.014,0.3117,-0.001
3.58,26.868,0.2565,-0.0028
3.59,27.727,0.2012,-0.0059
3.6,29.516,0.146,-0.0082
3.61,28.764,0.195,-0.0101
3.62,27.697,0.24,-0.0102
3.63,30.087,0.245,-0.0088
3.64,29.522,0.231,-0.0054
3.65,29.28,0.182,-0.0044
3.66,29.038,0.184,-0.0034
3.67,28.796,0.293,-0.0025
3.68,28.554,0.303,-0.0015
3.69,28.655,0.282,-0.0012
3.7,28.985,0.277,-0.0015
3.71,29.504,0.27,-0.0018
3.72,30.188,0.259,-0.0018
3.73,31.056,0.234,-0.0021
3.74,30.569,0.187,-0.002
3.75,30.126,0.181,-0.0027
3.76,30.18,0.239,-0.003
3.77,30.613,0.216,-0.0034
3.78,31.501,0.199,-0.0041
3.79,32.362,0.22,-0.0057
3.8,33.836,0.236,-0.0081
3.81,35.125,0.195,-0.0108
3.82,32.486,0.182,-0.0136
3.83,31.782,0.186,-0.0147
3.84,30.678,0.189,-0.0131
3.85,29.25,0.188,-0.0106
3.86,28.13,0.188,-0.0083
3.87,27.143,0.208,-0.008
3.88,26.058,0.203,-0.0125
3.89,25.649,0.189,-0.0161
3.9,25.11,0.129,-0.0215
3.91,24.475,0.115,-0.0244
3.92,24.272,0.0927,-0.0254
3.93,23.475,0.0705,-0.0271
3.94,23.041,0.0482,-0.028
3.95,22.774,0.026,-0.033
3.96,22.667,0.022,-0.0366
3.97,22.455,0.021,-0.0381
3.98,22.448,0.032,-0.0389
3.99,22.679,0.024,-0.0399
4,22.2375,0.021,-0.0333
4.01,21.796,0.024,-0.0266
4.02,21.3545,0.022,-0.02
4.03,20.913,0.021,-0.0134
4.04,20.253,0.031,-0.0199
4.05,19.477,0.026,-0.0223
4.06,19.578,0.022,-0.0238
4.07,19.803,0.029,-0.0269
4.08,19.446,0.028,-0.027
4.09,19.205,0.034,-0.0265
4.1,18.646,0.022,-0.0256
4.11,18.239,0.02,-0.0253
4.12,18.161,0.027,-0.0257
4.13,18.441,0.03,-0.0262
4.14,18.839,0.022,-0.0266
4.15,19.587,0.02,-0.0263
4.16,20.376,0.027,-0.0259
4.17,21.578,0.05,-0.0257
4.18,22.354,0.059,-0.0252
4.19,23.078,0.042,-0.0249
4.2,24.245,0.045,-0.0253
4.21,25.811,0.04,-0.0274
4.22,26.293,0.042,-0.0275
4.23,26.742,0.03,-0.0273
4.24,28.692,0.044,-0.0273
4.25,30.365,0.053,-0.0271
4.26,29.465,0.071,-0.0268
4.27,28.993,0.039,-0.0269
4.28,30.512,-0.008,-0.0266
4.29,32.434,-0.02,-0.0265
4.3,33.6,-0.022,-0.0266
4.31,35.084,-0.006,-0.0255
4.32,36.244,0.025,-0.0265
4.33,35.763,0.058,-0.0266
4.34,36.005,0.088,-0.0278
4.35,38.183,0.105,-0.029
4.36,38.873,0.128,-0.0294
4.37,39.837,0.138,-0.0286
4.38,39,0.139,-0.0283
4.39,38.954,0.139,-0.0303
4.4,39,0.147,-0.0311
4.41,38.492,0.133,-0.0316
4.42,37.969,0.109,-0.0327
4.43,37.672,0.1022,-0.0382
4.44,38.105,0.0955,-0.0405
4.45,39.152,0.0887,-0.0421
4.46,38.251,0.082,-0.0438
4.47,37.924,0.069,-0.0471
4.48,37.777,0.056,-0.0499
4.49,37.907,0.043,-0.0511
4.5,39.093,0.03,-0.0535
4.51,37.94,0.041,-0.0412
4.52,36.787,0.029,-0.029
4.53,35.634,0.023,-0.0167
4.54,34.481,0.051,-0.0044
4.55,33.534,0.049,-0.006
4.56,32.587,0.037,-0.0075
4.57,31.64,0.038,-0.0091
4.58,30.693,0.042,-0.0106
4.59,32.978,0.055,-0.0161
4.6,34.412,0.075,-0.0202
4.61,36.717,0.255,-0.0281
4.62,35.267,0.244,-0.0308
4.63,34.902,0.243,-0.0308
4.64,34.559,0.255,-0.0303
4.65,34.127,0.301,-0.0298
4.66,33.808,0.336,-0.0288
4.67,31.031,0.339,-0.0297
4.68,28.872,0.337,-0.0317
4.69,28.235,0.356,-0.0333
4.7,28.779,0.383,-0.0338
4.71,28.448,0.381,-0.0344
4.72,27.412,0.362,-0.0343
4.73,26.669,0.346,-0.0341
4.74,26.254,0.315,-0.0344
4.75,25.694,0.168,-0.0348
4.76,25.541,0.164,-0.0349
4.77,25.09,0.169,-0.0351
4.78,24.953,0.177,-0.0352
4.79,25.183,0.176,-0.0351
4.8,25.487,0.162,-0.0354
4.81,25.806,0.157,-0.0362
4.82,26.209,0.158,-0.0369
4.83,26.807,0.154,-0.0381
4.84,27.102,0.143,-0.0389
4.85,27.41,0.127,-0.0397
4.86,27.667,0.12,-0.0405
4.87,27.994,0.129,-0.0411
4.88,28.374,0.168,-0.0417
4.89,29.203,0.175,-0.0426
4.9,29.88,0.17,-0.0432
4.91,30.56,0.163,-0.0436
4.92,31.356,0.1627,-0.0443
4.93,31.764,0.1625,-0.0449
4.94,31.599,0.1622,-0.0454
4.95,30.939,0.162,-0.0444
4.96,29.732,0.167,-0.0446
4.97,29.619,0.173,-0.045
4.98,29.746,0.177,-0.0451
4.99,29.903,0.179,-0.0454
5,29.8897,0.183,-0.0417
5.01,29.8765,0.187,-0.038
5.02,29.8632,0.185,-0.0343
5.03,29.85,0.165,-0.0306
5.04,30.158,0.165,-0.0337
5.05,30.101,0.171,-0.0359
5.06,30.052,0.177,-0.038
5.07,30.022,0.179,-0.0398
5.08,30.089,0.183,-0.0413
5.09,30.19,0.187,-0.0427
5.1,30.391,0.189,-0.044
5.11,30.529,0.19,-0.0452
5.12,30.59,0.191,-0.046
5.13,30.631,0.192,-0.0465
5.14,30.489,0.193,-0.0473
5.15,30.428,0.198,-0.0481
5.16,30.375,0.197,-0.0488
5.17,30.22,0.197,-0.0496
5.18,30.12,0.195,-0.0505
5.19,29.987,0.192,-0.051
5.2,29.855,0.193,-0.0517
5.21,29.681,0.189,-0.0523
5.22,29.734,0.189,-0.0527
5.23,29.789,0.189,-0.0532
5.24,29.784,0.189,-0.0538
5.25,29.969,0.19,-0.0545
5.26,29.884,0.185,-0.0552
5.27,29.934,0.182,-0.0556
5.28,30,0.181,-0.0558
5.29,30.141,0.181,-0.0561
5.3,30.191,0.18,-0.0565
5.31,30.121,0.18,-0.0568
5.32,29.935,0.182,-0.0573
5.33,29.786,0.182,-0.0575
5.34,29.662,0.184,-0.0576
5.35,29.706,0.184,-0.0577
5.36,29.722,0.183,-0.0579
5.37,29.842,0.179,-0.0579
5.38,30.117,0.178,-0.0578
5.39,30.206,0.178,-0.0579
5.4,30.27,0.175,-0.0578
5.41,30.239,0.177,-0.0578
5.42,30.317,0.1707,-0.0577
5.43,30.336,0.1645,-0.0576
5.44,30.481,0.1582,-0.0575
5.45,30.534,0.152,-0.0575
5.46,30.531,0.152,-0.0573
5.47,30.498,0.154,-0.0571
5.48,30.397,0.147,-0.057
5.49,30.425,0.14,-0.057
5.5,30.3877,0.133,-0.0536
5.51,30.3505,0.126,-0.0502
5.52,30.3132,0.127,-0.0468
5.53,30.276,0.126,-0.0434
5.54,30.475,0.128,-0.0445
5.55,30.641,0.135,-0.0456
5.56,30.4107,0.14,-0.0451
5.57,30.1805,0.145,-0.0445
5.58,29.9502,0.147,-0.044
5.59,29.72,0.155,-0.0434
5.6,29.995,0.161,-0.0437
5.61,30.153,0.164,-0.0445
5.62,30.26,0.165,-0.0457
5.63,30.26,0.166,-0.0468
5.64,30.302,0.171,-0.0475
5.65,30.345,0.182,-0.0482
5.66,30.394,0.184,-0.0486
5.67,30.243,0.185,-0.0495
5.68,30.145,0.187,-0.05
5.69,30.045,0.188,-0.0505
5.7,29.982,0.188,-0.0513
5.71,29.976,0.184,-0.0518
5.72,29.947,0.184,-0.0524
5.73,29.582,0.178,-0.0531
5.74,29.359,0.174,-0.0534
5.75,29.203,0.173,-0.0538
5.76,29.014,0.172,-0.0542
5.77,28.941,0.169,-0.0544
5.78,29.016,0.169,-0.0546
5.79,29.18,0.165,-0.0552
5.8,29.381,0.162,-0.0555
5.81,29.555,0.159,-0.0556
5.82,29.67,0.157,-0.0558
5.83,29.835,0.157,-0.0561
5.84,30.104,0.159,-0.0563
5.85,30.426,0.162,-0.0565
5.86,30.873,0.163,-0.0568
5.87,31.142,0.166,-0.057
5.88,31.362,0.169,-0.0573
5.89,31.386,0.171,-0.0574
5.9,31.438,0.173,-0.0574
5.91,31.264,0.176,-0.0577
5.92,30.777,0.174,-0.0577
5.93,30.17,0.1645,-0.0577
5.94,29.425,0.155,-0.0578
5.95,28.781,0.1455,-0.0578
5.96,28.14,0.136,-0.0578
5.97,27.623,0.132,-0.0579
5.98,27.286,0.128,-0.0577
5.99,27.146,0.118,-0.0575
6,27.359,0.108,-0.0572
6.01,27.7562,0.097,-0.0542
6.02,28.1535,0.092,-0.0512
6.03,28.5507,0.09,-0.0482
6.04,28.948,0.089,-0.0452
6.05,29.479,0.092,-0.0456
6.06,29.874,0.094,-0.0461
6.07,30.205,0.099,-0.047
6.08,30.5,0.107,-0.048
6.09,30.808,0.113,-0.0494
6.1,30.911,0.116,-0.0501
6.11,30.952,0.119,-0.051
6.12,30.855,0.124,-0.0515
6.13,30.691,0.128,-0.0523
6.14,30.529,0.136,-0.0527
6.15,30.329,0.142,-0.0533
6.16,30.046,0.146,-0.0541
6.17,29.986,0.15,-0.0547
6.18,29.879,0.152,-0.0554
6.19,29.774,0.152,-0.0558
6.2,29.669,0.153,-0.0562
6.21,29.565,0.149,-0.0562
6.22,29.322,0.147,-0.0566
6.23,29.214,0.147,-0.0568
6.24,28.993,0.147,-0.0569
6.25,28.916,0.146,-0.0573
6.26,29.037,0.145,-0.0575
6.27,29.177,0.144,-0.0578
6.28,29.381,0.143,-0.0581
6.29,29.521,0.142,-0.0584
6.3,29.753,0.142,-0.0585
6.31,29.919,0.142,-0.0588
6.32,30.016,0.145,-0.059
6.33,30.135,0.149,-0.0592
6.34,30.246,0.155,-0.0594
6.35,30.323,0.159,-0.0597
6.36,30.337,0.161,-0.0599
6.37,30.413,0.163,-0.0599
6.38,30.531,0.165,-0.0599
6.39,30.592,0.167,-0.0599
6.4,30.516,0.17,-0.0599
6.41,30.339,0.169,-0.0599
6.42,29.832,0.168,-0.0599
6.43,29.585,0.168,-0.0599
6.44,29.417,0.146,-0.06
6.45,29.294,0.141,-0.0601
6.46,29.252,0.141,-0.06
6.47,29.157,0.139,-0.0601
6.48,29.091,0.138,-0.0599
6.49,28.974,0.1335,-0.0599
6.5,28.855,0.129,-0.0598
6.51,28.8,0.1245,-0.0596
6.52,26.983,0.12,-0.046
6.53,28.042,0.117,-0.0463
6.54,28.052,0.116,-0.0471
6.55,27.977,0.118,-0.048
6.56,27.896,0.126,-0.0491
6.57,27.6287,0.131,-0.0491
6.58,27.3615,0.133,-0.049
6.59,27.0942,0.133,-0.049
6.6,26.827,0.136,-0.0489
6.61,27.189,0.137,-0.0484
6.62,27.163,0.137,-0.0485
6.63,27.124,0.137,-0.0489
6.64,26.919,0.138,-0.0495
6.65,26.77,0.144,-0.0499
6.66,26.628,0.148,-0.0501
6.67,26.519,0.15,-0.0502
6.68,26.349,0.151,-0.0502
6.69,26.074,0.149,-0.0501
6.7,25.829,0.148,-0.05
6.71,25.346,0.146,-0.0498
6.72,25.287,0.146,-0.0497
6.73,25.187,0.144,-0.0499
6.74,25.161,0.141,-0.0498
6.75,25.244,0.138,-0.0496
6.76,25.125,0.137,-0.0496
6.77,24.945,0.135,-0.0496
6.78,24.802,0.135,-0.0497
6.79,24.773,0.135,-0.0496
6.8,24.723,0.135,-0.0496
6.81,24.64,0.134,-0.0496
6.82,24.51,0.132,-0.0497
6.83,24.316,0.132,-0.0495
6.84,24.254,0.131,-0.0492
6.85,24.229,0.129,-0.049
6.86,24.324,0.128,-0.0489
6.87,24.426,0.128,-0.0486
6.88,24.687,0.127,-0.0485
6.89,24.943,0.129,-0.0484
6.9,25.439,0.131,-0.0479
6.91,25.737,0.133,-0.0478
6.92,25.993,0.1277,-0.0474
6.93,26.163,0.1225,-0.0473
6.94,26.269,0.1172,-0.0472
6.95,26.32,0.112,-0.0471
6.96,26.441,0.114,-0.047
6.97,26.642,0.117,-0.0468
6.98,26.777,0.12,-0.0466
6.99,26.948,0.122,-0.0465
7,26.7905,0.124,-0.0339
7.01,26.633,0.126,-0.0212
7.02,26.4755,0.126,-0.0086
7.03,26.318,0.126,0.004
7.04,26.394,0.128,0.0013
7.05,26.475,0.13,-0.0014
7.06,26.597,0.132,-0.0037
7.07,26.705,0.132,-0.0058
7.08,26.856,0.138,-0.0068
7.09,26.956,0.14,-0.0074
7.1,27.098,0.142,-0.0077
7.11,27.072,0.145,-0.0083
7.12,26.956,0.146,-0.0091
7.13,26.735,0.146,-0.0107
7.14,26.477,0.147,-0.0118
7.15,26.118,0.148,-0.0125
7.16,25.82,0.15,-0.0127
7.17,25.51,0.15,-0.0131
7.18,25.345,0.15,-0.0133
7.19,25.109,0.149,-0.0139
7.2,24.979,0.148,-0.0138
7.21,24.848,0.147,-0.0136
7.22,24.623,0.146,-0.0133
7.23,24.374,0.144,-0.0129
7.24,24.134,0.141,-0.0126
7.25,23.73,0.141,-0.0121
7.26,23.444,0.139,-0.0116
7.27,23.134,0.134,-0.0115
7.28,22.784,0.129,-0.0113
7.29,22.507,0.126,-0.0111
7.3,22.306,0.119,-0.0108
7.31,22.231,0.116,-0.0104
7.32,22.202,0.113,-0.0098
7.33,22.254,0.111,-0.0095
7.34,22.42,0.11,-0.0092
7.35,22.777,0.111,-0.0089
7.36,23.175,0.115,-0.0085
7.37,23.61,0.12,-0.0081
7.38,24.161,0.124,-0.0076
7.39,24.553,0.126,-0.0076
7.4,24.94,0.126,-0.0075
7.41,25.211,0.128,-0.0074
7.42,25.388,0.13,-0.0071
7.43,25.419,0.132,-0.0067
7.44,25.415,0.122,-0.006
7.45,25.274,0.118,-0.0058
7.46,25.123,0.12,-0.0056
7.47,25.055,0.124,-0.0054
7.48,25.094,0.126,-0.0055
7.49,25.152,0.127,-0.0059
7.5,25.172,0.1222,-0.0058
7.51,25.025,0.1175,-0.0055
7.52,22.967,0.1127,0.0119
7.53,24.386,0.108,0.0112
7.54,24.34,0.105,0.0088
7.55,23.862,0.107,0.0063
7.56,23.589,0.108,0.0055
7.57,23.25,0.111,0.0046
7.58,22.995,0.111,0.0049
7.59,22.74,0.112,0.0052
7.6,22.485,0.111,0.0055
7.61,22.23,0.11,0.0058
7.62,22.311,0.11,0.0057
7.63,22.261,0.108,0.0061
7.64,22.221,0.108,0.0063
7.65,22.199,0.109,0.0066
7.66,22.295,0.114,0.0068
7.67,22.386,0.117,0.0067
7.68,22.578,0.118,0.0071
7.69,22.836,0.119,0.0073
7.7,22.85,0.12,0.0073
7.71,23.007,0.12,0.0071
7.72,23.041,0.122,0.0071
7.73,23.076,0.123,0.007
7.74,23.151,0.125,0.0069
7.75,23.257,0.126,0.0067
7.76,23.422,0.127,0.0068
7.77,23.447,0.127,0.0066
7.78,23.511,0.127,0.0064
7.79,23.656,0.127,0.0063
7.8,23.701,0.128,0.0061
7.81,23.74,0.129,0.0061
7.82,23.741,0.129,0.0063
7.83,23.671,0.13,0.0062
7.84,23.62,0.131,0.006
7.85,23.586,0.131,0.0062
7.86,23.542,0.13,0.0063
7.87,23.449,0.129,0.0066
7.88,23.323,0.128,0.0065
7.89,23.137,0.127,0.0066
7.9,22.989,0.126,0.0069
7.91,22.878,0.126,0.0069
7.92,22.756,0.126,0.0071
7.93,22.68,0.101,0.0073
7.94,22.609,0.099,0.0074
7.95,22.396,0.099,0.0074
7.96,22.283,0.1,0.0076
7.97,22.137,0.102,0.0076
7.98,22.077,0.105,0.0078
7.99,22.019,0.106,0.0078
8,21.957,0.108,0.0081
8.01,19.748,0.109,0.0192
8.02,21.306,0.11,0.0186
8.03,21.549,0.11,0.0182
8.04,21.638,0.112,0.0176
8.05,21.643,0.113,0.017
8.06,21.638,0.113,0.0161
8.07,21.674,0.115,0.0155
8.08,21.6,0.117,0.0152
8.09,21.588,0.117,0.0148
8.1,21.535,0.118,0.0144
8.11,21.56,0.119,0.0139
8.12,21.58,0.119,0.0137
8.13,21.75,0.119,0.0132
8.14,21.814,0.119,0.013
8.15,21.984,0.119,0.0128
8.16,22.015,0.118,0.0127
8.17,22.083,0.119,0.0126
8.18,22.16,0.119,0.0124
8.19,22.26,0.119,0.0122
8.2,22.326,0.119,0.0122
8.21,22.425,0.12,0.0122
8.22,22.455,0.121,0.0119
8.23,22.485,0.121,0.012
8.24,22.557,0.121,0.0119
8.25,22.648,0.12,0.012
8.26,22.738,0.12,0.0119
8.27,22.832,0.121,0.0118
8.28,22.899,0.12,0.0116
8.29,23.011,0.12,0.0116
8.3,23.142,0.123,0.0115
8.31,23.299,0.123,0.0116
8.32,23.641,0.125,0.0117
8.33,23.917,0.126,0.0118
8.34,24.054,0.127,0.0121
8.35,24.204,0.127,0.0121
8.36,24.337,0.129,0.0121
8.37,24.372,0.131,0.0121
8.38,24.433,0.133,0.0124
8.39,24.438,0.135,0.0125
8.4,24.382,0.137,0.0125
8.41,24.367,0.138,0.0127
8.42,24.309,0.138,0.0127
8.43,24.214,0.1322,0.0129
8.44,24.106,0.1265,0.0131
8.45,23.874,0.1207,0.0132
8.46,23.705,0.115,0.0134
8.47,23.576,0.114,0.0135
8.48,23.418,0.114,0.0137
8.49,23.281,0.113,0.014
8.5,23.151,0.111,0.014
8.51,22.9627,0.109,0.0182
8.52,22.7745,0.107,0.0223
8.53,22.5862,0.105,0.0264
8.54,22.398,0.101,0.0306
8.55,22.391,0.102,0.0295
8.56,22.374,0.106,0.0288
8.57,22.409,0.109,0.0278
8.58,21.9615,0.11,0.0273
8.59,21.514,0.112,0.0268
8.6,21.0665,0.113,0.0263
8.61,20.619,0.115,0.0257
8.62,21.776,0.116,0.0245
8.63,22.001,0.116,0.024
8.64,22.137,0.117,0.0243
8.65,22.137,0.117,0.0247
8.66,22.172,0.121,0.0249
8.67,22.148,0.126,0.025
8.68,22.122,0.128,0.0251
8.69,22.018,0.13,0.025
8.7,21.986,0.13,0.0248
8.71,21.913,0.13,0.0249
8.72,21.836,0.13,0.0249
8.73,21.777,0.13,0.0246
8.74,21.729,0.129,0.0246
8.75,21.699,0.128,0.0243
8.76,21.692,0.128,0.0241
8.77,21.684,0.127,0.0241
8.78,21.668,0.127,0.0236
8.79,21.643,0.127,0.0235
8.8,21.599,0.124,0.0235
8.81,21.596,0.123,0.0234
8.82,21.577,0.124,0.0232
8.83,21.609,0.124,0.0231
8.84,21.602,0.124,0.0232
8.85,21.677,0.124,0.0231
8.86,21.643,0.124,0.023
8.87,21.544,0.122,0.023
8.88,21.527,0.122,0.023
8.89,21.495,0.123,0.0229
8.9,21.534,0.122,0.023
8.91,21.512,0.122,0.0228
8.92,21.586,0.1172,0.0227
8.93,21.685,0.1125,0.0226
8.94,21.792,0.1077,0.0225
8.95,21.953,0.103,0.0222
8.96,22.23,0.105,0.0224
8.97,22.348,0.106,0.0222
8.98,22.551,0.114,0.0217
8.99,22.811,0.114,0.0214
9,22.9827,0.116,0.0244
9.01,23.1545,0.116,0.0274
9.02,23.3262,0.117,0.0304
9.03,23.498,0.117,0.0334
9.04,23.998,0.116,0.03
9.05,24.227,0.116,0.0273
9.06,24.389,0.117,0.0234
9.07,24.558,0.117,0.022
9.08,24.851,0.12,0.0212
9.09,25.09,0.123,0.0207
9.1,25.231,0.127,0.0202
9.11,25.371,0.13,0.0201
9.12,25.538,0.131,0.0199
9.13,25.649,0.134,0.0195
9.14,25.732,0.135,0.0193
9.15,25.822,0.135,0.0192
9.16,25.847,0.136,0.0191
9.17,25.816,0.137,0.0192
9.18,25.775,0.137,0.0191
9.19,25.763,0.137,0.0191
9.2,25.799,0.139,0.0191
9.21,25.782,0.141,0.0191
9.22,25.81,0.141,0.0192
9.23,25.798,0.141,0.0192
9.24,25.941,0.139,0.0193
9.25,26.052,0.141,0.019
9.26,26.018,0.148,0.0187
9.27,26.107,0.152,0.0186
9.28,26.078,0.152,0.0182
9.29,26.134,0.151,0.0178
9.3,26.126,0.152,0.0168
9.31,26.194,0.149,0.0162
9.32,26.14,0.141,0.0146
9.33,26.118,0.148,0.0126
9.34,26.066,0.147,0.0111
9.35,26.118,0.145,0.01
9.36,26.12,0.149,0.0085
9.37,26.257,0.154,0.0064
9.38,26.088,0.156,0.0047
9.39,25.974,0.151,0.0021
9.4,25.786,0.149,-0.0005
9.41,25.684,0.148,-0.0031
9.42,25.709,0.148,-0.0038
9.43,25.815,0.147,-0.0046
9.44,25.888,0.14,-0.0048
9.45,25.812,0.131,-0.0059
9.46,25.882,0.128,-0.0074
9.47,25.956,0.124,-0.0087
9.48,25.92,0.125,-0.0098
9.49,26.048,0.128,-0.0107
9.5,26.057,0.141,-0.0115
9.51,26.119,0.145,-0.012
9.52,24.263,0.139,0.0267
9.53,25.688,0.133,0.0236
9.54,25.945,0.127,0.0188
9.55,26.012,0.121,0.0137
9.56,26.13,0.121,0.0091
9.57,26.194,0.124,0.005
9.58,26.014,0.124,-0.0001
9.59,25.96,0.127,-0.002
9.6,25.7682,0.127,-0.0022
9.61,25.5765,0.125,-0.0023
9.62,25.3847,0.123,-0.0025
9.63,25.193,0.115,-0.0026
9.64,25.49,0.11,-0.0049
9.65,25.553,0.112,-0.0055
9.66,25.62,0.11,-0.0056
9.67,25.701,0.11,-0.0058
9.68,25.752,0.114,-0.0062
9.69,25.818,0.117,-0.0064
9.7,25.925,0.121,-0.007
9.71,26.054,0.123,-0.0078
9.72,26.036,0.124,-0.0084
9.73,26.135,0.127,-0.0087
9.74,26.205,0.13,-0.0093
9.75,26.282,0.132,-0.01
9.76,26.382,0.134,-0.0107
9.77,26.407,0.135,-0.0116
9.78,26.475,0.135,-0.0135
9.79,26.425,0.134,-0.0148
9.8,26.487,0.137,-0.0159
9.81,26.421,0.138,-0.0171
9.82,26.333,0.14,-0.0183
9.83,26.27,0.14,-0.0193
9.84,26.219,0.14,-0.0202
9.85,26.138,0.136,-0.0212
9.86,26.026,0.135,-0.0216
9.87,26.031,0.134,-0.0221
9.88,25.964,0.133,-0.0227
9.89,25.981,0.131,-0.0236
9.9,26.041,0.129,-0.0244
9.91,26.181,0.127,-0.0258
9.92,26.38,0.123,-0.027
9.93,26.57,0.119,-0.0281
9.94,26.739,0.115,-0.0288
9.95,26.78,0.111,-0.0294
9.96,26.807,0.111,-0.0305
9.97,26.831,0.112,-0.0313
9.98,26.798,0.116,-0.0324
9.99,26.694,0.118,-0.0331
10,26.536,0.121,-0.0202
10.01,26.378,0.123,-0.0072
10.02,26.22,0.125,0.0057
10.03,26.062,0.127,0.0186
10.04,26.137,0.129,0.0136
10.05,26.141,0.131,0.0085
10.06,26.067,0.131,0.0043
10.07,26.071,0.133,0.0012
10.08,26.009,0.135,-0.0032
10.09,25.944,0.135,-0.006
10.1,25.861,0.136,-0.0085
10.11,25.763,0.135,-0.0108
10.12,25.81,0.136,-0.0127
10.13,25.794,0.135,-0.0142
10.14,25.861,0.135,-0.016
10.15,26.035,0.135,-0.0184
10.16,26.136,0.134,-0.0195
10.17,26.211,0.133,-0.0212
10.18,26.298,0.131,-0.0227
10.19,26.326,0.129,-0.0243
10.2,26.317,0.128,-0.026
10.21,26.367,0.127,-0.0288
10.22,26.392,0.128,-0.0304
10.23,26.413,0.128,-0.0319
10.24,26.467,0.128,-0.0332
10.25,26.453,0.13,-0.0346
10.26,26.471,0.126,-0.0357
10.27,26.559,0.125,-0.0366
10.28,26.629,0.123,-0.0381
10.29,26.759,0.123,-0.039
10.3,26.93,0.123,-0.0396
10.31,27.052,0.122,-0.0404
10.32,27.292,0.123,-0.0413
10.33,27.598,0.124,-0.0421
10.34,28.032,0.124,-0.0433
10.35,28.261,0.128,-0.0443
10.36,28.356,0.131,-0.0453
10.37,28.392,0.132,-0.0464
10.38,28.587,0.134,-0.0474
10.39,28.745,0.132,-0.0485
10.4,28.792,0.131,-0.0496
10.41,28.93,0.13,-0.0508
10.42,29.022,0.131,-0.0514
10.43,29.074,0.13,-0.0521
10.44,29.153,0.129,-0.0526
10.45,29.121,0.128,-0.0533
10.46,29.272,0.127,-0.0537
10.47,29.365,0.152,-0.0544
10.48,29.513,0.177,-0.0548
10.49,29.601,0.183,-0.0552
10.5,29.554,0.176,-0.0557
10.51,28.9347,0.162,-0.0443
10.52,28.3155,0.15,-0.0328
10.53,27.6962,0.1487,-0.0214
10.54,27.077,0.1475,-0.0099
10.55,26.91,0.1462,-0.0168
10.56,26.632,0.145,-0.0242
10.57,26.84,0.129,-0.0276
10.58,27.508,0.118,-0.0302
10.59,28.252,0.105,-0.0321
10.6,29.215,0.083,-0.0339
10.61,29.5777,0.075,-0.0338
10.62,29.9405,0.076,-0.0337
10.63,30.3032,0.07,-0.0336
10.64,30.666,0.079,-0.0335
10.65,31.323,0.098,-0.0368
10.66,31.269,0.098,-0.0396
10.67,31.023,0.1,-0.0418
10.68,31.018,0.109,-0.0448
10.69,30.95,0.117,-0.047
10.7,30.93,0.125,-0.0492
10.71,30.66,0.134,-0.0514
10.72,30.328,0.138,-0.0535
10.73,30.018,0.144,-0.0552
10.74,29.823,0.149,-0.0563
10.75,29.378,0.151,-0.0577
10.76,29.065,0.149,-0.0583
10.77,28.736,0.147,-0.059
10.78,28.403,0.14,-0.0596
10.79,28.186,0.127,-0.06
10.8,28.019,0.12,-0.0604
10.81,27.76,0.114,-0.0607
10.82,27.598,0.105,-0.0609
10.83,27.667,0.097,-0.061
10.84,27.722,0.09,-0.0611
10.85,27.855,0.084,-0.0612
10.86,27.968,0.077,-0.0614
10.87,27.774,0.073,-0.0617
10.88,27.781,0.067,-0.0618
10.89,27.575,0.06,-0.0619
10.9,27.457,0.057,-0.0617
10.91,26.949,0.056,-0.0615
10.92,26.285,0.0537,-0.0613
10.93,25.711,0.0515,-0.0613
10.94,24.539,0.0492,-0.0611
10.95,23.857,0.047,-0.061
10.96,23.103,0.051,-0.0608
10.97,22.376,0.056,-0.0607
10.98,21.737,0.063,-0.0606
10.99,21.271,0.067,-0.0604
11,20.609,0.07,-0.0389
11.01,19.947,0.075,-0.0175
11.02,19.285,0.077,0.0039
11.03,18.623,0.076,0.0254
11.04,18.268,0.074,0.0075
11.05,17.797,0.073,-0.0045
11.06,17.085,0.073,-0.0136
11.07,16.596,0.072,-0.0174
11.08,16.08,0.074,-0.0209
11.09,15.62,0.077,-0.0223
11.1,15.228,0.078,-0.0227
11.11,14.89,0.079,-0.0226
11.12,14.697,0.077,-0.0222
11.13,14.446,0.072,-0.0219
11.14,14.306,0.057,-0.0214
11.15,14.147,0.05,-0.0211
11.16,13.995,0.044,-0.0207
11.17,13.839,0.041,-0.0203
11.18,13.686,0.039,-0.0199
11.19,13.593,0.037,-0.0196
11.2,13.539,0.038,-0.0191
11.21,13.619,0.039,-0.0188
11.22,13.797,0.038,-0.0186
11.23,14.141,0.038,-0.0182
11.24,14.534,0.047,-0.0178
11.25,14.992,0.057,-0.0175
11.26,15.709,0.06,-0.0169
11.27,16.226,0.061,-0.0166
11.28,16.828,0.062,-0.0167
11.29,17.501,0.059,-0.0164
11.3,18.232,0.059,-0.0159
11.31,18.917,0.058,-0.0155
11.32,19.85,0.053,-0.0151
11.33,20.334,0.052,-0.0154
11.34,20.778,0.048,-0.0162
11.35,21.122,0.046,-0.018
11.36,21.524,0.051,-0.0202
11.37,21.987,0.055,-0.022
11.38,22.146,0.059,-0.0231
11.39,22.216,0.066,-0.0239
11.4,22.108,0.075,-0.0242
11.41,22.015,0.081,-0.0249
11.42,21.888,0.085,-0.0257
11.43,21.816,0.093,-0.0259
11.44,21.692,0.096,-0.0268
11.45,21.491,0.097,-0.0287
11.46,21.118,0.097,-0.0325
11.47,20.912,0.098,-0.0352
11.48,20.573,0.1,-0.0374
11.49,20.252,0.104,-0.0391
11.5,19.886,0.103,-0.0404
11.51,19.55,0.1,-0.0409
11.52,17.718,0.1,0.0444
11.53,18.529,0.0947,0.0402
11.54,18.48,0.0895,0.0328
11.55,18.41,0.0842,0.0249
11.56,18.267,0.079,0.0187
11.57,18.018,0.078,0.0141
11.58,17.86,0.079,0.0122
11.59,17.742,0.08,0.0116
11.6,17.636,0.081,0.0113
11.61,17.5192,0.081,0.0178
11.62,17.4025,0.082,0.0242
11.63,17.2857,0.083,0.0307
11.64,17.169,0.083,0.0372
11.65,17.264,0.083,0.0345
11.66,17.317,0.083,0.0311
11.67,17.356,0.082,0.0281
11.68,17.433,0.081,0.0243
11.69,17.507,0.082,0.0217
11.7,17.525,0.083,0.0179
11.71,17.569,0.084,0.0143
11.72,17.58,0.084,0.0103
11.73,17.527,0.084,0.0058
11.74,17.449,0.083,0.0014
11.75,17.357,0.083,-0.0047
11.76,17.321,0.082,-0.0079
11.77,17.252,0.082,-0.0109
11.78,17.178,0.08,-0.0132
11.79,17.102,0.079,-0.0153
11.8,17.009,0.074,-0.0169
11.81,16.844,0.071,-0.0191
11.82,16.706,0.071,-0.0201
11.83,16.565,0.071,-0.0209
11.84,16.407,0.07,-0.0213
11.85,16.185,0.069,-0.0218
11.86,15.888,0.068,-0.022
11.87,15.619,0.068,-0.0221
11.88,15.169,0.071,-0.0223
11.89,14.834,0.072,-0.0224
11.9,14.494,0.071,-0.0221
11.91,14.227,0.071,-0.0217
11.92,14.012,0.0697,-0.0214
11.93,13.853,0.0685,-0.0211
11.94,13.719,0.0672,-0.0207
11.95,13.588,0.066,-0.0199
11.96,13.482,0.065,-0.0193
11.97,13.446,0.064,-0.0188
11.98,13.366,0.062,-0.0184
11.99,13.288,0.063,-0.018
12,13.2735,0.063,-0.0032
12.01,13.259,0.064,0.0115
12.02,13.2445,0.064,0.0262
12.03,13.23,0.064,0.041
12.04,13.328,0.065,0.0402
12.05,13.425,0.065,0.0397
12.06,13.504,0.066,0.0394
12.07,13.643,0.067,0.0385
12.08,13.727,0.068,0.0379
12.09,13.831,0.069,0.0373
12.1,13.93,0.07,0.0362
12.11,14.031,0.071,0.0354
12.12,14.13,0.072,0.0338
12.13,14.273,0.073,0.029
12.14,14.329,0.073,0.0254
12.15,14.311,0.074,0.0209
12.16,14.309,0.075,0.0157
12.17,14.253,0.075,0.0095
12.18,14.225,0.074,0.0043
12.19,14.164,0.074,-0.0001
12.2,14.125,0.074,-0.0049
12.21,14.119,0.074,-0.0071
12.22,14.14,0.074,-0.0089
12.23,14.195,0.073,-0.0102
12.24,14.217,0.072,-0.0116
12.25,14.249,0.071,-0.0135
12.26,14.248,0.071,-0.0173
12.27,14.254,0.072,-0.0199
12.28,14.289,0.071,-0.0226
12.29,14.341,0.071,-0.0251
12.3,14.377,0.069,-0.0276
12.31,14.45,0.069,-0.0297
12.32,14.512,0.068,-0.0316
12.33,14.569,0.068,-0.0339
12.34,14.588,0.069,-0.0357
12.35,14.543,0.069,-0.0373
12.36,14.425,0.068,-0.0388
12.37,14.249,0.067,-0.0403
12.38,14.143,0.065,-0.0418
12.39,14.095,0.062,-0.0429
12.4,13.997,0.061,-0.0443
12.41,13.971,0.061,-0.045
12.42,13.935,0.062,-0.0453
12.43,13.891,0.063,-0.0454
12.44,13.873,0.064,-0.0453
12.45,13.872,0.061,-0.0454
12.46,13.901,0.06,-0.0457
12.47,13.99,0.061,-0.0459
12.48,14.046,0.062,-0.0463
12.49,14.116,0.062,-0.0466
12.5,14.161,0.064,-0.047
12.51,14.172,0.065,-0.0476
12.52,13.147,0.068,0.0282
12.53,13.874,0.073,0.0248
12.54,14.011,0.0687,0.0165
12.55,14.093,0.0645,0.0125
12.56,14.231,0.0602,0.0098
12.57,14.478,0.056,0.0073
12.58,14.78,0.055,0.0049
12.59,15.189,0.057,0.0021
12.6,15.731,0.059,-0.0021
12.61,16.58,0.057,-0.0089
12.62,16.8897,0.059,0.0064
12.63,17.1995,0.065,0.0219
12.64,17.5092,0.065,0.0373
12.65,17.819,0.065,0.0527
12.66,18.616,0.063,0.033
12.67,18.862,0.062,0.0202
12.68,19.08,0.056,0.0107
12.69,19.149,0.056,0.0012
12.7,19.111,0.06,-0.0085
12.71,19.016,0.062,-0.0178
12.72,19.044,0.07,-0.0268
12.73,18.935,0.073,-0.0341
12.74,18.73,0.075,-0.0412
12.75,18.541,0.081,-0.0442
12.76,18.388,0.087,-0.0465
12.77,18.264,0.092,-0.0478
12.78,18.166,0.095,-0.0484
12.79,18.034,0.093,-0.0487
12.8,17.92,0.096,-0.049
12.81,17.935,0.096,-0.0492
12.82,17.918,0.098,-0.0492
12.83,17.904,0.098,-0.0491
12.84,17.914,0.097,-0.0489
12.85,17.943,0.095,-0.0487
12.86,17.968,0.093,-0.0484
12.87,17.933,0.091,-0.0479
12.88,17.779,0.089,-0.0479
12.89,17.732,0.088,-0.0477
12.9,17.764,0.086,-0.0474
12.91,17.677,0.085,-0.0469
12.92,17.708,0.084,-0.0467
12.93,17.806,0.084,-0.0462
12.94,17.842,0.077,-0.0458
12.95,17.913,0.075,-0.0455
12.96,18.055,0.074,-0.0452
12.97,18.191,0.073,-0.0449
12.98,18.278,0.073,-0.0446
12.99,18.325,0.075,-0.0442
13,18.365,0.074,-0.0437
13.01,18.341,0.075,-0.0434
13.02,17.237,0.075,0.0251
13.03,18.051,0.075,0.0248
13.04,18.159,0.075,0.0239
13.05,18.223,0.075,0.0231
13.06,18.205,0.074,0.0228
13.07,18.205,0.073,0.0223
13.08,18.159,0.069,0.0222
13.09,18.066,0.069,0.022
13.1,17.958,0.07,0.0222
13.11,17.954,0.065,0.0221
13.12,18.129,0.062,0.0218
13.13,18.441,0.057,0.0213
13.14,18.835,0.053,0.0208
13.15,19.212,0.053,0.0201
13.16,19.551,0.056,0.0189
13.17,19.929,0.056,0.018
13.18,20.187,0.062,0.0178
13.19,20.672,0.068,0.0178
13.2,21.033,0.075,0.0165
13.21,21.222,0.082,0.0137
13.22,21.391,0.086,0.0084
13.23,21.458,0.09,0.0026
13.24,21.44,0.091,-0.0024
13.25,21.299,0.091,-0.009
13.26,21.079,0.092,-0.013
13.27,20.741,0.092,-0.0166
13.28,20.298,0.094,-0.02
13.29,19.806,0.093,-0.0223
13.3,19.308,0.091,-0.0241
13.31,18.809,0.088,-0.0255
13.32,18.106,0.085,-0.0273
13.33,17.753,0.083,-0.0279
13.34,17.476,0.08,-0.0287
13.35,17.3,0.077,-0.0295
13.36,17.164,0.075,-0.0302
13.37,17.004,0.073,-0.0304
13.38,16.897,0.072,-0.0306
13.39,16.779,0.072,-0.0309
13.4,16.778,0.072,-0.0309
13.41,16.769,0.072,-0.0312
13.42,16.748,0.072,-0.0313
13.43,16.756,0.072,-0.0313
13.44,16.724,0.071,-0.031
13.45,16.687,0.072,-0.0303
13.46,16.655,0.073,-0.03
13.47,16.571,0.072,-0.0296
13.48,16.56,0.072,-0.0291
13.49,16.522,0.072,-0.0288
13.5,16.504,0.073,-0.0284
13.51,16.54,0.074,-0.0279
13.52,16.612,0.074,-0.0272
13.53,16.625,0.075,-0.0269
13.54,15.812,0.075,0.084
13.55,16.37,0.0725,0.0769
13.56,16.434,0.07,0.0669
13.57,16.461,0.0675,0.0579
13.58,16.429,0.065,0.05
13.59,16.424,0.066,0.0438
13.6,16.357,0.065,0.0389
13.61,16.288,0.066,0.0341
13.62,16.305,0.068,0.0319
13.63,16.227,0.068,0.0448
13.64,16.149,0.069,0.0577
13.65,16.071,0.07,0.0706
13.66,15.993,0.072,0.0836
13.67,16.167,0.074,0.074
13.68,16.198,0.076,0.0595
13.69,16.178,0.078,0.0523
13.7,16.116,0.079,0.0467
13.71,16.036,0.081,0.0419
13.72,15.96,0.081,0.0379
13.73,15.87,0.081,0.0338
13.74,15.732,0.082,0.0296
13.75,15.676,0.083,0.0273
13.76,15.625,0.083,0.0251
13.77,15.61,0.083,0.0242
13.78,15.574,0.083,0.0232
13.79,15.555,0.08,0.0227
13.8,15.549,0.076,0.0217
13.81,15.596,0.074,0.0205
13.82,15.657,0.075,0.0201
13.83,15.713,0.076,0.019
13.84,15.823,0.078,0.0179
13.85,15.96,0.08,0.0164
13.86,16.125,0.081,0.0151
13.87,16.511,0.083,0.0131
13.88,16.903,0.084,0.0113
13.89,17.362,0.084,0.0095
13.9,17.905,0.085,0.0064
13.91,18.459,0.086,0.0037
13.92,18.941,0.0862,0.0009
13.93,19.599,0.0865,-0.003
13.94,19.959,0.0867,-0.0053
13.95,20.274,0.087,-0.0077
13.96,20.574,0.09,-0.0107
13.97,20.764,0.095,-0.0139
13.98,21.005,0.098,-0.0167
13.99,21.148,0.101,-0.0195
14,21.1672,0.103,-0.0012
14.01,21.1865,0.106,0.017
14.02,21.2057,0.109,0.0353
14.03,21.225,0.111,0.0536
14.04,21.382,0.113,0.039
14.05,21.471,0.113,0.0263
14.06,21.493,0.114,0.0159
14.07,21.486,0.113,0.0078
14.08,21.481,0.117,0.001
14.09,21.453,0.116,-0.0048
14.1,21.404,0.117,-0.012
14.11,21.339,0.118,-0.0162
14.12,21.302,0.117,-0.0196
14.13,21.248,0.117,-0.023
14.14,21.219,0.116,-0.026
14.15,21.152,0.114,-0.0288
14.16,21.085,0.113,-0.0323
14.17,20.98,0.113,-0.0346
14.18,20.905,0.112,-0.0365
14.19,20.837,0.112,-0.0383
14.2,20.761,0.111,-0.0401
14.21,20.675,0.11,-0.0416
14.22,20.579,0.109,-0.0436
14.23,20.53,0.109,-0.0449
14.24,20.483,0.108,-0.0461
14.25,20.443,0.107,-0.0473
14.26,20.432,0.108,-0.0482
14.27,20.42,0.108,-0.0491
14.28,20.412,0.107,-0.05
14.29,20.437,0.108,-0.0511
14.3,20.426,0.108,-0.0519
14.31,20.409,0.107,-0.0526
14.32,20.397,0.107,-0.0532
14.33,20.391,0.107,-0.0539
14.34,20.351,0.107,-0.0546
14.35,20.346,0.108,-0.0551
14.36,20.347,0.107,-0.056
14.37,20.333,0.106,-0.0565
14.38,20.307,0.105,-0.0568
14.39,20.274,0.105,-0.0573
14.4,20.235,0.105,-0.0577
14.41,20.203,0.105,-0.0582
14.42,20.102,0.105,-0.0587
14.43,20,0.105,-0.059
14.44,19.933,0.097,-0.0592
14.45,19.836,0.09,-0.0595
14.46,19.674,0.09,-0.0598
14.47,19.645,0.09,-0.06
14.48,19.528,0.092,-0.0604
14.49,19.384,0.094,-0.0612
14.5,19.311,0.095,-0.062
14.51,19.254,0.096,-0.0624
14.52,17.681,0.096,0.0887
14.53,18.478,0.097,0.069
14.54,18.53,0.096,0.0468
14.55,18.477,0.096,0.0198
14.56,18.451,0.098,0.0079
14.57,18.442,0.096,-0.0017
14.58,18.449,0.094,-0.0091
14.59,18.412,0.095,-0.0152
14.6,18.33,0.092,-0.0203
14.61,18.247,0.091,-0.0266
14.62,18.243,0.091,-0.0305
14.63,18.254,0.09,-0.0337
14.64,18.268,0.09,-0.0364
14.65,18.297,0.091,-0.039
14.66,18.247,0.089,-0.0412
14.67,18.209,0.087,-0.0434
14.68,18.118,0.085,-0.0461
14.69,18.044,0.083,-0.0477
14.7,17.97,0.071,-0.0494
14.71,17.893,0.067,-0.0505
14.72,17.838,0.067,-0.052
14.73,17.796,0.069,-0.0529
14.74,16.9905,0.075,-0.0445
14.75,16.185,0.079,-0.0362
14.76,15.3795,0.081,-0.0278
14.77,14.574,0.082,-0.0194
14.78,16.606,0.08,-0.0184
14.79,16.618,0.08,-0.0208
14.8,16.502,0.081,-0.0253
14.81,16.35,0.083,-0.0296
14.82,16.171,0.084,-0.0333
14.83,15.945,0.0802,-0.0364
14.84,15.735,0.0765,-0.0389
14.85,15.551,0.0727,-0.041
14.86,15.428,0.069,-0.0429
14.87,15.327,0.072,-0.0451
14.88,15.304,0.074,-0.0465
14.89,15.361,0.075,-0.0478
14.9,15.495,0.076,-0.0492
14.91,15.7127,0.077,-0.05
14.92,15.9305,0.0735,-0.0508
14.93,16.1482,0.07,-0.0516
14.94,16.366,0.0665,-0.0524
14.95,16.498,0.063,-0.0535
14.96,16.53,0.064,-0.0544
14.97,16.559,0.067,-0.0554
14.98,16.563,0.068,-0.0564
14.99,16.477,0.071,-0.0573
15,16.387,0.074,-0.0373
15.01,16.297,0.075,-0.0173
15.02,16.207,0.075,0.0027
15.03,16.117,0.077,0.0227
15.04,16.284,0.079,0.0107
15.05,16.597,0.079,-0.003
15.06,16.848,0.079,-0.0106
15.07,17.085,0.08,-0.0171
15.08,17.304,0.081,-0.0223
15.09,17.525,0.083,-0.0268
15.1,17.719,0.085,-0.031
15.11,18.103,0.086,-0.0362
15.12,18.368,0.089,-0.039
15.13,18.616,0.091,-0.0416
15.14,18.862,0.093,-0.0438
15.15,19.117,0.095,-0.0457
15.16,19.34,0.098,-0.0476
15.17,19.582,0.101,-0.0494
15.18,19.998,0.106,-0.0515
15.19,20.311,0.108,-0.0529
15.2,20.566,0.109,-0.054
15.21,20.902,0.11,-0.0553
15.22,21.232,0.112,-0.0564
15.23,21.634,0.11,-0.0576
15.24,21.998,0.111,-0.0584
15.25,22.525,0.115,-0.0598
15.26,22.825,0.115,-0.0608
15.27,23.114,0.115,-0.0616
15.28,23.379,0.113,-0.0624
15.29,23.688,0.114,-0.0634
15.3,23.938,0.112,-0.0641
15.31,24.235,0.108,-0.0652
15.32,24.544,0.105,-0.0659
15.33,24.748,0.103,-0.0665
15.34,24.933,0.107,-0.0669
15.35,25.039,0.108,-0.0677
15.36,25.095,0.115,-0.0687
15.37,25.401,0.116,-0.0707
15.38,25.552,0.11,-0.0717
15.39,25.818,0.109,-0.0725
15.4,26.006,0.109,-0.0729
15.41,25.924,0.109,-0.0737
15.42,25.808,0.1067,-0.0742
15.43,25.636,0.1045,-0.0745
15.44,25.225,0.1022,-0.0753
15.45,25.093,0.1,-0.0754
15.46,25.022,0.108,-0.0753
15.47,24.974,0.115,-0.0753
15.48,24.779,0.119,-0.0752
15.49,24.67,0.126,-0.0751
15.5,24.3352,0.132,-0.0571
15.51,24.0005,0.139,-0.0392
15.52,23.6657,0.141,-0.0212
15.53,23.331,0.143,-0.0033
15.54,23.264,0.141,-0.0202
15.55,23.205,0.138,-0.0292
15.56,23.104,0.135,-0.0353
15.57,22.96,0.13,-0.0399
15.58,22.753,0.126,-0.0434
15.59,22.437,0.123,-0.0462
15.6,22.093,0.114,-0.0487
15.61,21.498,0.111,-0.0519
15.62,21.127,0.107,-0.0536
15.63,20.762,0.104,-0.0551
15.64,20.376,0.101,-0.0564
15.65,19.914,0.101,-0.0578
15.66,19.531,0.101,-0.0589
15.67,19.095,0.0962,-0.0599
15.68,18.488,0.0915,-0.0613
15.69,18.237,0.0867,-0.0622
15.7,18.034,0.082,-0.0631
15.71,18.003,0.075,-0.0641
15.72,17.994,0.068,-0.0649
15.73,17.971,0.064,-0.0656
15.74,17.907,0.059,-0.0667
15.75,17.6152,0.057,-0.0625
15.76,17.3235,0.056,-0.0583
15.77,17.0317,0.056,-0.0542
15.78,16.74,0.057,-0.05
15.79,17.015,0.058,-0.0517
15.8,16.887,0.057,-0.0537
15.81,16.745,0.056,-0.0549
15.82,16.615,0.056,-0.056
15.83,16.477,0.058,-0.0569
15.84,16.351,0.059,-0.0579
15.85,16.26,0.061,-0.0587
15.86,16.145,0.065,-0.0594
15.87,16.04,0.067,-0.0601
15.88,15.9,0.068,-0.0611
15.89,15.813,0.068,-0.0617
15.9,15.762,0.066,-0.0621
15.91,15.756,0.065,-0.0625
15.92,15.748,0.0612,-0.063
15.93,15.781,0.0575,-0.0635
15.94,15.797,0.0537,-0.064
15.95,15.697,0.05,-0.0649
15.96,15.635,0.047,-0.0655
15.97,15.571,0.048,-0.0662
15.98,15.577,0.052,-0.0666
15.99,15.545,0.054,-0.067
16,15.3897,0.055,-0.0501
16.01,15.2345,0.055,-0.0331
16.02,15.0792,0.056,-0.0161
16.03,14.924,0.057,0.0007
16.04,14.807,0.058,-0.0009
16.05,14.617,0.058,-0.0027
16.06,14.392,0.058,-0.0046
16.07,14.215,0.059,-0.0062
16.08,14.055,0.062,-0.008
16.09,13.894,0.063,-0.0094
16.1,13.706,0.065,-0.0111
16.11,13.646,0.066,-0.0117
16.12,13.545,0.066,-0.0122
16.13,13.519,0.065,-0.013
16.14,13.593,0.064,-0.0138
16.15,13.63,0.061,-0.0146
16.16,13.892,0.062,-0.02
16.17,14.199,0.061,-0.025
16.18,14.571,0.058,-0.0303
16.19,14.98,0.056,-0.0353
16.2,15.491,0.062,-0.0392
16.21,15.944,0.069,-0.0426
16.22,16.347,0.073,-0.0459
16.23,16.834,0.074,-0.0497
16.24,17.065,0.075,-0.0514
16.25,17.226,0.078,-0.0527
16.26,17.341,0.078,-0.0535
16.27,17.406,0.076,-0.0537
16.28,17.51,0.072,-0.054
16.29,17.669,0.074,-0.0542
16.3,17.911,0.077,-0.0546
16.31,18.094,0.078,-0.0554
16.32,18.235,0.082,-0.0565
16.33,18.348,0.086,-0.0574
16.34,18.516,0.09,-0.0584
16.35,18.794,0.099,-0.0593
16.36,19.102,0.104,-0.0601
16.37,19.414,0.103,-0.0612
16.38,19.426,0.099,-0.0619
16.39,19.237,0.093,-0.0625
16.4,18.797,0.088,-0.0627
16.41,18.171,0.081,-0.0631
16.42,17.428,0.081,-0.0636
16.43,16.409,0.08,-0.0647
16.44,15.883,0.082,-0.0654
16.45,15.386,0.077,-0.0661
16.46,14.925,0.069,-0.0661
16.47,14.54,0.06,-0.066
16.48,14.198,0.054,-0.0657
16.49,13.779,0.049,-0.0652
16.5,13.573,0.049,-0.0648
16.51,13.325,0.052,-0.0644
16.52,12.453,0.058,0.0756
16.53,12.738,0.064,0.0498
16.54,12.625,0.069,0.0297
16.55,12.525,0.068,0.0128
16.56,12.45,0.062,0.0021
16.57,12.4,0.059,-0.0045
16.58,12.345,0.06,-0.0096
16.59,12.167,0.06,-0.0141
16.6,11.958,0.062,-0.0164
16.61,11.788,0.063,-0.0191
16.62,11.581,0.064,-0.0215
16.63,11.406,0.065,-0.0236
16.64,11.266,0.067,-0.0251
16.65,11.057,0.064,-0.0256
16.66,11.003,0.058,-0.0256
16.67,10.967,0.052,-0.0256
16.68,10.907,0.0495,-0.0271
16.69,10.78,0.047,-0.0305
16.7,10.639,0.0445,-0.0352
16.71,10.449,0.042,-0.0398
16.72,10.117,0.041,-0.0447
16.73,9.826,0.043,-0.0463
16.74,9.532,0.049,-0.0469
16.75,9.298,0.054,-0.047
16.76,9.3325,0.055,-0.0439
16.77,9.367,0.058,-0.0408
16.78,9.4015,0.065,-0.0376
16.79,9.436,0.075,-0.0345
16.8,9.629,0.079,-0.034
16.81,9.967,0.081,-0.0337
16.82,10.364,0.079,-0.0334
16.83,10.696,0.076,-0.0346
16.84,10.984,0.07,-0.0375
16.85,11.29,0.065,-0.0416
16.86,11.649,0.066,-0.0451
16.87,12.062,0.068,-0.0499
16.88,12.237,0.069,-0.052
16.89,12.382,0.07,-0.0538
16.9,12.423,0.071,-0.0554
16.91,12.338,0.072,-0.0568
16.92,12.244,0.072,-0.0575
16.93,12.02,0.0685,-0.0579
16.94,11.883,0.065,-0.058
16.95,11.725,0.0615,-0.0579
16.96,11.576,0.058,-0.0578
16.97,11.453,0.055,-0.0575
16.98,11.367,0.055,-0.0574
16.99,11.341,0.058,-0.0572
17,11.446,0.064,-0.0569
17.01,11.5602,0.071,-0.038
17.02,11.6745,0.075,-0.0192
17.03,11.7887,0.077,-0.0003
17.04,11.903,0.083,0.0185
17.05,11.976,0.083,0.017
17.06,12.092,0.08,0.0131
17.07,12.188,0.079,0.0055
17.08,12.234,0.076,-0.0036
17.09,12.215,0.075,-0.0126
17.1,12.169,0.073,-0.0203
17.11,12.114,0.07,-0.0264
17.12,11.948,0.068,-0.0325
17.13,11.748,0.065,-0.0356
17.14,11.454,0.063,-0.0377
17.15,11.17,0.062,-0.0395
17.16,10.916,0.063,-0.0404
17.17,10.666,0.063,-0.0409
17.18,10.323,0.065,-0.041
17.19,10.116,0.066,-0.0407
17.2,9.935,0.065,-0.0404
17.21,9.763,0.064,-0.0401
17.22,9.644,0.064,-0.04
17.23,9.518,0.059,-0.04
17.24,9.417,0.056,-0.0406
17.25,9.247,0.053,-0.0425
17.26,9.117,0.054,-0.0438
17.27,9.056,0.053,-0.045
17.28,9.014,0.053,-0.0464
17.29,8.873,0.055,-0.0472
17.3,8.716,0.058,-0.0473
17.31,8.58,0.058,-0.047
17.32,8.542,0.056,-0.047
17.33,8.557,0.055,-0.0468
17.34,8.598,0.055,-0.0467
17.35,8.615,0.057,-0.0465
17.36,8.674,0.063,-0.0461
17.37,8.722,0.068,-0.0461
17.38,8.756,0.072,-0.046
17.39,8.722,0.075,-0.0463
17.4,8.683,0.076,-0.0469
17.41,8.675,0.073,-0.0476
17.42,8.678,0.068,-0.0485
17.43,8.673,0.062,-0.049
17.44,8.764,0.074,-0.0493
17.45,8.854,0.07,-0.0496
17.46,8.93,0.067,-0.05
17.47,9.024,0.064,-0.0505
17.48,9.069,0.065,-0.0508
17.49,9.138,0.069,-0.0509
17.5,9.221,0.072,-0.0508
17.51,9.263,0.073,-0.0504
17.52,9.593,0.07,0.0869
17.53,9.885,0.067,0.064
17.54,10.005,0.061,0.0505
17.55,10.087,0.054,0.0374
17.56,10.194,0.051,0.0165
17.57,10.151,0.049,0.0041
17.58,10.068,0.046,-0.0053
17.59,9.97,0.044,-0.0113
17.6,9.914,0.042,-0.0149
17.61,9.796,0.039,-0.0172
17.62,9.628,0.035,-0.0176
17.63,9.487,0.033,-0.018
17.64,9.448,0.032,-0.0182
17.65,9.405,0.032,-0.019
17.66,9.359,0.031,-0.0208
17.67,9.36,0.043,-0.0226
17.68,9.399,0.064,-0.0245
17.69,9.499,0.0567,-0.0264
17.7,9.8,0.0495,-0.0292
17.71,10.174,0.0422,-0.0315
17.72,10.643,0.035,-0.0338
17.73,11.15,0.032,-0.0365
17.74,11.443,0.033,-0.0393
17.75,11.427,0.039,-0.042
17.76,11.21,0.045,-0.0454
17.77,10.9267,0.051,-0.044
17.78,10.6435,0.055,-0.0426
17.79,10.3602,0.057,-0.0411
17.8,10.077,0.061,-0.0397
17.81,9.728,0.065,-0.0392
17.82,9.463,0.069,-0.0387
17.83,9.231,0.075,-0.0382
17.84,9.037,0.081,-0.0379
17.85,8.797,0.085,-0.0376
17.86,8.509,0.083,-0.0376
17.87,8.273,0.079,-0.0384
17.88,8.052,0.076,-0.0396
17.89,8.109,0.071,-0.0405
17.9,8.368,0.072,-0.0411
17.91,8.831,0.067,-0.0416
17.92,9.499,0.0642,-0.042
17.93,10.301,0.0615,-0.0426
17.94,11.445,0.0587,-0.0445
17.95,11.879,0.056,-0.0463
17.96,12.033,0.055,-0.0485
17.97,11.995,0.054,-0.0504
17.98,11.891,0.053,-0.0514
17.99,11.568,0.051,-0.0522
18,11.116,0.049,-0.0203
18.01,10.664,0.049,0.0115
18.02,10.212,0.052,0.0434
18.03,9.76,0.054,0.0753
18.04,9.286,0.056,0.0757
18.05,8.794,0.057,0.0769
18.06,8.395,0.056,0.0789
18.07,8.096,0.054,0.0815
18.08,7.926,0.052,0.084
18.09,7.81,0.053,0.0865
18.1,7.779,0.052,0.0879
18.11,7.772,0.052,0.0879
18.12,7.75,0.052,0.0849
18.13,7.719,0.051,0.0811
18.14,7.708,0.045,0.078
18.15,7.736,0.041,0.0752
18.16,7.859,0.04,0.0713
18.17,7.901,0.04,0.068
18.18,7.876,0.042,0.065
18.19,7.845,0.045,0.0633
18.2,7.718,0.048,0.0614
18.21,7.54,0.05,0.0599
18.22,7.198,0.049,0.0609
18.23,6.988,0.047,0.063
18.24,6.744,0.046,0.0655
18.25,6.472,0.046,0.0681
18.26,6.207,0.045,0.0707
18.27,5.968,0.045,0.0732
18.28,5.715,0.045,0.0754
18.29,5.251,0.045,0.0788
18.3,4.926,0.046,0.0817
18.31,4.648,0.048,0.0849
18.32,4.428,0.048,0.0881
18.33,4.268,0.047,0.0912
18.34,4.186,0.05,0.0954
18.35,4.154,0.049,0.1
18.36,4.127,0.05,0.1066
18.37,4.111,0.061,0.1115
18.38,4.114,0.075,0.1164
18.39,4.154,0.077,0.1218
18.4,4.252,0.059,0.127
18.41,4.366,0.041,0.1319
18.42,4.944,0.037,0.14
18.43,5.766,0.042,0.1469
18.44,6.947,0.047,0.1538
18.45,8.3,0.052,0.1574
18.46,9.077,0.057,0.1424
18.47,8.669,0.063,0.1039
18.48,7.786,0.075,0.0747
18.49,6.748,0.088,0.0553
18.5,6.075,0.097,0.0504
18.51,5.8627,0.1,0.068
18.52,5.6505,0.099,0.0856
18.53,5.4382,0.094,0.1031
18.54,5.226,0.092,0.1207
18.55,5.072,0.089,0.1185
18.56,4.9,0.084,0.1182
18.57,4.598,0.082,0.1193
18.58,4.284,0.085,0.1208
18.59,4.057,0.083,0.1226
18.6,3.848,0.077,0.1228
18.61,3.413,0.071,0.1221
18.62,3.1,0.066,0.1247
18.63,2.954,0.063,0.1301
18.64,3.04,0.059,0.1399
18.65,3.168,0.055,0.1518
18.66,3.279,0.05,0.1642
18.67,3.356,0.043,0.1804
18.68,3.329,0.036,0.1867
18.69,3.215,0.031,0.1898
18.7,3.008,0.0307,0.1912
18.71,2.738,0.0305,0.1957
18.72,2.454,0.0302,0.2041
18.73,2.228,0.03,0.2165
18.74,1.972,0.033,0.243
18.75,1.894,0.032,0.2661
18.76,1.853,0.032,0.2919
18.77,1.869,0.031,0.3224
18.78,1.925,0.026,0.3826
18.79,1.981,0.022,0.4427
18.8,2.037,0.018,0.5029
18.81,2.093,0.015,0.563
18.82,1.973,0.016,0.5712
18.83,1.878,0.018,0.5771
18.84,1.798,0.019,0.6058
18.85,1.74,0.022,0.6484
18.86,1.709,0.023,0.6938
18.87,1.729,0.022,0.7316
18.88,1.753,0.02,0.7537
18.89,1.793,0.019,0.7878
18.9,1.811,0.018,0.7801
18.91,1.82,0.018,0.6917
18.92,1.783,0.0257,0.6431
18.93,1.73,0.0335,0.6641
18.94,1.674,0.0412,0.678
18.95,1.64,0.049,0.6919
18.96,1.631,0.051,0.7196
18.97,1.652,0.054,0.7318
18.98,1.622,0.053,0.7028
18.99,1.611,0.045,0.7184
19,2.157,0.037,0.5656
19.01,2.703,0.033,0.4129
19.02,3.249,0.028,0.2601
19.03,3.795,0.027,0.1073
19.04,4.278,0.031,0.109
19.05,4.573,0.035,0.0859
19.06,4.424,0.037,0.0827
19.07,4.07,0.036,0.0806
19.08,3.667,0.033,0.0792
19.09,3.24,0.031,0.0797
19.1,2.659,0.031,0.0838
19.11,2.323,0.03,0.0884
19.12,2.098,0.028,0.0945
19.13,2.015,0.028,0.1011
19.14,2.008,0.028,0.1095
19.15,1.921,0.024,0.1183
19.16,1.8,0.022,0.1299
19.17,1.686,0.018,0.1378
19.18,1.604,0.016,0.1467
19.19,1.534,0.014,0.1586
19.2,1.481,0.013,0.173
19.21,1.452,0.011,0.1886
19.22,1.433,0.01,0.206
19.23,1.42,0.009,0.235
19.24,1.415,0.008,0.2562
19.25,1.403,0.007,0.2797
19.26,1.391,0.006,0.3053
19.27,1.388,0.007,0.3328
19.28,1.381,0.007,0.3624
19.29,1.383,0.007,0.4096
19.3,1.389,0.006,0.4421
19.31,1.393,0.005,0.4745
19.32,1.396,0.005,0.5071
19.33,1.4,0.005,0.5395
19.34,1.4,0.005,0.5715
19.35,1.406,0.006,0.6028
19.36,1.411,0.007,0.6455
19.37,1.422,0.006,0.6713
19.38,1.424,0.006,0.694
19.39,1.428,0.007,0.7117
19.4,1.424,0.007,0.727
19.41,1.411,0.007,0.7439
19.42,1.393,0.008,0.7639
19.43,1.392,0.009,0.7754
19.44,1.379,0.01,0.7835
19.45,1.372,0.011,0.789
19.46,1.363,0.012,0.7983
19.47,1.353,0.012,0.8105
19.48,1.364,0.013,0.826
19.49,1.388,0.014,0.8377
19.5,1.423,0.015,0.8475
19.51,1.452,0.014,0.8513
19.52,1.667,0.015,0.5536
19.53,1.696,0.015,0.5797
19.54,1.668,0.015,0.5993
19.55,1.611,0.014,0.6427
19.56,1.596,0.014,0.6772
19.57,1.606,0.014,0.7145
19.58,1.645,0.014,0.7373
19.59,1.708,0.015,0.7447
19.6,1.755,0.014,0.7464
19.61,1.768,0.013,0.7256
19.62,1.748,0.012,0.6946
19.63,1.722,0.011,0.6571
19.64,1.679,0.011,0.6602
19.65,1.63,0.011,0.6787
19.66,1.593,0.011,0.7051
19.67,1.572,0.01,0.7312
19.68,1.548,0.009,0.7327
19.69,1.53,0.01,0.7242
19.7,1.504,0.012,0.7247
19.71,1.479,0.0112,0.7461
19.72,1.458,0.0105,0.7691
19.73,1.446,0.0097,0.7872
19.74,1.445,0.009,0.7908
19.75,1.453,0.009,0.8014
19.76,1.476,0.008,0.8205
19.77,1.505,0.01,0.8235
19.78,1.543,0.014,0.7996
19.79,1.5805,0.021,0.7574
19.8,1.618,0.025,0.7151
19.81,1.6555,0.019,0.6728
19.82,1.693,0.012,0.6306
19.83,1.673,0.007,0.6434
19.84,1.646,0.005,0.6459
19.85,1.626,0.009,0.6803
19.86,1.606,0.012,0.7075
19.87,1.62,0.011,0.7401
19.88,1.681,0.01,0.7822
19.89,1.7,0.01,0.7988
19.9,1.669,0.009,0.7981
19.91,1.646,0.011,0.8304
19.92,1.686,0.0187,0.8749
19.93,1.828,0.0265,0.9115
19.94,2.079,0.0342,0.9037
19.95,2.373,0.042,0.8682
19.96,2.711,0.045,0.8428
19.97,3.005,0.046,0.7384
19.98,3.147,0.047,0.6119
19.99,3.162,0.044,0.5104
20,3.2557,0.043,0.4208
20.01,3.3495,0.047,0.3311
20.02,3.4432,0.048,0.2414
20.03,3.537,0.045,0.1517
20.04,3.326,0.042,0.1476
20.05,3.175,0.037,0.1517
20.06,3.026,0.033,0.1564
20.07,2.851,0.029,0.1604
20.08,2.63,0.031,0.1663
20.09,2.452,0.033,0.1816
20.1,2.326,0.032,0.195
20.11,2.24,0.031,0.2101
20.12,2.21,0.028,0.2279
20.13,2.235,0.025,0.2484
20.14,2.285,0.024,0.2713
20.15,2.347,0.024,0.2935
20.16,2.422,0.023,0.3231
20.17,2.431,0.023,0.3418
20.18,2.41,0.026,0.3625
20.19,2.367,0.028,0.3865
20.2,2.333,0.027,0.4144
20.21,2.331,0.026,0.4405
20.22,2.332,0.025,0.4846
20.23,2.318,0.025,0.5123
20.24,2.298,0.024,0.5293
20.25,2.284,0.022,0.5368
20.26,2.222,0.02,0.5239
20.27,2.149,0.019,0.5211
20.28,2.076,0.019,0.5154
20.29,1.941,0.018,0.5194
20.3,1.861,0.017,0.5227
20.31,1.798,0.017,0.5323
20.32,1.738,0.017,0.5601
20.33,1.693,0.017,0.5925
20.34,1.67,0.014,0.6188
20.35,1.636,0.014,0.6369
20.36,1.559,0.014,0.6654
20.37,1.509,0.016,0.6905
20.38,1.476,0.017,0.7148
20.39,1.45,0.017,0.7402
20.4,1.446,0.015,0.7666
20.41,1.45,0.015,0.7829
20.42,1.459,0.014,0.8047
20.43,1.469,0.014,0.8107
20.44,1.474,0.009,0.8074
20.45,1.485,0.023,0.797
20.46,1.497,0.026,0.8029
20.47,1.526,0.027,0.8179
20.48,1.59,0.025,0.8239
20.49,1.627,0.023,0.8229
20.5,1.669,0.019,0.8148
20.51,1.702,0.016,0.7938
20.52,1.736,0.015,0.4359
20.53,2.165,0.015,0.3645
20.54,2.102,0.014,0.3789
20.55,2.024,0.012,0.3971
20.56,1.937,0.009,0.4142
20.57,1.855,0.012,0.4351
20.58,1.75,0.015,0.4837
20.59,1.71,0.015,0.5223
20.6,1.687,0.014,0.5649
20.61,1.679,0.014,0.6128
20.62,1.699,0.014,0.663
20.63,1.747,0.015,0.7081
20.64,1.828,0.015,0.7528
20.65,1.853,0.012,0.7766
20.66,1.897,0.01,0.7854
20.67,1.911,0.008,0.7477
20.68,1.896,0.01,0.7148
20.69,1.867,0.016,0.717
20.7,1.858,0.019,0.7496
20.71,1.861,0.02,0.7912
20.72,1.883,0.019,0.7985
20.73,1.893,0.018,0.7861
20.74,1.872,0.017,0.7647
20.75,1.855,0.016,0.7269
20.76,1.817,0.017,0.6752
20.77,1.732,0.019,0.6515
20.78,1.676,0.02,0.6599
20.79,1.634,0.018,0.6899
20.8,1.6462,0.016,0.6928
20.81,1.6585,0.014,0.6956
20.82,1.6707,0.012,0.6985
20.83,1.683,0.011,0.7014
20.84,1.657,0.012,0.7159
20.85,1.617,0.013,0.7041
20.86,1.587,0.013,0.7061
20.87,1.563,0.014,0.7319
20.88,1.547,0.014,0.7581
20.89,1.558,0.013,0.7886
20.9,1.599,0.009,0.809
20.91,1.683,0.009,0.8164
20.92,1.732,0.013,0.8141
20.93,1.769,0.017,0.773
20.94,1.782,0.021,0.7382
20.95,1.755,0.025,0.7068
20.96,1.705,0.027,0.6892
20.97,1.659,0.028,0.7037
20.98,1.663,0.027,0.7463
20.99,1.684,0.026,0.7727
21,1.74,0.023,0.6764
21.01,1.796,0.021,0.58
21.02,1.852,0.018,0.4836
21.03,1.908,0.016,0.3873
21.04,1.806,0.016,0.4079
21.05,1.705,0.017,0.4317
21.06,1.631,0.018,0.4631
21.07,1.594,0.019,0.5046
21.08,1.581,0.019,0.5467
21.09,1.591,0.02,0.5894
21.1,1.628,0.018,0.6522
21.11,1.674,0.017,0.6872
21.12,1.698,0.015,0.7038
21.13,1.719,0.013,0.7247
21.14,1.722,0.012,0.7433
21.15,1.715,0.013,0.7248
21.16,1.661,0.013,0.6925
21.17,1.562,0.015,0.7019
21.18,1.522,0.016,0.7359
21.19,1.509,0.016,0.7713
21.2,1.527,0.017,0.8038
21.21,1.537,0.018,0.8304
21.22,1.56,0.018,0.8279
21.23,1.586,0.018,0.8167
21.24,1.595,0.017,0.8145
21.25,1.624,0.018,0.8279
21.26,1.667,0.017,0.8331
21.27,1.714,0.017,0.8163
21.28,1.747,0.017,0.7995
21.29,1.739,0.017,0.7802
21.3,1.731,0.017,0.7508
21.31,1.698,0.017,0.7109
21.32,1.668,0.016,0.6982
21.33,1.625,0.016,0.713
21.34,1.582,0.015,0.7176
21.35,1.541,0.016,0.7165
21.36,1.492,0.016,0.7302
21.37,1.429,0.016,0.7496
21.38,1.418,0.016,0.7622
21.39,1.416,0.015,0.7885
21.4,1.43,0.014,0.8134
21.41,1.425,0.013,0.8206
21.42,1.412,0.013,0.7983
21.43,1.392,0.0135,0.7672
21.44,1.361,0.014,0.7664
21.45,1.332,0.0145,0.7772
21.46,1.306,0.015,0.7941
21.47,1.288,0.015,0.8022
21.48,1.272,0.015,0.8086
21.49,1.262,0.015,0.8221
21.5,1.259,0.016,0.838
21.51,1.279,0.015,0.7978
21.52,1.299,0.015,0.7576
21.53,1.319,0.015,0.7173
21.54,1.339,0.015,0.6771
21.55,1.327,0.011,0.6965
21.56,1.31,0.009,0.712
21.57,1.29,0.008,0.7356
21.58,1.28,0.01,0.7674
21.59,1.272,0.013,0.7995
21.6,1.294,0.015,0.8146
21.61,1.378,0.015,0.831
21.62,1.431,0.014,0.8473
21.63,1.493,0.014,0.8287
21.64,1.56,0.014,0.7461
21.65,1.549,0.013,0.6357
21.66,1.496,0.013,0.6254
21.67,1.402,0.013,0.6214
21.68,1.327,0.012,0.6429
21.69,1.279,0.013,0.6805
21.7,1.253,0.014,0.7238
21.71,1.248,0.015,0.7742
21.72,1.264,0.014,0.804
21.73,1.276,0.014,0.8202
21.74,1.275,0.013,0.8286
21.75,1.285,0.012,0.8325
21.76,1.288,0.014,0.8226
21.77,1.296,0.014,0.8079
21.78,1.299,0.015,0.8109
21.79,1.307,0.015,0.8329
21.8,1.315,0.016,0.8397
21.81,1.324,0.016,0.8295
21.82,1.33,0.016,0.8408
21.83,1.284,0.016,0.7827
21.84,1.378,0.016,0.7938
21.85,1.394,0.016,0.7946
21.86,1.403,0.015,0.798
21.87,1.409,0.015,0.8107
21.88,1.401,0.015,0.8111
21.89,1.389,0.015,0.792
21.9,1.37,0.015,0.788
21.91,1.348,0.015,0.7933
21.92,1.34,0.0147,0.8119
21.93,1.324,0.0145,0.8258
21.94,1.303,0.0142,0.8268
21.95,1.295,0.014,0.8229
21.96,1.289,0.016,0.8287
21.97,1.281,0.016,0.8436
21.98,1.282,0.016,0.8567
21.99,1.286,0.016,0.8642
22,1.317,0.015,0.8259
22.01,1.348,0.014,0.7876
22.02,1.379,0.014,0.7493
22.03,1.41,0.014,0.711
22.04,1.381,0.016,0.7415
22.05,1.374,0.017,0.7661
22.06,1.397,0.017,0.8096
22.07,1.424,0.017,0.8297
22.08,1.465,0.017,0.8364
22.09,1.491,0.016,0.7927
22.1,1.471,0.016,0.6599
22.11,1.425,0.015,0.6023
22.12,1.383,0.013,0.6313
22.13,1.348,0.013,0.6941
22.14,1.327,0.012,0.7358
22.15,1.316,0.012,0.7743
22.16,1.313,0.013,0.8003
22.17,1.316,0.014,0.8185
22.18,1.313,0.014,0.8337
22.19,1.315,0.014,0.8444
22.2,1.329,0.014,0.8575
22.21,1.345,0.014,0.8571
22.22,1.358,0.015,0.8484
22.23,1.367,0.015,0.8448
22.24,1.38,0.015,0.8484
22.25,1.39,0.015,0.8423
22.26,1.409,0.015,0.8522
22.27,1.408,0.016,0.8542
22.28,1.397,0.017,0.8469
22.29,1.397,0.018,0.8319
22.3,1.391,0.018,0.8297
22.31,1.387,0.015,0.829
22.32,1.387,0.012,0.842
22.33,1.394,0.01,0.8605
22.34,1.403,0.01,0.858
22.35,1.423,0.01,0.8651
22.36,1.449,0.011,0.8829
22.37,1.48,0.012,0.9006
22.38,1.51,0.012,0.8994
22.39,1.536,0.012,0.8637
22.4,1.536,0.012,0.8379
22.41,1.514,0.01,0.819
22.42,1.478,0.0107,0.8068
22.43,1.444,0.0115,0.8139
22.44,1.417,0.0122,0.823
22.45,1.403,0.013,0.8398
22.46,1.376,0.015,0.8692
22.47,1.374,0.015,0.8834
22.48,1.369,0.016,0.8821
22.49,1.372,0.016,0.8785
22.5,1.4137,0.016,0.8143
22.51,1.4555,0.015,0.7501
22.52,1.4972,0.015,0.686
22.53,1.539,0.015,0.6218
22.54,1.502,0.016,0.6562
22.55,1.463,0.016,0.6899
22.56,1.435,0.016,0.7192
22.57,1.401,0.016,0.7628
22.58,1.389,0.017,0.7881
22.59,1.385,0.016,0.8118
22.6,1.388,0.016,0.8274
22.61,1.395,0.016,0.8412
22.62,1.402,0.016,0.8537
22.63,1.419,0.016,0.8605
22.64,1.46,0.015,0.8656
22.65,1.469,0.014,0.8637
22.66,1.465,0.013,0.8332
22.67,1.452,0.013,0.808
22.68,1.433,0.011,0.7918
22.69,1.413,0.011,0.7973
22.7,1.386,0.011,0.8141
22.71,1.379,0.012,0.8335
22.72,1.377,0.012,0.8516
22.73,1.372,0.013,0.8651
22.74,1.364,0.012,0.8678
22.75,1.35,0.013,0.8614
22.76,1.344,0.01,0.863
22.77,1.353,0.012,0.8782
22.78,1.391,0.013,0.9028
22.79,1.413,0.013,0.9163
22.8,1.444,0.014,0.923
22.81,1.469,0.015,0.9122
22.82,1.479,0.015,0.8924
22.83,1.484,0.016,0.8893
22.84,1.391,0.015,0.8158
22.85,1.512,0.015,0.8094
22.86,1.521,0.015,0.8333
22.87,1.509,0.015,0.8484
22.88,1.507,0.016,0.8643
22.89,1.498,0.016,0.8678
22.9,1.499,0.017,0.8669
22.91,1.504,0.017,0.8851
22.92,1.517,0.017,0.8993
22.93,1.526,0.017,0.8909
22.94,1.535,0.017,0.8799
22.95,1.539,0.017,0.8811
22.96,1.535,0.017,0.8975
22.97,1.52,0.018,0.9085
22.98,1.502,0.019,0.9114
22.99,1.503,0.019,0.9175
23,1.5415,0.019,0.8638
23.01,1.58,0.018,0.8101
23.02,1.6185,0.018,0.7564
23.03,1.657,0.018,0.7027
23.04,1.619,0.018,0.7251
23.05,1.584,0.018,0.7583
23.06,1.554,0.019,0.8191
23.07,1.557,0.02,0.8659
23.08,1.57,0.02,0.9054
23.09,1.573,0.02,0.9226
23.1,1.586,0.02,0.9212
23.11,1.604,0.02,0.9189
23.12,1.612,0.02,0.9134
23.13,1.618,0.02,0.9138
23.14,1.624,0.02,0.9328
23.15,1.62,0.019,0.9431
23.16,1.628,0.019,0.9432
23.17,1.631,0.019,0.9453
23.18,1.628,0.02,0.947
23.19,1.625,0.019,0.9518
23.2,1.64,0.019,0.9536
23.21,1.648,0.018,0.9396
23.22,1.666,0.018,0.9407
23.23,1.682,0.018,0.9549
23.24,1.693,0.017,0.9506
23.25,1.69,0.017,0.9121
23.26,1.655,0.018,0.8791
23.27,1.627,0.018,0.8797
23.28,1.605,0.018,0.8742
23.29,1.594,0.017,0.8785
23.3,1.585,0.016,0.8899
23.31,1.582,0.016,0.9066
23.32,1.572,0.016,0.9198
23.33,1.55,0.016,0.9362
23.34,1.549,0.015,0.9394
23.35,1.55,0.016,0.9338
23.36,1.553,0.016,0.9358
23.37,1.55,0.015,0.9395
23.38,1.541,0.016,0.9438
23.39,1.542,0.016,0.9401
23.4,1.555,0.016,0.8946
23.41,1.558,0.017,0.9163
23.42,1.573,0.018,0.9316
23.43,1.594,0.018,0.9311
23.44,1.615,0.018,0.9103
23.45,1.643,0.02,0.9018
23.46,1.659,0.022,0.8923
23.47,1.655,0.022,0.8648
23.48,1.656,0.022,0.8408
23.49,1.639,0.022,0.8119
23.5,1.607,0.022,0.8241
23.51,1.588,0.021,0.8611
23.52,1.664,0.021,0.6247
23.53,1.76,0.02,0.6409
23.54,1.701,0.02,0.6922
23.55,1.663,0.019,0.7142
23.56,1.64,0.019,0.7496
23.57,1.617,0.02,0.7866
23.58,1.615,0.02,0.8276
23.59,1.623,0.02,0.8633
23.6,1.62,0.019,0.8864
23.61,1.632,0.019,0.9058
23.62,1.646,0.019,0.904
23.63,1.657,0.018,0.8905
23.64,1.656,0.017,0.8898
23.65,1.649,0.017,0.8859
23.66,1.639,0.016,0.8639
23.67,1.621,0.016,0.8514
23.68,1.584,0.015,0.8718
23.69,1.563,0.015,0.8782
23.7,1.549,0.015,0.886
23.71,1.542,0.016,0.8933
23.72,1.544,0.017,0.9018
23.73,1.552,0.017,0.9114
23.74,1.565,0.016,0.9116
23.75,1.571,0.016,0.8997
23.76,1.572,0.016,0.8833
23.77,1.561,0.016,0.8754
23.78,1.557,0.017,0.8788
23.79,1.55,0.018,0.894
23.8,1.558,0.018,0.9131
23.81,1.585,0.018,0.9336
23.82,1.604,0.018,0.9438
23.83,1.621,0.018,0.9339
23.84,1.648,0.018,0.9141
23.85,1.64,0.017,0.812
23.86,1.74,0.016,0.7489
23.87,1.731,0.014,0.7706
23.88,1.706,0.012,0.7812
23.89,1.678,0.011,0.8069
23.9,1.649,0.012,0.8238
23.91,1.621,0.013,0.8392
23.92,1.591,0.014,0.865
23.93,1.571,0.015,0.9151
23.94,1.569,0.016,0.9406
23.95,1.573,0.017,0.9539
23.96,1.57,0.016,0.9442
23.97,1.565,0.015,0.9335
23.98,1.554,0.015,0.9299
23.99,1.552,0.014,0.9258
24,1.5965,0.015,0.8681
24.01,1.641,0.016,0.8103
24.02,1.6855,0.016,0.7526
24.03,1.73,0.016,0.6948
24.04,1.695,0.016,0.7243
24.05,1.645,0.016,0.7744
24.06,1.619,0.015,0.8113
24.07,1.604,0.015,0.8513
24.08,1.601,0.016,0.8886
24.09,1.607,0.017,0.9154
24.1,1.618,0.018,0.9281
24.11,1.641,0.017,0.9325
24.12,1.655,0.017,0.9315
24.13,1.65,0.016,0.9265
24.14,1.643,0.016,0.9192
24.15,1.637,0.016,0.9184
24.16,1.629,0.016,0.9152
24.17,1.614,0.017,0.9286
24.18,1.604,0.017,0.9387
24.19,1.607,0.017,0.9453
24.2,1.606,0.017,0.9471
24.21,1.608,0.017,0.9502
24.22,1.61,0.017,0.9586
24.23,1.611,0.017,0.9546
24.24,1.621,0.017,0.9463
24.25,1.626,0.017,0.9563
24.26,1.629,0.017,0.9693
24.27,1.624,0.016,0.9689
24.28,1.615,0.017,0.9556
24.29,1.612,0.017,0.948
24.3,1.608,0.017,0.9457
24.31,1.613,0.018,0.9511
24.32,1.622,0.017,0.9601
24.33,1.613,0.017,0.9402
24.34,1.617,0.017,0.9259
24.35,1.621,0.017,0.9102
24.36,1.611,0.016,0.9088
24.37,1.595,0.016,0.9183
24.38,1.591,0.015,0.9288
24.39,1.585,0.016,0.9338
24.4,1.594,0.017,0.9463
24.41,1.599,0.017,0.9609
24.42,1.613,0.0177,0.9598
24.43,1.622,0.0185,0.9531
24.44,1.626,0.0192,0.9496
24.45,1.633,0.02,0.9524
24.46,1.638,0.02,0.9484
24.47,1.653,0.02,0.9491
24.48,1.666,0.021,0.9466
24.49,1.671,0.021,0.9357
24.5,1.7117,0.021,0.8744
24.51,1.7525,0.019,0.813
24.52,1.7932,0.018,0.7517
24.53,1.834,0.017,0.6903
24.54,1.742,0.017,0.6652
24.55,1.681,0.017,0.7171
24.56,1.621,0.017,0.762
24.57,1.588,0.017,0.81
24.58,1.561,0.015,0.8625
24.59,1.555,0.014,0.9046
24.6,1.57,0.014,0.9368
24.61,1.584,0.015,0.9373
24.62,1.591,0.015,0.8992
24.63,1.597,0.016,0.9344
24.64,1.612,0.016,0.9476
24.65,1.618,0.016,0.9541
24.66,1.64,0.015,0.9687
24.67,1.659,0.014,0.9719
24.68,1.666,0.014,0.9738
24.69,1.677,0.014,0.9719
24.7,1.679,0.015,0.9605
24.71,1.676,0.017,0.9441
24.72,1.668,0.017,0.9126
24.73,1.646,0.016,0.9146
24.74,1.629,0.015,0.9318
24.75,1.618,0.014,0.9478
24.76,1.604,0.015,0.9525
24.77,1.59,0.0152,0.9455
24.78,1.567,0.0155,0.941
24.79,1.545,0.0157,0.9487
24.8,1.534,0.016,0.9646
24.81,1.531,0.016,0.9778
24.82,1.546,0.016,0.9834
24.83,1.557,0.016,0.9942
24.84,1.573,0.017,0.9794
24.85,1.5977,0.017,0.9592
24.86,1.6225,0.016,0.9391
24.87,1.6472,0.016,0.9189
24.88,1.672,0.016,0.8987
24.89,1.653,0.016,0.9166
24.9,1.643,0.016,0.9233
24.91,1.636,0.017,0.9284
24.92,1.621,0.0182,0.9441
24.93,1.623,0.0195,0.9613
24.94,1.63,0.0207,0.9628
24.95,1.64,0.022,0.9584
24.96,1.657,0.023,0.9592
24.97,1.666,0.023,0.9601
24.98,1.678,0.023,0.9577
24.99,1.684,0.023,0.9533
25,1.7247,0.023,0.9088
25.01,1.7655,0.024,0.8642
25.02,1.8062,0.025,0.8197
25.03,1.847,0.027,0.7752
25.04,1.826,0.029,0.8032
25.05,1.825,0.03,0.8334
25.06,1.833,0.026,0.8606
25.07,1.859,0.026,0.8889
25.08,1.938,0.03,0.906
25.09,2.055,0.035,0.909
25.1,2.242,0.033,0.8879
25.11,2.451,0.032,0.8418
25.12,2.557,0.033,0.7235
25.13,2.562,0.034,0.5683
25.14,2.458,0.033,0.4534
25.15,2.195,0.033,0.4357
25.16,2.023,0.034,0.4339
25.17,1.848,0.034,0.487
25.18,1.738,0.034,0.58
25.19,1.702,0.034,0.6692
25.2,1.697,0.033,0.7492
25.21,1.692,0.03,0.8155
25.22,1.687,0.025,0.882
25.23,1.683,0.022,0.9098
25.24,1.678,0.019,0.9261
25.25,1.67,0.017,0.9375
25.26,1.659,0.017,0.9475
25.27,1.653,0.017,0.9582
25.28,1.649,0.018,0.9619
25.29,1.64,0.018,0.9576
25.3,1.635,0.018,0.9588
25.31,1.628,0.018,0.9761
25.32,1.621,0.018,0.9861
25.33,1.622,0.017,0.9987
25.34,1.619,0.017,0.9778
25.35,1.634,0.017,0.933
25.36,1.635,0.018,0.9498
25.37,1.639,0.018,0.9486
25.38,1.653,0.02,0.9657
25.39,1.667,0.021,0.9775
25.4,1.693,0.023,0.9891
25.41,1.712,0.023,0.988
25.42,1.751,0.021,0.9696
25.43,1.765,0.019,0.9427
25.44,1.772,0.017,0.8962
25.45,1.773,0.017,0.8244
25.46,1.763,0.023,0.8422
25.47,1.723,0.025,0.835
25.48,1.727,0.025,0.9156
25.49,1.745,0.025,0.9579
25.5,1.8,0.026,0.9632
25.51,1.833,0.025,0.9153
25.52,1.928,0.024,0.6946
25.53,2.032,0.023,0.683
25.54,1.991,0.022,0.7016
25.55,1.915,0.022,0.7319
25.56,1.848,0.021,0.777
25.57,1.814,0.021,0.8055
25.58,1.797,0.021,0.8505
25.59,1.759,0.021,0.9075
25.6,1.739,0.02,0.9204
25.61,1.733,0.02,0.9353
25.62,1.723,0.02,0.9485
25.63,1.711,0.02,0.9549
25.64,1.702,0.02,0.9628
25.65,1.69,0.018,0.9748
25.66,1.665,0.017,0.9762
25.67,1.646,0.017,0.9735
25.68,1.626,0.017,0.971
25.69,1.615,0.017,0.972
25.7,1.608,0.017,0.9784
25.71,1.605,0.018,0.9931
25.72,1.613,0.018,1.0173
25.73,1.652,0.018,1.0331
25.74,1.671,0.018,1.0268
25.75,1.686,0.018,1.0081
25.76,1.699,0.017,0.9959
25.77,1.706,0.017,0.9881
25.78,1.715,0.017,0.9789
25.79,1.711,0.017,0.9793
25.8,1.704,0.017,0.9719
25.81,1.699,0.017,0.9752
25.82,1.687,0.018,0.9872
25.83,1.676,0.018,1.0028
25.84,1.671,0.018,0.9979
25.85,1.668,0.018,0.9894
25.86,1.6782,0.018,0.9773
25.87,1.6885,0.018,0.9653
25.88,1.6987,0.017,0.9532
25.89,1.709,0.018,0.9411
25.9,1.708,0.019,0.9439
25.91,1.706,0.019,0.9639
25.92,1.708,0.0197,0.9839
25.93,1.713,0.0205,0.9946
25.94,1.709,0.0212,0.9948
25.95,1.708,0.022,0.9955
25.96,1.724,0.023,1
25.97,1.716,0.022,1.0087
25.98,1.705,0.022,1.0174
25.99,1.688,0.022,0.9925
26,1.7155,0.023,0.9318
26.01,1.743,0.022,0.8711
26.02,1.7705,0.022,0.8104
26.03,1.798,0.021,0.7497
26.04,1.762,0.021,0.7899
26.05,1.716,0.021,0.8555
26.06,1.699,0.021,0.8953
26.07,1.672,0.02,0.9259
26.08,1.646,0.02,0.9424
26.09,1.64,0.019,0.9645
26.1,1.641,0.019,0.9887
26.11,1.656,0.018,1.0153
26.12,1.671,0.018,1.025
26.13,1.694,0.018,1.0344
26.14,1.714,0.018,1.0246
26.15,1.715,0.018,1.0117
26.16,1.704,0.019,0.9784
26.17,1.691,0.019,0.9683
26.18,1.678,0.019,0.9564
26.19,1.666,0.018,0.9485
26.2,1.653,0.019,0.967
26.21,1.635,0.019,0.9876
26.22,1.633,0.019,0.9908
26.23,1.633,0.019,0.9999
26.24,1.635,0.018,1.0089
26.25,1.637,0.018,1.02
26.26,1.633,0.018,1.0104
26.27,1.631,0.017,0.9948
26.28,1.623,0.018,0.9894
26.29,1.61,0.018,0.993
26.3,1.602,0.018,1.0042
26.31,1.602,0.017,1.0179
26.32,1.608,0.018,1.0221
26.33,1.62,0.017,1.0248
26.34,1.625,0.018,1.0265
26.35,1.636,0.018,1.0253
26.36,1.642,0.018,1.0198
26.37,1.657,0.019,1.0232
26.38,1.672,0.018,1.0243
26.39,1.697,0.018,1.0117
26.4,1.705,0.018,0.9987
26.41,1.719,0.019,0.9848
26.42,1.727,0.0195,0.9585
26.43,1.727,0.02,0.949
26.44,1.718,0.0205,0.961
26.45,1.719,0.021,0.9935
26.46,1.721,0.022,0.9897
26.47,1.727,0.023,0.9816
26.48,1.724,0.023,0.9818
26.49,1.718,0.024,0.9814
26.5,1.7442,0.023,0.9347
26.51,1.7705,0.023,0.8879
26.52,1.7967,0.022,0.8411
26.53,1.823,0.022,0.7943
26.54,1.797,0.022,0.8191
26.55,1.765,0.022,0.8495
26.56,1.738,0.021,0.8799
26.57,1.724,0.021,0.912
26.58,1.703,0.021,0.9589
26.59,1.694,0.021,0.9639
26.6,1.69,0.02,0.9778
26.61,1.692,0.02,0.9961
26.62,1.697,0.02,1.0126
26.63,1.712,0.02,0.9706
26.64,1.721,0.02,0.9977
26.65,1.715,0.02,1.0004
26.66,1.709,0.019,1.0031
26.67,1.715,0.019,0.9998
26.68,1.709,0.018,0.9894
26.69,1.703,0.018,0.9827
26.7,1.692,0.018,0.9899
26.71,1.69,0.019,0.981
26.72,1.688,0.019,0.9766
26.73,1.684,0.019,0.9804
26.74,1.677,0.019,0.9891
26.75,1.667,0.019,0.9986
26.76,1.644,0.019,0.9988
26.77,1.637,0.019,1.0092
26.78,1.622,0.018,1.03
26.79,1.623,0.018,1.0381
26.8,1.626,0.018,1.0423
26.81,1.636,0.017,1.0349
26.82,1.636,0.017,1.0241
26.83,1.645,0.018,1.0142
26.84,1.652,0.018,1.0253
26.85,1.669,0.019,1.0258
26.86,1.688,0.018,1.0089
26.87,1.686,0.019,1.0135
26.88,1.682,0.018,1.0078
26.89,1.617,0.019,0.954
26.9,1.683,0.018,0.9365
26.91,1.678,0.018,0.9534
26.92,1.67,0.018,0.9777
26.93,1.658,0.017,0.9984
26.94,1.66,0.019,1.0018
26.95,1.649,0.021,0.9892
26.96,1.612,0.022,0.9528
26.97,1.599,0.022,0.9862
26.98,1.587,0.021,1.0016
26.99,1.588,0.02,1.0015
27,1.586,0.018,0.9952
27.01,1.607,0.018,0.7513
27.02,1.743,0.017,0.7967
27.03,1.725,0.017,0.8253
27.04,1.705,0.019,0.85
27.05,1.663,0.02,0.9002
27.06,1.638,0.021,0.946
27.07,1.643,0.021,0.9654
27.08,1.657,0.021,1.0036
27.09,1.665,0.02,1.0223
27.1,1.675,0.02,1.0029
27.11,1.7,0.02,0.9128
27.12,1.706,0.019,0.8785
27.13,1.68,0.019,0.9204
27.14,1.656,0.018,0.9551
27.15,1.648,0.017,0.9683
27.16,1.638,0.017,0.9722
27.17,1.624,0.017,0.9761
27.18,1.602,0.017,0.9844
27.19,1.593,0.017,0.9892
27.2,1.582,0.017,0.9894
27.21,1.561,0.016,0.9833
27.22,1.537,0.016,0.9866
27.23,1.529,0.016,0.9925
27.24,1.519,0.015,0.9942
27.25,1.509,0.014,0.997
27.26,1.501,0.015,1.0055
27.27,1.495,0.015,1.0108
27.28,1.501,0.016,1.0187
27.29,1.507,0.016,0.957
27.3,1.517,0.017,0.9734
27.31,1.526,0.018,1.0016
27.32,1.538,0.018,1.0125
27.33,1.54,0.017,1.0117
27.34,1.541,0.017,1.006
27.35,1.55,0.017,0.9859
27.36,1.556,0.017,0.9643
27.37,1.554,0.018,0.9347
27.38,1.553,0.018,0.9741
27.39,1.547,0.018,1.0024
27.4,1.55,0.018,1.0197
27.41,1.561,0.019,1.0277
27.42,1.575,0.02,1.022
27.43,1.595,0.022,1.0241
27.44,1.605,0.021,1.0244
27.45,1.616,0.021,1.0115
27.46,1.629,0.021,1.0009
27.47,1.621,0.02,0.9596
27.48,1.59,0.02,0.9381
27.49,1.572,0.021,0.9361
27.5,1.568,0.02,0.946
27.51,1.558,0.02,0.9587
27.52,1.598,0.019,0.8766
27.53,1.63,0.019,0.886
27.54,1.628,0.019,0.8891
27.55,1.61,0.018,0.9041
27.56,1.587,0.016,0.9238
27.57,1.56,0.015,0.9497
27.58,1.518,0.017,0.9855
27.59,1.507,0.017,1.0014
27.6,1.503,0.018,1.0119
27.61,1.514,0.017,1.022
27.62,1.522,0.0172,1.0396
27.63,1.528,0.0175,1.0437
27.64,1.546,0.0177,1.0131
27.65,1.554,0.018,0.9762
27.66,1.558,0.019,0.9616
27.67,1.559,0.02,0.9692
27.68,1.558,0.02,0.9598
27.69,1.548,0.021,0.9523
27.7,1.5445,0.02,0.9478
27.71,1.541,0.019,0.9433
27.72,1.5375,0.019,0.9387
27.73,1.534,0.019,0.9342
27.74,1.537,0.019,0.9477
27.75,1.539,0.019,0.9685
27.76,1.551,0.018,0.9892
27.77,1.56,0.018,1.0081
27.78,1.573,0.018,1.0266
27.79,1.584,0.018,1.0226
27.8,1.593,0.018,1.0281
27.81,1.603,0.017,1.0387
27.82,1.617,0.016,1.0602
27.83,1.622,0.016,1.0711
27.84,1.635,0.015,1.0532
27.85,1.657,0.015,1.0279
27.86,1.666,0.016,1.0101
27.87,1.656,0.017,1.0114
27.88,1.644,0.018,1.0281
27.89,1.643,0.019,1.0487
27.9,1.653,0.019,1.0533
27.91,1.665,0.02,1.052
27.92,1.665,0.021,1.0483
27.93,1.672,0.022,1.0311
27.94,1.677,0.023,1.0207
27.95,1.67,0.023,1.0361
27.96,1.658,0.025,1.0527
27.97,1.663,0.025,1.0621
27.98,1.662,0.025,1.0588
27.99,1.7045,0.025,1.0073
28,1.747,0.025,0.9559
28.01,1.7895,0.024,0.9044
28.02,1.832,0.023,0.8529
28.03,1.821,0.022,0.8654
28.04,1.785,0.022,0.8948
28.05,1.753,0.022,0.916
28.06,1.729,0.022,0.9449
28.07,1.707,0.022,0.9796
28.08,1.708,0.022,1.0276
28.09,1.713,0.022,1.0493
28.1,1.738,0.02,1.0632
28.11,1.736,0.02,1.0602
28.12,1.733,0.021,1.0375
28.13,1.734,0.021,0.9854
28.14,1.737,0.021,0.9832
28.15,1.719,0.02,1.0221
28.16,1.714,0.02,1.0634
28.17,1.72,0.02,1.0768
28.18,1.731,0.02,1.0658
28.19,1.733,0.02,1.0581
28.2,1.725,0.02,1.0406
28.21,1.71,0.02,1.0595
28.22,1.722,0.019,1.0615
28.23,1.71,0.019,1.0078
28.24,1.697,0.019,1.0347
28.25,1.683,0.019,1.0554
28.26,1.672,0.019,1.0715
28.27,1.666,0.018,1.0802
28.28,1.654,0.019,1.0748
28.29,1.639,0.018,1.0668
28.3,1.626,0.018,1.0898
28.31,1.621,0.018,1.093
28.32,1.624,0.018,1.0878
28.33,1.63,0.018,1.0747
28.34,1.628,0.018,1.0004
28.35,1.629,0.018,1.0243
28.36,1.63,0.018,1.0687
28.37,1.628,0.018,1.0529
28.38,1.626,0.018,1.0712
28.39,1.624,0.018,1.0816
28.4,1.625,0.018,1.086
28.41,1.623,0.018,1.092
28.42,1.635,0.018,1.1043
28.43,1.637,0.0187,1.1001
28.44,1.643,0.0195,1.0922
28.45,1.647,0.0202,1.0907
28.46,1.651,0.021,1.0886
28.47,1.654,0.022,1.0798
28.48,1.657,0.022,1.0831
28.49,1.665,0.022,1.0696
28.5,1.674,0.023,1.0741
28.51,1.6985,0.022,1.0348
28.52,1.723,0.022,0.9956
28.53,1.7475,0.022,0.9563
28.54,1.772,0.021,0.9171
28.55,1.746,0.02,0.9443
28.56,1.72,0.02,0.9715
28.57,1.688,0.02,1.012
28.58,1.678,0.02,1.0431
28.59,1.665,0.021,1.0734
28.6,1.661,0.021,1.0952
28.61,1.664,0.02,1.1106
28.62,1.673,0.02,1.116
28.63,1.674,0.019,1.1099
28.64,1.674,0.018,1.1082
28.65,1.678,0.018,1.1067
28.66,1.681,0.018,1.1039
28.67,1.686,0.019,1.1002
28.68,1.688,0.019,1.0974
28.69,1.699,0.02,1.0943
28.7,1.706,0.02,1.098
28.71,1.715,0.02,1.1098
28.72,1.714,0.02,1.0939
28.73,1.66,0.019,1.0523
28.74,1.724,0.02,1.0368
28.75,1.722,0.02,1.0381
28.76,1.703,0.02,1.0558
28.77,1.695,0.021,1.0693
28.78,1.694,0.021,1.0874
28.79,1.698,0.022,1.1042
28.8,1.715,0.023,1.1163
28.81,1.731,0.024,1.1157
28.82,1.745,0.024,1.1067
28.83,1.748,0.023,1.0974
28.84,1.743,0.023,1.0776
28.85,1.729,0.023,1.027
28.86,1.722,0.022,1.0645
28.87,1.71,0.022,1.0932
28.88,1.701,0.022,1.1087
28.89,1.687,0.021,1.1091
28.9,1.675,0.021,1.0961
28.91,1.663,0.021,1.0689
28.92,1.653,0.02,1.0815
28.93,1.646,0.021,1.1234
28.94,1.651,0.019,1.1535
28.95,1.661,0.022,1.1609
28.96,1.678,0.024,1.1417
28.97,1.699,0.024,1.1275
28.98,1.726,0.024,1.1194
28.99,1.737,0.025,1.0962
29,1.736,0.025,1.0817
29.01,1.732,0.024,1.0861
