Lat,Lon,Vs30,uncertainty,xcoord,ycoord,gid,tid
-43.291569,172.714373,220.5,0.2,1576829.39214948,5206766.53155217,10,16
-43.304781,172.606226,225.3,0.2,1568063.20919338,5205263.61501424,4,16
-43.307775,172.641398,185.6,0.2,1570917.2417464,5204943.96443647,10,16
-43.300348,172.680375,160.5,0.2,1574075.13752549,5205781.59801193,10,16
-43.309414,172.700931,199.9,0.2,1575746.04526709,5204780.95326357,6,16
-43.30795,172.605912,227.9,0.2,1568039.40273343,5204911.56343585,4,16
-43.312292,172.625507,200.3,0.2,1569630.72359472,5204436.67597995,10,16
-43.312292,172.625507,200.3,0.2,1569630.72359472,5204436.67597995,10,16
-43.316725,172.666176,151.5,0.2,1572930.72090892,5203958.35557594,10,16
-43.312914,172.699869,200.5,0.2,1575661.31561519,5204391.95375526,6,16
-43.312998,172.700026,213.5,0.2,1575674.08081135,5204382.67091625,6,16
-43.329064,172.667753,180.7,0.2,1573064.04949081,5202588.56152214,10,16
-43.329175,172.667762,170.5,0.2,1573064.82818946,5202576.23734,10,16
-43.334813,172.681705,184.8,0.2,1574197.60158906,5201954.51341905,10,16
-43.328956,172.685334,217.8,0.2,1574489.33315911,5202606.07692462,10,16
-43.355683,172.664438,209.1,0.2,1572807.17865355,5199631.31151322,6,16
-43.351851,172.676969,214.9,0.2,1573821.00245557,5200060.88217035,10,16
-43.357683,172.664722,209.7,0.2,1572831.0854004,5199409.29328745,6,16
-43.37236,172.668385,257.6,0.2,1573134.39087616,5197780.51740831,6,16
-43.3706,172.698434,196.2,0.2,1575568.08919497,5197985.21299246,6,15
-43.370628,172.698693,194.3,0.2,1575589.08378587,5197982.17924573,6,15
-43.37577,172.632733,259.8,0.2,1570247.72836267,5197389.71994911,10,16
-43.380924,172.642402,205.7,0.2,1571033.4675092,5196820.74126071,10,15
-43.379962,172.653476,208.9,0.2,1571930.05225115,5196931.36284364,10,15
-43.378611,172.665096,223.6,0.2,1572870.7209683,5197085.24371852,10,15
-43.380526,172.673111,237.6,0.2,1573520.8189419,5196875.14721293,10,16
-43.376582,172.703006,172,0.2,1575940.86309756,5197322.20666815,6,15
-43.382671,172.630709,210.7,0.2,1570087.15688741,5196622.59990073,10,15
-43.387448,172.645153,206.8,0.2,1571259.38932554,5196097.16411319,10,15
-43.384741,172.657056,198.3,0.2,1572222.22999055,5196401.82528576,6,16
-43.385894,172.667663,210.6,0.2,1573081.88627926,5196277.25552755,10,16
-43.386119,172.673357,206.4,0.2,1573543.17815335,5196254.08977096,10,16
-43.386202,172.703096,190.8,0.2,1575951.95646049,5196253.87565525,6,15
-43.393317,172.642431,181.5,0.2,1571041.71684472,5195444.43472004,10,15
-43.394084,172.658973,203.1,0.2,1572381.74576709,5195364.86568218,6,15
-43.393943,172.661192,201.3,0.2,1572561.38917684,5195381.25705374,10,16
-43.399631,172.693299,187.7,0.2,1575163.92248918,5194759.63280005,10,16
-43.397325,172.701158,191.1,0.2,1575799.4123036,5195018.03896944,6,255
-43.403076,172.644162,175.9,0.2,1571186.52935643,5194361.23703854,10,16
-43.40322,172.650239,208.1,0.2,1571678.67313326,5194347.32693334,6,16
-43.404541,172.667903,202.4,0.2,1573109.57198836,5194206.4697072,6,15
-43.40685,172.693864,202,0.2,1575212.61859716,5193958.08586887,6,16
-43.402828,172.701121,191.3,0.2,1575798.60643859,5194406.88606224,6,255
-43.41438,172.605116,207.1,0.2,1568030.77870109,5193091.62254836,10,16
-43.411652,172.646954,173.3,0.2,1571416.64057213,5193409.77871405,10,15
-43.411341,172.647971,169.9,0.2,1571498.83328959,5193444.66544053,10,15
-43.413022,172.692756,206.3,0.2,1575125.43137609,5193272.31590787,6,15
-43.423735,172.654082,201.3,0.2,1571999.30748383,5192070.30152664,6,16
-43.425712,172.690262,202.6,0.2,1574928.7528554,5191862.26096635,6,16
-43.434764,172.646424,175.7,0.2,1571384.61855042,5190842.8552038,10,16
-43.430833,172.650331,202.2,0.2,1571698.98580359,5191280.75384768,10,15
-43.435677,172.677851,196.9,0.2,1573928.44150253,5190751.77203633,6,16
-43.430711,172.692751,192.3,0.2,1575132.26771501,5191307.83403363,10,16
-43.430665,172.70147,194.1,0.2,1575837.93721472,5191315.50734405,6,16
-43.444593,172.633898,165.9,0.2,1570375.66765437,5189746.89865419,10,15
-43.437562,172.645679,180.8,0.2,1571325.64587383,5190531.86186033,10,16
-43.437414,172.647138,182.3,0.2,1571443.6497514,5190548.79930205,10,16
-43.44115,172.665996,194.4,0.2,1572971.45054788,5190140.18018192,10,16
-43.435874,172.677987,196.3,0.2,1573939.53254661,5190729.93636874,6,16
-43.434788,172.695304,185.9,0.2,1575340.55474329,5190855.81398666,6,15
-43.450541,172.61136,171.5,0.2,1568555.0120194,5189078.07057605,10,16
-43.448796,172.616995,166.3,0.2,1569010.05114952,5189273.97686873,10,16
-43.449766,172.632835,137.3,0.2,1570292.18325661,5189172.02156556,10,15
-43.447231,172.641276,194,0.2,1570973.9443044,5189456.52681548,10,16
-43.451396,172.649906,176.4,0.2,1571674.18265005,5188996.94411156,10,16
-43.44511,172.666674,211.1,0.2,1573028.07560455,5189700.61400754,10,15
-43.46112,172.609337,196.2,0.2,1568396.84011373,5187902.4295715,10,16
-43.457635,172.619786,180.3,0.2,1569240.35876601,5188293.37606898,10,16
-43.458712,172.622252,169.8,0.2,1569440.4028678,5188174.67494647,10,16
-43.454537,172.643244,169.2,0.2,1571136.65917273,5188645.82661549,10,16
-43.457274,172.65334,224.1,0.2,1571954.74145645,5188345.31136331,10,16
-43.459647,172.666192,208.9,0.2,1572995.54224452,5188086.01905933,6,15
-43.470743,172.610908,188.7,0.2,1568528.92087548,5186834.31791685,10,15
-43.469948,172.615909,180.7,0.2,1568933.01183372,5186924.48643264,10,15
-43.4649,172.63453,164.4,0.2,1570436.70217168,5187491.88284901,10,16
-43.46671,172.642996,153.6,0.2,1571122.38898982,5187293.83898934,10,16
-43.464813,172.653682,212,0.2,1571985.89086003,5187508.16474091,10,15
-43.467096,172.666883,203.2,0.2,1573054.75151701,5187258.97602932,1,15
-43.471565,172.704101,197.8,0.2,1576067.01507653,5186774.02839459,6,15
-43.479317,172.582265,193.1,0.2,1566216.95254201,5185870.88648461,10,16
-43.479485,172.588231,180.8,0.2,1566699.52737064,5185854.63204154,10,15
-43.477254,172.607364,196.2,0.2,1568245.67927956,5186109.87599501,10,16
-43.476259,172.615172,167.6,0.2,1568876.63882446,5186223.32636743,10,15
-43.474582,172.629785,200.3,0.2,1570057.65317634,5186414.92817397,10,16
-43.47663,172.666125,206.7,0.2,1572997.68318433,5186199.90737205,6,16
-43.473903,172.677766,204.4,0.2,1573937.98382871,5186506.47064168,1,15
-43.47639,172.691768,182.8,0.2,1575071.47682729,5186234.55718104,6,15
-43.476241,172.703515,180.4,0.2,1576021.46692636,5186254.55440792,6,15
-43.476098,172.714195,210.1,0.2,1576885.16894029,5186273.45563309,6,15
-43.483588,172.573714,199.8,0.2,1565527.84418479,5185393.05354715,10,16
-43.484087,172.581364,209.1,0.2,1566146.75035279,5185340.77459422,10,16
-43.483863,172.59151,185.6,0.2,1566967.09140745,5185369.72696524,10,15
-43.480251,172.608208,174.3,0.2,1568315.50368337,5185777.35736354,10,15
-43.48804,172.620745,160.9,0.2,1569333.32089322,5184917.02197637,10,15
-43.483334,172.62967,174.5,0.2,1570052.67504329,5185442.90930117,10,16
-43.483758,172.668089,203.5,0.2,1573159.67836427,5185408.92266202,6,16
-43.484549,172.679649,192.2,0.2,1574094.82810301,5185324.73760239,1,16
-43.488806,172.689554,180.7,0.2,1574897.55889667,5184854.99844749,3,15
-43.485695,172.70336,193,0.2,1576012.67168497,5185204.56976132,6,16
-43.48711,172.715646,207.1,0.2,1577006.69698215,5185050.88933883,6,15
-43.493866,172.591093,176.6,0.2,1566938.82677929,5184258.64846084,10,16
-43.494423,172.604164,163.8,0.2,1567995.94552703,5184201.89743164,10,16
-43.491979,172.618748,176.7,0.2,1569173.84609607,5184478.82704103,1,16
-43.497066,172.631161,184.8,0.2,1570180.00397084,5183918.39636497,10,15
-43.49831,172.641899,175.9,0.2,1571048.74770998,5183784.03090539,10,15
-43.494301,172.658665,212.2,0.2,1572402.39717144,5184234.9577049,10,15
-43.491567,172.66623,224.2,0.2,1573012.82520736,5184541.07051791,6,15
-43.497661,172.67695,186.2,0.2,1573882.22426152,5183867.70224821,10,15
-43.49454,172.691189,188.7,0.2,1575032.12615382,5184218.6837483,6,15
-43.493991,172.705307,185.2,0.2,1576173.37423469,5184283.79232822,6,16
-43.494114,172.716603,199,0.2,1577086.72945865,5184273.30342849,6,15
-43.490824,172.723562,205,0.2,1577648.16682733,5184640.57611128,6,15
-43.502841,172.542524,205.5,0.2,1563017.37324773,5183241.46573443,10,16
-43.507569,172.592543,217.6,0.2,1567063.51298853,5182737.39268461,10,16
-43.50391,172.604849,190,0.2,1568056.33092946,5183148.55170471,10,15
-43.502737,172.617001,175,0.2,1569038.08955329,5183283.41532692,10,16
-43.502581,172.628048,175.5,0.2,1569931.06012219,5183304.7906547,10,15
-43.502627,172.642838,181.4,0.2,1571126.72002721,5183304.91896078,10,15
-43.503099,172.653774,179.7,0.2,1572011.01422052,5183256.23517498,10,16
-43.500011,172.665404,198.2,0.2,1572949.80790468,5183603.02812442,10,16
-43.503149,172.677544,179.9,0.2,1573932.60888524,5183258.40135044,10,15
-43.50344,172.691969,168.3,0.2,1575098.8482651,5183230.50022308,10,15
-43.502749,172.703751,197.1,0.2,1576051.02961951,5183310.69901849,10,15
-43.503465,172.715921,185.7,0.2,1577035.13253794,5183234.61124819,6,15
-43.509462,172.544074,225.4,0.2,1563146.70455164,5182506.83594851,10,16
-43.513243,172.570869,196.9,0.2,1565314.75887498,5182098.44133289,10,16
-43.512282,172.582344,194.1,0.2,1566241.71044817,5182209.88756269,10,16
-43.51077,172.591135,234.9,0.2,1566951.44481435,5182381.33663223,10,15
-43.513671,172.607019,209.4,0.2,1568236.87100712,5182065.34167465,10,15
-43.512299,172.616471,175.2,0.2,1569000.13783322,5182221.2783376,10,16
-43.514469,172.629037,181.9,0.2,1570016.89695348,5181984.8859959,10,15
-43.51226,172.641987,192.5,0.2,1571062.52662124,5182234.79873919,1,16
-43.51201,172.654476,193.9,0.2,1572071.87285273,5182266.83050362,10,16
-43.512082,172.666601,194.4,0.2,1573051.94896938,5182262.83215248,10,15
-43.512821,172.679782,174.8,0.2,1574117.6622935,5182184.94405028,10,15
-43.512523,172.690953,186.1,0.2,1575020.46098051,5182221.4533401,10,15
-43.51233,172.703655,190.1,0.2,1576047.05780955,5182246.62210516,6,15
-43.511901,172.715789,175.6,0.2,1577027.66119533,5182297.68728238,3,15
-43.512466,172.729638,194.4,0.2,1578147.25892396,5182238.66923764,6,15
-43.521683,172.582225,205,0.2,1566237.33396204,5181165.77801827,10,16
-43.52235,172.592162,209.7,0.2,1567040.76072823,5181095.6863521,10,15
-43.520968,172.604272,201.1,0.2,1568018.69561287,5181253.89542326,10,16
-43.52136,172.617582,212.5,0.2,1569094.56259557,5181215.39051026,10,15
-43.521761,172.629069,178.2,0.2,1570023.09356312,5181175.05879171,10,16
-43.520443,172.641148,178.2,0.2,1570998.63115767,5181325.71511349,1,16
-43.520321,172.65476,184.2,0.2,1572098.65768271,5181343.91886389,10,15
-43.520489,172.667666,166.5,0.2,1573141.76008282,5181329.50800275,6,16
-43.520693,172.678448,193.5,0.2,1574013.21713004,5181310.27604955,10,15
-43.521723,172.69123,192.2,0.2,1575046.64169595,5181199.79858993,6,15
-43.519369,172.704435,192.3,0.2,1576112.88033872,5181465.10602707,6,15
-43.519341,172.712252,186.4,0.2,1576744.62807963,5181470.43013979,3,16
-43.525123,172.737221,199.1,0.2,1578764.61498979,5180834.96554462,6,255
-43.531202,172.571207,167.3,0.2,1565352.3574794,5180104.08000383,10,15
-43.526804,172.584422,177.3,0.2,1566417.7264923,5180597.93575057,10,16
-43.530772,172.59604,183.6,0.2,1567358.70144746,5180161.87885613,10,16
-43.529741,172.603723,162,0.2,1567978.96824247,5180279.36646202,10,15
-43.526891,172.619776,194.7,0.2,1569274.67998941,5180601.93777735,10,15
-43.530837,172.630526,169.2,0.2,1570145.3180458,5180167.61413984,10,16
-43.53064,172.641358,182.6,0.2,1571020.48461361,5180193.32316456,10,15
-43.528812,172.651313,202.8,0.2,1571824.03268144,5180399.75834233,10,13
-43.533203,172.66898,180.9,0.2,1573253.57190206,5179917.93145702,10,15
-43.530218,172.677526,184.3,0.2,1573942.80429953,5180252.15418931,10,15
-43.531076,172.695263,183.9,0.2,1575376.37501254,5180162.26876976,6,15
-43.532799,172.702454,184.4,0.2,1575958.1131984,5179973.01798429,2,255
-43.526739,172.731564,202.8,0.2,1578308.04711012,5180654.03537436,6,16
-43.533733,172.738682,180.1,0.2,1578885.68330552,5179879.12219836,6,15
-43.54431,172.502597,245.6,0.2,1559817.18132364,5178617.45584271,10,15
-43.539732,172.544332,216.8,0.2,1563185.97149559,5179145.20302211,10,16
-43.540274,172.549363,204,0.2,1563592.75930944,5179087.22356277,10,16
-43.538205,172.583544,202.6,0.2,1566353.11549809,5179331.39920935,10,16
-43.539779,172.593979,181.5,0.2,1567197.0484155,5179160.76077299,10,16
-43.53921,172.611196,173.2,0.2,1568587.73743729,5179230.59958297,10,16
-43.540468,172.618031,157.6,0.2,1569140.59298316,5179093.44608613,10,15
-43.538885,172.629265,183,0.2,1570047.40876066,5179273.3592226,10,16
-43.538545,172.642594,174.8,0.2,1571124.12990553,5179315.83293173,10,15
-43.539083,172.654352,153.3,0.2,1572074.34183637,5179260.09808136,10,16
-43.539165,172.666188,173.7,0.2,1573030.63530309,5179254.89709736,6,15
-43.539786,172.677662,191.9,0.2,1573957.91139615,5179189.58600343,10,16
-43.538319,172.688858,190.6,0.2,1574861.84119913,5179355.95402133,10,15
-43.538863,172.701906,178.2,0.2,1575916.24795144,5179299.39876495,6,16
-43.54471,172.502096,244,0.2,1559776.97382649,5178572.79000266,10,15
-43.544466,172.552265,182,0.2,1563829.72022805,5178622.93024185,10,15
-43.551726,172.572329,224.4,0.2,1565454.73894459,5177825.17149489,10,15
-43.548976,172.58066,183.8,0.2,1566126.13864182,5178134.01149041,10,15
-43.549463,172.591456,160.1,0.2,1566998.49510818,5178084.26667817,10,15
-43.552068,172.603459,177.5,0.2,1567969.45790701,5177799.65094251,10,16
-43.549625,172.616235,150.8,0.2,1569000.1861687,5178075.81040961,10,15
-43.548779,172.629726,172.9,0.2,1570089.54620051,5178174.70719035,10,16
-43.54845,172.642613,165.7,0.2,1571130.39201335,5178215.80008372,10,16
-43.54826,172.654477,170.2,0.2,1572088.67510059,5178240.95159073,10,15
-43.548265,172.667514,194.7,0.2,1573141.80594418,5178244.68935278,10,15
-43.547891,172.678229,197,0.2,1574007.20261067,5178289.63026273,10,15
-43.549852,172.690971,177.5,0.2,1575037.31660126,5178075.74715392,10,16
-43.548764,172.698491,184.1,0.2,1575644.32787355,5178198.80933318,3,16
-43.559244,172.547771,183.8,0.2,1563475.59764282,5176979.73253923,10,16
-43.557857,172.5551,178.5,0.2,1564066.70276271,5177136.96536382,10,16
-43.553719,172.567072,200.4,0.2,1565031.25505828,5177601.6330893,10,16
-43.557318,172.582573,185.9,0.2,1566285.31978294,5177208.33282129,10,15
-43.55669,172.592343,179.8,0.2,1567074.08040576,5177281.99328201,10,16
-43.557487,172.605942,177.3,0.2,1568172.87415883,5177198.77431129,10,15
-43.558147,172.616553,170.3,0.2,1569030.23806061,5177129.48219878,10,15
-43.55727,172.630816,192.9,0.2,1570181.78237098,5177232.09501041,10,15
-43.556346,172.640706,164.5,0.2,1570980.13405875,5177338.21301552,10,15
-43.557209,172.652871,181.7,0.2,1571963.09136972,5177246.54273248,10,15
-43.556484,172.666067,173.8,0.2,1573028.58292475,5177331.42574317,10,14
-43.557524,172.677637,196.8,0.2,1573963.5279741,5177219.61214355,10,15
-43.555557,172.687854,185.5,0.2,1574787.91044783,5177441.21428044,3,15
-43.557209,172.702696,198.3,0.2,1575987.3580881,5177262.13772743,3,15
-43.569187,172.54075,181.5,0.2,1562914.64402709,5175872.3599006,10,16
-43.565594,172.555699,184.4,0.2,1564119.67426474,5176277.95732589,10,16
-43.564128,172.560824,181.5,0.2,1564532.69318341,5176442.96969652,10,15
-43.570636,172.579476,189.3,0.2,1566042.66310332,5175727.98267665,10,15
-43.567162,172.58893,162,0.2,1566804.16695837,5176117.62207105,10,16
-43.565787,172.603614,155.1,0.2,1567989.24179795,5176276.08767901,10,15
-43.566704,172.622022,174.5,0.2,1569476.27219954,5176181.16957676,10,13
-43.565642,172.629798,240.8,0.2,1570103.70066978,5176301.94045308,10,13
-43.567367,172.641221,156.6,0.2,1571027.01211461,5176114.40739431,10,14
-43.563147,172.648662,198.4,0.2,1571625.92544907,5176585.64459883,10,10
-43.562634,172.663265,164.7,0.2,1572805.03442645,5176647.49830556,7,8
-43.56109,172.678734,192.4,0.2,1574053.66030391,5176823.91764153,3,16
-43.564678,172.690342,164.4,0.2,1574992.63947391,5176428.99379213,3,15
-43.561566,172.740235,174.5,0.2,1579020.82003093,5176788.40918161,6,255
-43.579989,172.520947,232.8,0.2,1561322.42443603,5174663.66800503,10,16
-43.573158,172.538106,193.8,0.2,1562703.58605972,5175430.15921717,10,16
-43.575632,172.542913,201.6,0.2,1563093.24679006,5175157.54322652,10,16
-43.576718,172.553217,190.6,0.2,1563925.87586349,5175041.4560627,10,16
-43.574088,172.565172,177.9,0.2,1564889.61864881,5175338.66226634,10,15
-43.574483,172.580007,169.2,0.2,1566087.70014475,5175300.95312722,10,15
-43.575894,172.599417,221.1,0.2,1567655.7155475,5175151.98404523,10,15
-43.575894,172.599417,221.1,0.2,1567655.7155475,5175151.98404523,10,15
-43.573523,172.616989,153.9,0.2,1569073.31978871,5175421.99431793,8,7
-43.573153,172.645489,233.5,0.2,1571374.41261837,5175473.29562492,7,1
-43.573153,172.645489,233.5,0.2,1571374.41261837,5175473.29562492,7,1
-43.570315,172.690379,244.3,0.2,1574997.95918692,5175802.96283965,3,9
-43.572092,172.696642,249.6,0.2,1575504.4198302,5175607.47473967,3,9
-43.583968,172.516068,258.8,0.2,1560931.07852267,5174219.47878355,10,16
-43.581773,172.536044,201.1,0.2,1562542.42698048,5174472.45227623,10,15
-43.581087,172.54508,180.5,0.2,1563271.53387038,5174552.67220776,10,16
-43.586459,172.551582,188,0.2,1563799.69970158,5173958.91155116,10,16
-43.583632,172.569888,199.9,0.2,1565275.89978696,5174280.68933163,10,15
-43.580922,172.578194,175.4,0.2,1565944.93862504,5174585.09835263,10,15
-43.592978,172.474138,245.1,0.2,1557552.30271033,5173198.2623027,10,16
-43.593107,172.54413,185.4,0.2,1563202.15761518,5173217.31168776,10,16
-43.593935,172.553133,192.3,0.2,1563929.37539935,5173129.30165066,10,15
-43.593076,172.568394,172.5,0.2,1565160.73260243,5173231.21406427,10,13
-43.597231,172.603649,166.8,0.2,1568008.72237898,5172783.93778313,7,9
-43.605821,172.560937,209.1,0.2,1564566.28267881,5171812.59886197,10,16
-43.605821,172.560937,209.1,0.2,1564566.28267881,5171812.59886197,10,16
-43.597374,172.60335,169.7,0.2,1567984.66453854,5172767.94102247,7,9
-43.606127,172.561332,193.4,0.2,1564598.33986616,5171778.78282535,10,16
-43.632886,172.558665,195.5,0.2,1564398.8981689,5168805.7738696,10,15
-43.642823,172.501234,193.3,0.2,1559772.74514283,5167675.93454523,10,15
-43.640001,172.556507,187.7,0.2,1564229.03987788,5168014.64825123,10,16
-43.635842,172.56125,196.9,0.2,1564609.15697196,5168478.58318839,10,15
-43.644176,172.499884,191.5,0.2,1559664.76795941,5167525.01388595,10,15
-43.644285,172.502127,191.1,0.2,1559845.74266867,5167513.99562865,10,16
-43.647086,172.554949,171.1,0.2,1564107.59409102,5167227.10854377,10,15
-43.660034,172.510553,190.7,0.2,1560535.62807378,5165768.93388164,10,16
-43.660286,172.537576,192.3,0.2,1562714.6652493,5165753.44199097,10,16
-43.658756,172.554126,173.8,0.2,1564048.18329268,5165930.66827867,10,16
-43.66874,172.506471,196.1,0.2,1560212.24433191,5164800.08369116,10,16
-43.66192,172.532629,199.9,0.2,1562316.80929407,5165569.73325904,10,16
-43.664179,172.545009,194.3,0.2,1563316.36057149,5165324.3926873,10,15
-43.663434,172.552655,189.4,0.2,1563932.37373521,5165410.48500576,10,16
-43.674202,172.499947,195.6,0.2,1559689.942042,5164190.31630599,10,16
-43.674103,172.500205,178.6,0.2,1559710.67361907,5164201.43672546,10,16
-39.499953,176.875497,150,0.2,1933260.5812658,5620565.49973392,3,15
-38.666239,178.022714,138,0.2,2037085.13010782,5708273.36622866,6,16
-38.664039,178.024914,138,0.2,2037290.10799788,5708507.17440026,6,15
-39.584949,174.273465,210,0.2,1709359.57180881,5617533.2301933,13,16
-45.898396,170.509285,140,0.2,1406787.29970898,4914224.61245186,4,15
-39.033745,177.423506,155,0.2,1982936.43447979,5670158.85210949,4,255
-41.297488,174.780964,245,0.2,1749109.46707096,5426688.39343904,2,13
-41.234987,174.917066,350,0.2,1760658.19998262,5433384.64268408,6,5
-39.933758,175.052973,250,0.2,1775417.05992904,5577577.17837442,4,15
-41.201086,174.954667,190,0.1,1763894.12368438,5437078.20206732,4,13
-42.948319,171.566815,300,0.2,1483084.70113866,5243927.87128014,4,14
-41.224086,174.879366,200,0.2,1757524.8023917,5434663.91526321,6,16
-41.234987,174.917166,350,0.1,1760666.58081918,5433384.45777435,6,5
-41.234087,174.917966,350,0.1,1760735.83304848,5433482.89821099,6,6
-41.257087,174.948166,120,0.1,1763209.61893166,5430873.06761279,1,13
-41.256287,174.947966,120,0.1,1763194.85492524,5430962.26179106,1,13
-41.287088,174.777964,473.6,0.2,1748881.93614145,5427848.17384509,2,255
-41.287518,174.776944,473.6,0.2,1748795.54323841,5427802.18335492,2,255
-41.204686,174.923266,330,0.2,1761252.25082658,5436737.24020359,4,16
-41.292088,174.778964,267,0.2,1748954.30019912,5427291.34767284,2,15
-41.277554,174.779258,275.2,0.2,1749011.99048375,5428904.4370999,4,16
-41.278787,174.778464,250,0.2,1748942.68647737,5428768.90958791,2,14
-41.288588,174.776864,358,0.2,1748786.41233405,5427683.52688729,2,9
-41.326289,174.808464,239,0.2,1751345.32697494,5423443.21335026,6,15
-41.294988,174.773464,282,0.2,1748487.18218421,5426978.80796138,4,10
-41.294688,174.774064,270,0.2,1748538.10140429,5427011.08789073,4,10
-41.294088,174.775664,291,0.2,1748673.43396791,5427074.96157895,4,14
-41.293588,174.776864,307,0.2,1748775.04864543,5427128.41633661,4,14
-41.292088,174.778964,272,0.2,1748954.30019912,5427291.34767284,2,15
-42.948949,171.567735,300,0.2,1483160.94519385,5243859.18884112,4,6
-43.483176,172.530015,435,0.1,1561993.80693316,5185419.7891669,10,16
-43.529347,172.619876,197,0.1,1569284.00715485,5180329.21448535,10,13
-43.538085,172.647427,182,0.1,1571514.38574087,5179368.58653914,10,15
-43.535929,172.627523,196,0.1,1569905.19808165,5179601.02052706,10,13
-43.565618,172.624176,213,0.1,1569649.67400392,5176302.56877553,10,15
-43.574748,172.623226,900,0.2,1569577.55085442,5175288.24795341,8,7
-45.905156,170.470645,500,0.2,1403813.75648389,4913379.21012691,15,7
-38.666489,178.022674,138,0.2,2037080.12267185,5708245.79281446,6,16
-39.645846,176.842906,182,0.2,1929764.03516601,5604487.37701471,4,16
-43.579787,172.709423,348,0.1,1576539.44929917,5174756.55815179,3,6
-39.585139,174.274245,210,0.2,1709426.25797976,5617511.19341581,13,16
-38.083515,176.70929,220,0.2,1925350.88871115,5778417.69828548,4,16
-43.376463,172.663768,257,0.1,1572762.1832929,5197323.35877372,10,16
-41.20498,174.9266,330,0.2,1761531.07395557,5436698.41060381,4,14
-41.314888,174.818435,200,0.1,1752206.34236355,5424691.53919099,6,13
-41.202272,174.953755,190,0.1,1763814.69196976,5436948.24869275,4,14
-43.495426,172.717998,204,0.1,1577200.01193918,5184127.97834799,6,15
-41.224506,174.879436,200,0.2,1757529.66158855,5434617.15923138,6,16
-43.492846,172.606916,180,0.1,1568217.62286693,5184378.0903648,10,15
-41.24902,174.934133,190,0.2,1762053.87378366,5431794.96479425,7,13
-43.525813,172.682771,196,0.1,1574364.75614582,5180742.99720426,10,15
-41.224746,174.873917,190,0.2,1757066.47618042,5434600.50323782,6,16
-43.521947,172.635146,155,0.1,1570514.29918814,5181156.57346238,10,16
-43.536172,172.564404,286,0.1,1564805.54640519,5179549.26145362,10,15
-41.296528,174.781154,246,0.1,1749127.56266435,5426794.64832766,2,13
-43.505337,172.663391,201,0.1,1572789.46032911,5183010.87599206,10,15
-45.898626,170.509715,140,0.2,1406821.45360936,4914200.10089769,4,15
-43.467529,172.613861,219,0.1,1568766.11476094,5187192.36867844,10,15
-41.290588,174.781064,266.7,0.1,1749133.55974099,5427454.2747616,2,255
-41.275427,174.783054,274,0.1,1749334.76665943,5429134.05842525,2,15
-41.279854,174.778399,250,0.2,1748934.81609633,5428650.56071541,2,16
-41.257397,174.948466,120,0.1,1763233.980894,5430838.08667683,1,15
-41.274287,174.779264,265,0.1,1749019.9258138,5429267.13523053,4,15
-41.326409,174.809034,239,0.2,1751392.75288135,5423428.89581649,6,15
-43.483165,172.530014,434.8,0.2,1561993.71917032,5185421.01034754,10,16
-43.529339,172.619878,196.8,0.2,1569284.16470564,5180330.10369376,10,13
-43.538085,172.647427,177,0.2,1571514.38574087,5179368.58653914,10,15
-43.535926,172.62752,206,0.2,1569904.95420029,5179601.35261825,10,13
-43.565617,172.624169,204.8,0.2,1569649.10820415,5176302.67727942,10,15
-43.501571,172.702191,207,0.2,1575924.44999246,5183441.07547976,10,15
-43.579778,172.709423,352.2,0.2,1576539.44580463,5174757.55768884,3,6
-43.37646,172.66376,257,0.2,1572761.53387768,5197323.68932896,10,16
-43.495419,172.717997,211.7,0.2,1577199.92845505,5184128.75548028,6,15
-43.492842,172.606914,187,0.2,1568217.45906131,5184378.5338334,10,15
-43.525803,172.682763,196,0.2,1574364.10543144,5180744.10532553,10,15
-43.521945,172.63515,154.1,0.2,1570514.62147463,5181156.79699712,10,16
-43.536172,172.564404,285.5,0.2,1564805.54640519,5179549.26145362,10,15
-43.505335,172.663394,210.1,0.2,1572789.70194262,5183011.09908939,10,15
-43.467529,172.613861,226,0.2,1568766.11476094,5187192.36867844,10,15
-43.54164,172.65508,288.4,0.2,1572134.33624592,5178976.36454696,10,15
-43.54163,172.6551,261.3,0.2,1572135.94741695,5178977.48183718,10,15
-43.54213,172.65468,201,0.2,1572102.2466598,5178921.81155981,10,15
-43.54273,172.65343,194.5,0.2,1572001.53911623,5178854.75612819,10,15
-43.54242,172.65262,197.3,0.2,1571935.95754756,5178888.91141223,10,15
-43.52517,172.72512,189.7,0.2,1577786.74017888,5180826.58597865,6,255
-43.50652,172.68583,205.2,0.2,1574603.86393865,5182886.5858696,10,15
-43.50425,172.66545,203.6,0.2,1572955.41903167,5183132.26741827,10,15
-43.37932,172.65348,217.5,0.2,1571930.0801021,5197002.66202283,10,15
-43.50517,172.65922,174,0.2,1572452.21208165,5183028.05058353,10,16
-43.50852,172.68702,180.1,0.2,1574700.89373084,5182664.8317529,10,15
-43.49815,172.70025,177.4,0.2,1575766.16688834,5183820.44204149,10,15
-43.52435,172.63265,187.5,0.2,1570313.76296001,5180888.81202239,10,15
-43.52393,172.61217,175,0.2,1568658.51730331,5180927.94533626,10,16
-43.38132,172.66673,169,0.2,1573004.28701518,5196784.92361649,10,15
-43.383,172.65913,205,0.2,1572389.42978682,5196595.86219041,6,16
-43.38057,172.66871,195.5,0.2,1573164.34133799,5196868.85435954,10,15
-43.38087,172.65688,197,0.2,1572206.20598967,5196831.66394807,6,15
-43.37935,172.64838,206.2,0.2,1571516.96735405,5196997.60162752,10,15
-43.52833,172.63532,176,0.2,1570531.46833573,5180447.7477291,10,16
-43.52763,172.63697,181.4,0.2,1570664.45999005,5180526.07197479,10,15
-43.52875,172.64227,191.7,0.2,1571093.27480801,5180403.54148016,10,15
-43.57474,172.62322,900,0.2,1569577.06235932,5175289.13423436,8,7
-43.632534,172.624664,733,0.2,1569722.65662899,5168871.0494379,15,8
-43.578401,172.770733,586,0.2,1581489.06138403,5174925.96713995,15,8
-43.584671,172.725601,830,0.2,1577847.41699017,5174218.58199301,15,8
-43.489324,172.101112,518,0.2,1527317.03837392,5184451.87186,4,16
-43.58684,172.089292,457,0.2,1526479.87167441,5173611.40291945,4,16
-43.538339,171.959848,531,0.2,1515962.59402731,5178875.26615944,4,16
-43.592773,172.382406,447,0.2,1550147.49257958,5173170.08023873,10,15
-43.675208,172.318451,327,0.2,1545060.15340567,5163974.40455423,4,16
-43.550297,172.472808,398,0.2,1557414.88159989,5177937.72032999,10,16
-43.622602,172.468765,292,0.2,1557139.63258343,5169905.45058872,10,16
-43.370714,172.495167,546,0.2,1559100.10494466,5197892.96899619,4,16
-43.750892,172.022959,452,0.2,1521339.43385586,5155330.61405799,10,15
-43.505591,172.565624,294,0.2,1564886.38668543,5182946.06061566,10,15
-43.566681,172.623209,222,0.2,1569572.11723818,5176184.15908975,10,13
-43.501391,172.647934,160,0.2,1571538.10464925,5183443.94211475,10,15
-43.524599,172.648853,211,0.2,1571623.27515023,5180866.81241933,10,13
-43.546876,172.674017,183,0.2,1573666.51341594,5178401.03010204,10,15
-43.441365,172.620876,223,0.2,1569320.31820672,5190100.67854379,10,15
-43.536962,172.616054,188,0.2,1568979.07296346,5179482.08327227,10,15
-43.52269,172.575867,297,0.2,1565724.07907381,5181051.3422865,10,16
-43.53057,172.642643,192,0.2,1571124.28373867,5180201.54412111,10,16
-43.515499,172.685487,186,0.2,1574579.906066,5181889.28824218,10,16
-43.492047,172.70909,202,0.2,1576478.48440192,5184500.76489122,6,16
-43.476662,172.613207,188,0.2,1568717.92518479,5186177.83379066,10,15
-43.534568,172.565783,324,0.2,1564916.0344079,5179727.98248764,10,15
