easting,northing,Vs30,uncertainty,station,q,gid,geology_vs30,geology_stdv,tid,terrain_vs30,terrain_stdv
1577001.15247628,5207261.89818414,220.5,0.2,NA,NA,6,217.67502,0.31248862,16,238.32666,0.38188857
1573315.25142704,5206270.3514768,225.3,0.2,NA,NA,10,197,0.26063582,16,238.32666,0.38188857
1573808.0613481,5206002.93866306,185.6,0.2,NA,NA,10,197,0.26063582,15,227.4589,0.32270417
1576829.95183842,5206767.58601935,160.5,0.2,NA,NA,6,217.4745,0.31248862,16,238.32666,0.38188857
1568063.6539701,5205264.81817215,199.9,0.2,NA,NA,4,256.94333,0.44912073,16,238.32666,0.38188857
1570917.60632844,5204945.38420422,227.9,0.2,NA,NA,10,197,0.26063582,16,238.32666,0.38188857
1574075.70638379,5205783.01372625,200.3,0.2,NA,NA,10,197,0.26063582,16,238.32666,0.38188857
1575746.55678221,5204782.3478861,200.3,0.2,NA,NA,6,210.48042,0.31248862,16,238.32666,0.38188857
1568039.90609857,5204912.9448416,151.5,0.2,NA,NA,4,258.11334,0.44912073,16,238.32666,0.38188857
1569631.06817741,5204438.09052374,200.5,0.2,NA,NA,10,197,0.26063582,16,238.32666,0.38188857
1572931.09190099,5203959.70859567,213.5,0.2,NA,NA,10,197,0.26063582,16,238.32666,0.38188857
1575661.82952855,5204392.99453929,180.7,0.2,NA,NA,6,216.96404,0.31248862,16,238.32666,0.38188857
1575674.57452298,5204383.99762161,170.5,0.2,NA,NA,6,216.96404,0.31248862,16,238.32666,0.38188857
1573064.51617869,5202589.7117941,184.8,0.2,NA,NA,10,197,0.26063582,15,227.4589,0.32270417
1573065.26568534,5202577.71621646,217.8,0.2,NA,NA,10,197,0.26063582,15,227.4589,0.32270417
1574198.08035335,5201955.92897979,209.1,0.2,NA,NA,10,197,0.26063582,16,238.32666,0.38188857
1574489.73267583,5202607.18184523,214.9,0.2,NA,NA,10,197,0.26063582,16,238.32666,0.38188857
1572807.56788589,5199632.3114869,209.7,0.2,NA,NA,6,204.76987,0.31248862,16,238.32666,0.38188857
1573821.4422439,5200062.1399689,257.6,0.2,NA,NA,10,197,0.26063582,16,238.32666,0.38188857
1572831.55620767,5199410.3937683,196.2,0.2,NA,NA,6,209.68175,0.31248862,16,238.32666,0.38188857
1573134.67501028,5197781.49868573,194.3,0.2,NA,NA,6,210.48042,0.31248862,16,238.32666,0.38188857
1575568.50315952,5197986.40043208,259.8,0.2,NA,NA,10,197,0.26063582,15,227.4589,0.32270417
1575589.49510989,5197983.40135616,205.7,0.2,NA,NA,10,197,0.26063582,15,227.4589,0.32270417
1570248.00448686,5197391.16048257,208.9,0.2,NA,NA,10,197,0.26063582,16,238.32666,0.38188857
1571033.70784697,5196821.86801258,223.6,0.2,NA,NA,10,197,0.26063582,15,227.4589,0.32270417
1571930.37209388,5196932.32305823,237.6,0.2,NA,NA,10,197,0.26063582,15,227.4589,0.32270417
1572871.01874898,5197086.2605174,172,0.2,NA,NA,10,197,0.26063582,15,227.4589,0.32270417
1573521.27114808,5196876.33527174,210.7,0.2,NA,NA,10,197,0.26063582,16,238.32666,0.38188857
1575941.35304666,5197323.64861003,206.8,0.2,NA,NA,6,218.65604,0.31248862,15,227.4589,0.32270417
1570087.56033654,5196623.94436935,198.3,0.2,NA,NA,10,197,0.26063582,16,238.32666,0.38188857
1571259.86949508,5196098.13619437,210.6,0.2,NA,NA,10,197,0.26063582,15,227.4589,0.32270417
1572222.75878041,5196403.01922541,206.4,0.2,NA,NA,6,199.03853,0.31248862,16,238.32666,0.38188857
1573082.18330396,5196278.56204492,190.8,0.2,NA,NA,4,240,0.44912073,15,227.4589,0.32270417
1573543.50824303,5196255.06862856,181.5,0.2,NA,NA,10,197,0.26063582,16,238.32666,0.38188857
1575952.33837684,5196255.05454664,203.1,0.2,NA,NA,6,222.3834,0.31248862,15,227.4589,0.32270417
1571041.94896279,5195445.37958975,201.3,0.2,NA,NA,10,197,0.26063582,15,227.4589,0.32270417
1572382.19356441,5195365.90680025,187.7,0.2,NA,NA,6,205.87247,0.31248862,15,227.4589,0.32270417
1572561.87564685,5195382.40017096,191.1,0.2,NA,NA,10,197,0.26063582,16,238.32666,0.38188857
1575164.38116768,5194760.62694815,175.9,0.2,NA,NA,10,197,0.26063582,16,238.32666,0.38188857
1575799.88768546,5195019.02579739,208.1,0.2,NA,NA,6,239,0.31248862,16,238.32666,0.38188857
1571186.8948365,5194362.28365005,202.4,0.2,NA,NA,10,197,0.26063582,16,238.32666,0.38188857
1571678.95922467,5194348.78893774,202,0.2,NA,NA,6,193.04825,0.31248862,15,227.4589,0.32270417
1573109.91697211,5194207.84167677,191.3,0.2,NA,NA,6,239,0.31248862,255,NA,NA
1575213.11229907,5193959.43309793,207.1,0.2,NA,NA,6,196.98706,0.31248862,16,238.32666,0.38188857
1575798.88669961,5194407.75986063,173.3,0.2,NA,NA,6,205.21468,0.31248862,255,NA,NA
1568031.08461574,5193092.74403889,169.9,0.2,NA,NA,10,215.382,0.26063582,16,238.32666,0.38188857
1571417.06230232,5193411.14033402,206.3,0.2,NA,NA,10,197,0.26063582,15,227.4589,0.32270417
1571499.28101947,5193445.62758653,201.3,0.2,NA,NA,10,197,0.26063582,15,227.4589,0.32270417
1575125.89674475,5193273.695843,202.6,0.2,NA,NA,6,200.01996,0.31248862,15,227.4589,0.32270417
1571999.59983427,5192071.64682062,175.7,0.2,NA,NA,6,209.9461,0.31248862,16,238.32666,0.38188857
1574928.97750799,5191863.23685137,202.2,0.2,NA,NA,6,204.10103,0.31248862,16,238.32666,0.38188857
1571385.0946585,5190844.10654057,196.9,0.2,NA,NA,10,197,0.26063582,16,238.32666,0.38188857
1571699.47066477,5191281.94346327,192.3,0.2,NA,NA,6,208.44548,0.31248862,15,227.4589,0.32270417
1573928.87075174,5190752.65882923,194.1,0.2,NA,NA,6,212.26068,0.31248862,16,238.32666,0.38188857
1575132.65160172,5191308.95065923,165.9,0.2,NA,NA,10,197,0.26063582,16,238.32666,0.38188857
1575838.37760831,5191316.95003181,180.8,0.2,NA,NA,6,215.16214,0.31248862,16,238.32666,0.38188857
1570375.99146332,5189748.01009937,182.3,0.2,NA,NA,10,197,0.26063582,15,227.4589,0.32270417
1571326.1204479,5190533.22347003,194.4,0.2,NA,NA,10,197,0.26063582,16,238.32666,0.38188857
1571444.07532417,5190550.21806605,196.3,0.2,NA,NA,10,197,0.26063582,16,238.32666,0.38188857
1572971.7448771,5190141.38601077,185.9,0.2,NA,NA,10,197,0.26063582,16,238.32666,0.38188857
1573939.86668231,5190731.16712765,171.5,0.2,NA,NA,6,212.26068,0.31248862,16,238.32666,0.38188857
1575340.82356466,5190857.12566627,166.3,0.2,NA,NA,6,222.65976,0.31248862,15,227.4589,0.32270417
1568555.44028588,5189079.23734079,137.3,0.2,NA,NA,10,207.1,0.26063582,16,238.32666,0.38188857
1569010.26555243,5189275.17052507,194,0.2,NA,NA,10,197,0.26063582,16,238.32666,0.38188857
1570292.53131835,5189173.22559574,176.4,0.2,NA,NA,10,197,0.26063582,15,227.4589,0.32270417
1570974.2677446,5189457.62642553,211.1,0.2,NA,NA,10,197,0.26063582,16,238.32666,0.38188857
1571674.5063991,5188997.8087803,196.2,0.2,NA,NA,10,197,0.26063582,16,238.32666,0.38188857
1573028.47769218,5189701.55449104,180.3,0.2,NA,NA,10,197,0.26063582,15,227.4589,0.32270417
1568397.27104734,5187903.67390393,169.8,0.2,NA,NA,10,214.24576,0.26063582,16,238.32666,0.38188857
1569240.69478446,5188294.54126711,169.2,0.2,NA,NA,10,197,0.26063582,16,238.32666,0.38188857
1569440.62105326,5188176.08887276,224.1,0.2,NA,NA,10,197,0.26063582,16,238.32666,0.38188857
1571136.96717445,5188646.93533929,208.9,0.2,NA,NA,10,197,0.26063582,15,227.4589,0.32270417
1571955.15797663,5188346.56010327,188.7,0.2,NA,NA,10,197,0.26063582,16,238.32666,0.38188857
1572996.01049088,5188087.17245111,180.7,0.2,NA,NA,6,208.91597,0.31248862,15,227.4589,0.32270417
1568529.24272053,5186835.57632976,164.4,0.2,NA,NA,10,215.887,0.26063582,15,227.4589,0.32270417
1568933.33754393,5186925.55026745,153.6,0.2,NA,NA,10,205.484,0.26063582,16,238.32666,0.38188857
1570437.00377166,5187492.86249703,212,0.2,NA,NA,10,197,0.26063582,16,238.32666,0.38188857
1571122.74469133,5187294.94863115,203.2,0.2,NA,NA,10,197,0.26063582,16,238.32666,0.38188857
1571986.15906048,5187509.38006881,197.8,0.2,NA,NA,10,197,0.26063582,16,238.32666,0.38188857
1573055.00001917,5187259.99106195,193.1,0.2,NA,NA,1,168.27914,0.29493025,15,227.4589,0.32270417
1576067.32953334,5186775.21955448,180.8,0.2,NA,NA,6,211.1638,0.31248862,15,227.4589,0.32270417
1566217.38545127,5185871.89315746,196.2,0.2,NA,NA,10,277.37076,0.26063582,16,238.32666,0.38188857
1566699.95508426,5185855.90802792,167.6,0.2,NA,NA,10,265.074,0.26063582,15,227.4589,0.32270417
1568246.11607281,5186110.84247575,200.3,0.2,NA,NA,10,227.09799,0.26063582,16,238.32666,0.38188857
1568876.87400176,5186224.31299276,206.7,0.2,NA,NA,10,209.3725,0.26063582,15,227.4589,0.32270417
1570057.91945769,5186415.76391333,204.4,0.2,NA,NA,10,197,0.26063582,16,238.32666,0.38188857
1572998.03994185,5186200.89812452,182.8,0.2,NA,NA,6,196.98706,0.31248862,16,238.32666,0.38188857
1573938.41849739,5186507.79426145,180.4,0.2,NA,NA,1,168.27914,0.29493025,15,227.4589,0.32270417
1575071.97910336,5186235.41671087,210.1,0.2,NA,NA,6,208.65291,0.31248862,16,238.32666,0.38188857
1576021.85475306,5186255.92239119,199.8,0.2,NA,NA,6,193.04825,0.31248862,15,227.4589,0.32270417
1576885.51260805,5186274.42802013,209.1,0.2,NA,NA,6,211.6548,0.31248862,15,227.4589,0.32270417
1565528.15554782,5185394.0563309,185.6,0.2,NA,NA,10,297.5455,0.26063582,16,238.32666,0.38188857
1566147.17555442,5185342.08815832,174.3,0.2,NA,NA,10,282.82477,0.26063582,16,238.32666,0.38188857
1566967.36698081,5185370.59373763,160.9,0.2,NA,NA,10,259.9735,0.26063582,15,227.4589,0.32270417
1568315.84736534,5185778.46877341,174.5,0.2,NA,NA,10,226.16376,0.26063582,15,227.4589,0.32270417
1569333.73008489,5184918.31611206,203.5,0.2,NA,NA,10,205.05475,0.26063582,15,227.4589,0.32270417
1570052.94228357,5185444.13246974,192.2,0.2,NA,NA,10,197,0.26063582,15,227.4589,0.32270417
1573159.99162169,5185410.2063044,180.7,0.2,NA,NA,6,208.97949,0.31248862,16,238.32666,0.38188857
1574095.12777474,5185325.7556041,193,0.2,NA,NA,1,168.27914,0.29493025,16,238.32666,0.38188857
1574897.82114839,5184855.95283193,207.1,0.2,NA,NA,3,193.07104,0.2711188,15,227.4589,0.32270417
1576013.12455676,5185205.83458004,176.6,0.2,NA,NA,6,210.43427,0.31248862,16,238.32666,0.38188857
1577006.98226564,5185051.91236312,163.8,0.2,NA,NA,6,211.1638,0.31248862,15,227.4589,0.32270417
1577619.73293732,5185383.2910925,176.7,0.2,NA,NA,6,239,0.31248862,255,NA,NA
1566939.15755335,5184260.00778285,184.8,0.2,NA,NA,10,267.37177,0.26063582,16,238.32666,0.38188857
1567996.25883745,5184203.05361379,175.9,0.2,NA,NA,10,240.65726,0.26063582,16,238.32666,0.38188857
1569174.30198756,5184479.97841938,212.2,0.2,NA,NA,1,168.27914,0.29493025,16,238.32666,0.38188857
1570180.42987527,5183919.71582872,224.2,0.2,NA,NA,10,197,0.26063582,15,227.4589,0.32270417
1571049.09768875,5183785.28818578,186.2,0.2,NA,NA,10,197,0.26063582,15,227.4589,0.32270417
1572402.81122034,5184236.14519597,188.7,0.2,NA,NA,10,197,0.26063582,15,227.4589,0.32270417
1573013.06653695,5184542.039546,185.2,0.2,NA,NA,6,196.98706,0.31248862,15,227.4589,0.32270417
1573882.49041898,5183868.81897084,199,0.2,NA,NA,10,197,0.26063582,15,227.4589,0.32270417
1575032.53017505,5184219.70446959,205,0.2,NA,NA,6,209.40173,0.31248862,15,227.4589,0.32270417
1576173.57694758,5184284.70033359,205.5,0.2,NA,NA,6,210.48042,0.31248862,15,227.4589,0.32270417
1577086.96322769,5184274.22165931,217.6,0.2,NA,NA,6,190.12105,0.31248862,15,227.4589,0.32270417
1577648.48271213,5184641.58581342,190,0.2,NA,NA,6,196.98706,0.31248862,15,227.4589,0.32270417
1563017.65410489,5183242.78463948,175,0.2,NA,NA,10,351.833,0.26063582,16,238.32666,0.38188857
1567063.90543111,5182738.58109441,175.5,0.2,NA,NA,10,252.55,0.26063582,16,238.32666,0.38188857
1568056.76552197,5183149.95236331,181.4,0.2,NA,NA,10,235.91025,0.26063582,16,238.32666,0.38188857
1569038.38602831,5183284.42842322,179.7,0.2,NA,NA,10,220.23,0.26063582,16,238.32666,0.38188857
1569931.29208196,5183305.94381155,198.2,0.2,NA,NA,10,198.9695,0.26063582,15,227.4589,0.32270417
1571127.07969992,5183305.97411504,179.9,0.2,NA,NA,10,197,0.26063582,15,227.4589,0.32270417
1572011.23715034,5183257.51432634,168.3,0.2,NA,NA,10,197,0.26063582,16,238.32666,0.38188857
1572950.11203998,5183603.90194586,197.1,0.2,NA,NA,10,197,0.26063582,16,238.32666,0.38188857
1573932.9843191,5183259.55770642,185.7,0.2,NA,NA,10,197,0.26063582,15,227.4589,0.32270417
1575099.27443084,5183231.59363784,225.4,0.2,NA,NA,10,197,0.26063582,15,227.4589,0.32270417
1576051.3946251,5183311.581922,196.9,0.2,NA,NA,10,197,0.26063582,15,227.4589,0.32270417
1577035.50318442,5183235.6326235,194.1,0.2,NA,NA,6,205.87247,0.31248862,15,227.4589,0.32270417
1578143.06515686,5182889.79281413,234.9,0.2,NA,NA,6,239,0.31248862,15,227.4589,0.32270417
1563146.88156839,5182508.05733024,209.4,0.2,NA,NA,10,343.1975,0.26063582,16,238.32666,0.38188857
1565315.08623704,5182099.77210127,175.2,0.2,NA,NA,10,287.597,0.26063582,16,238.32666,0.38188857
1566241.98329215,5182210.75702059,181.9,0.2,NA,NA,10,267.5485,0.26063582,16,238.32666,0.38188857
1566951.70919042,5182382.21208551,192.5,0.2,NA,NA,10,251.338,0.26063582,15,227.4589,0.32270417
1568237.22940274,5182066.3677011,193.9,0.2,NA,NA,10,220.91174,0.26063582,15,227.4589,0.32270417
1569000.43162594,5182222.33118586,194.4,0.2,NA,NA,10,204.60025,0.26063582,16,238.32666,0.38188857
1570017.29647337,5181985.95096478,174.8,0.2,NA,NA,10,197,0.26063582,15,227.4589,0.32270417
1571062.88364563,5182235.88417294,186.1,0.2,NA,NA,1,168.27914,0.29493025,16,238.32666,0.38188857
1572072.2392423,5182267.89866531,190.1,0.2,NA,NA,10,197,0.26063582,16,238.32666,0.38188857
1573052.35524234,5182263.92526293,175.6,0.2,NA,NA,10,197,0.26063582,16,238.32666,0.38188857
1574117.93737055,5182185.98192252,194.4,0.2,NA,NA,10,197,0.26063582,15,227.4589,0.32270417
1575020.82887153,5182222.48889074,205,0.2,NA,NA,10,197,0.26063582,15,227.4589,0.32270417
1576047.41959223,5182247.50260057,209.7,0.2,NA,NA,6,202.10301,0.31248862,15,227.4589,0.32270417
1577028.02579681,5182299.00473608,201.1,0.2,NA,NA,3,183.95392,0.2711188,15,227.4589,0.32270417
1578147.57642959,5182239.55297882,212.5,0.2,NA,NA,6,201.18008,0.31248862,15,227.4589,0.32270417
1578442.71153381,5182030.14321314,178.2,0.2,NA,NA,6,239,0.31248862,255,NA,NA
1566237.77049017,5181166.64825746,178.2,0.2,NA,NA,10,258.509,0.26063582,16,238.32666,0.38188857
1567040.96807548,5181096.69874915,184.2,0.2,NA,NA,10,238.5615,0.26063582,15,227.4589,0.32270417
1568019.08926707,5181255.16856808,166.5,0.2,NA,NA,10,216.82126,0.26063582,16,238.32666,0.38188857
1569094.92673731,5181216.71750005,193.5,0.2,NA,NA,10,197,0.26063582,15,227.4589,0.32270417
1570023.31896059,5181176.26174174,192.2,0.2,NA,NA,10,197,0.26063582,16,238.32666,0.38188857
1570998.93510276,5181326.73296242,192.3,0.2,NA,NA,1,168.27914,0.29493025,16,238.32666,0.38188857
1572099.00470182,5181344.75748828,186.4,0.2,NA,NA,10,197,0.26063582,15,227.4589,0.32270417
1573142.09519133,5181330.79164351,199.1,0.2,NA,NA,6,202.10301,0.31248862,16,238.32666,0.38188857
1574013.50155621,5181311.3224175,167.3,0.2,NA,NA,10,197,0.26063582,15,227.4589,0.32270417
1575046.84428622,5181200.89246211,177.3,0.2,NA,NA,6,204.76987,0.31248862,15,227.4589,0.32270417
1576113.16189217,5181466.31393825,183.6,0.2,NA,NA,6,204.27756,0.31248862,15,227.4589,0.32270417
1576744.90840526,5181471.32761701,162,0.2,NA,NA,3,181.58333,0.2711188,16,238.32666,0.38188857
1577963.42328221,5181214.95939829,194.7,0.2,NA,NA,0,NA,NA,255,NA,NA
1578765.10694688,5180836.13065114,169.2,0.2,NA,NA,6,239,0.31248862,15,227.4589,0.32270417
1565352.64429299,5180105.01768912,182.6,0.2,NA,NA,10,270.831,0.26063582,16,238.32666,0.38188857
1566417.9724559,5180598.86722699,202.8,0.2,NA,NA,10,249.24225,0.26063582,16,238.32666,0.38188857
1567358.87995901,5180163.06162539,180.9,0.2,NA,NA,10,222.22475,0.26063582,15,227.4589,0.32270417
1567979.38800363,5180280.53752284,184.3,0.2,NA,NA,10,208.312,0.26063582,16,238.32666,0.38188857
1569274.87741641,5180602.95797327,183.9,0.2,NA,NA,10,197,0.26063582,15,227.4589,0.32270417
1570145.55421953,5180168.65320132,184.4,0.2,NA,NA,10,197,0.26063582,16,238.32666,0.38188857
1571020.71210852,5180194.67131509,202.8,0.2,NA,NA,10,197,0.26063582,15,227.4589,0.32270417
1571824.39084411,5180400.61636602,180.1,0.2,NA,NA,10,197,0.26063582,15,227.4589,0.32270417
1573253.84254079,5179918.84773101,245.6,0.2,NA,NA,10,197,0.26063582,15,227.4589,0.32270417
1573943.0593466,5180253.23645741,216.8,0.2,NA,NA,10,197,0.26063582,15,227.4589,0.32270417
1575376.74080206,5180163.31191265,204,0.2,NA,NA,6,199.55595,0.31248862,15,227.4589,0.32270417
1575958.51295242,5179973.9032388,202.6,0.2,NA,NA,6,205.4891,0.31248862,15,227.4589,0.32270417
1578308.29668247,5180655.19257825,181.5,0.2,NA,NA,6,239,0.31248862,16,238.32666,0.38188857
1578886.08045109,5179880.01971725,173.2,0.2,NA,NA,6,215.79422,0.31248862,15,227.4589,0.32270417
1559817.51909814,5178618.35290096,157.6,0.2,NA,NA,10,370.44226,0.26063582,15,227.4589,0.32270417
1563186.24732932,5179146.29620322,183,0.2,NA,NA,10,312.82175,0.26063582,16,238.32666,0.38188857
1563593.09743015,5179088.33318659,174.8,0.2,NA,NA,10,305.75174,0.26063582,16,238.32666,0.38188857
1566353.29469972,5179332.34238242,153.3,0.2,NA,NA,10,242.47525,0.26063582,15,227.4589,0.32270417
1567197.47912207,5179161.93606141,173.7,0.2,NA,NA,10,222.0985,0.26063582,16,238.32666,0.38188857
1568587.94140115,5179231.45940756,191.9,0.2,NA,NA,10,197,0.26063582,16,238.32666,0.38188857
1569140.9822375,5179094.5319445,190.6,0.2,NA,NA,10,197,0.26063582,15,227.4589,0.32270417
1570047.6231743,5179274.49475468,178.2,0.2,NA,NA,10,197,0.26063582,16,238.32666,0.38188857
1571124.45081673,5179317.01506674,244,0.2,NA,NA,10,197,0.26063582,15,227.4589,0.32270417
1572074.57932477,5179261.06831856,182,0.2,NA,NA,10,197,0.26063582,15,227.4589,0.32270417
1573030.95171295,5179256.10103775,224.4,0.2,NA,NA,6,183,0.31248862,15,227.4589,0.32270417
1573958.33562668,5179190.6557898,183.8,0.2,NA,NA,10,197,0.26063582,15,227.4589,0.32270417
1574862.21997085,5179357.11717848,160.1,0.2,NA,NA,10,197,0.26063582,15,227.4589,0.32270417
1575916.54899397,5179300.67038463,177.5,0.2,NA,NA,6,200.01996,0.31248862,16,238.32666,0.38188857
1579113.2534492,5179254.2790824,150.8,0.2,NA,NA,6,239,0.31248862,255,NA,NA
1559777.28594328,5178573.86727267,172.9,0.2,NA,NA,10,370.44226,0.26063582,15,227.4589,0.32270417
1563830.02824508,5178624.01472353,165.7,0.2,NA,NA,10,293.17725,0.26063582,15,227.4589,0.32270417
1565454.94830914,5177826.37689478,170.2,0.2,NA,NA,10,249.1665,0.26063582,15,227.4589,0.32270417
1566126.42951308,5178135.28628383,194.7,0.2,NA,NA,10,245.48,0.26063582,15,227.4589,0.32270417
1566998.8480515,5178085.3379993,197,0.2,NA,NA,10,224.8255,0.26063582,15,227.4589,0.32270417
1567969.73609932,5177800.98337004,177.5,0.2,NA,NA,10,199.525,0.26063582,16,238.32666,0.38188857
1569000.57535646,5178076.91802382,184.1,0.2,NA,NA,10,197,0.26063582,15,227.4589,0.32270417
1570089.8968843,5178175.92103462,183.8,0.2,NA,NA,10,197,0.26063582,16,238.32666,0.38188857
1571130.73731145,5178216.94318537,178.5,0.2,NA,NA,10,197,0.26063582,16,238.32666,0.38188857
1572089.10870031,5178241.96739976,200.4,0.2,NA,NA,10,197,0.26063582,15,227.4589,0.32270417
1573142.19131131,5178246.00200317,185.9,0.2,NA,NA,10,197,0.26063582,15,227.4589,0.32270417
1574007.59520117,5178290.51322333,179.8,0.2,NA,NA,10,197,0.26063582,15,227.4589,0.32270417
1575037.68995097,5178076.63157848,177.3,0.2,NA,NA,10,197,0.26063582,16,238.32666,0.38188857
1575644.69196406,5178199.60171729,170.3,0.2,NA,NA,3,171,0.2711188,16,238.32666,0.38188857
1579343.42882523,5178507.58873203,192.9,0.2,NA,NA,6,239,0.31248862,255,NA,NA
1563475.98528029,5176980.61182288,164.5,0.2,NA,NA,10,271.437,0.26063582,16,238.32666,0.38188857
1564067.00501192,5177138.07842467,181.7,0.2,NA,NA,10,261.51373,0.26063582,16,238.32666,0.38188857
1565031.61886323,5177602.44427876,173.8,0.2,NA,NA,10,253.93875,0.26063582,16,238.32666,0.38188857
1566285.65827672,5177209.14321922,196.8,0.2,NA,NA,10,224.54774,0.26063582,15,227.4589,0.32270417
1567074.35268522,5177283.14630394,185.5,0.2,NA,NA,10,214.271,0.26063582,16,238.32666,0.38188857
1568173.18210671,5177199.72218851,198.3,0.2,NA,NA,10,197,0.26063582,16,238.32666,0.38188857
1569030.60158451,5177130.7838864,181.5,0.2,NA,NA,10,197,0.26063582,15,227.4589,0.32270417
1570182.14724498,5177233.29017324,184.4,0.2,NA,NA,10,197,0.26063582,15,227.4589,0.32270417
1570980.57937191,5177339.27978619,181.5,0.2,NA,NA,10,197,0.26063582,15,227.4589,0.32270417
1571963.44483218,5177247.3528244,189.3,0.2,NA,NA,10,197,0.26063582,16,238.32666,0.38188857
1573029.01866314,5177332.35838983,162,0.2,NA,NA,10,197,0.26063582,16,238.32666,0.38188857
1573963.89956092,5177220.93575194,155.1,0.2,NA,NA,10,197,0.26063582,15,227.4589,0.32270417
1574788.31132001,5177442.37610056,174.5,0.2,NA,NA,3,179.01799,0.2711188,15,227.4589,0.32270417
1575987.58400314,5177262.98807657,240.8,0.2,NA,NA,3,228,0.2711188,15,227.4589,0.32270417
1576340.94299671,5177197.52639331,156.6,0.2,NA,NA,3,228,0.2711188,255,NA,NA
1578566.03092007,5177344.53913981,198.4,0.2,NA,NA,6,239,0.31248862,11,564.5722,0.4690416
1578854.16487972,5177271.5777561,164.7,0.2,NA,NA,6,239,0.31248862,255,NA,NA
1562915.000095,5175873.49881193,192.4,0.2,NA,NA,10,267.47275,0.26063582,16,238.32666,0.38188857
1564120.02524831,5176278.90238656,164.4,0.2,NA,NA,10,248.5605,0.26063582,16,238.32666,0.38188857
1564533.11080854,5176443.85871184,174.5,0.2,NA,NA,10,242.32375,0.26063582,16,238.32666,0.38188857
1566043.0683925,5175729.19510599,232.8,0.2,NA,NA,10,202.22675,0.26063582,16,238.32666,0.38188857
1566804.50783038,5176118.57960195,193.8,0.2,NA,NA,10,197,0.26063582,16,238.32666,0.38188857
1567989.54296055,5176277.06886809,201.6,0.2,NA,NA,10,197,0.26063582,15,227.4589,0.32270417
1569476.71697772,5176182.1694804,190.6,0.2,NA,NA,10,197,0.26063582,15,227.4589,0.32270417
1570103.96578457,5176303.14872864,177.9,0.2,NA,NA,10,197,0.26063582,13,272.588,0.3933979
1571027.35972601,5176115.26006235,169.2,0.2,NA,NA,10,197,0.26063582,14,262.98834,0.40245143
1571626.35380923,5176586.59925287,221.1,0.2,NA,NA,10,197,0.26063582,10,334.44003,0.46992904
1572805.38319346,5176648.62015037,221.1,0.2,NA,NA,10,197,0.26063582,6,442.75815,0.44454366
1574053.87778177,5176825.09621612,153.9,0.2,NA,NA,3,228,0.2711188,16,238.32666,0.38188857
1574993.01461054,5176429.78760003,233.5,0.2,NA,NA,3,179.01799,0.2711188,15,227.4589,0.32270417
1576341.46484108,5176543.78959727,233.5,0.2,NA,NA,255,NA,NA,255,NA,NA
1579021.11092044,5176789.27970252,244.3,0.2,NA,NA,6,239,0.31248862,255,NA,NA
1561322.66049711,5174664.86883691,249.6,0.2,NA,NA,10,289.08673,0.26063582,16,238.32666,0.38188857
1562703.85190773,5175431.1534286,258.8,0.2,NA,NA,10,265.276,0.26063582,16,238.32666,0.38188857
1563093.46896222,5175158.77375118,201.1,0.2,NA,NA,10,254.0145,0.26063582,16,238.32666,0.38188857
1563926.15968755,5175042.35742583,180.5,0.2,NA,NA,10,234.04175,0.26063582,16,238.32666,0.38188857
1564889.77821923,5175339.79069094,188,0.2,NA,NA,10,217.22525,0.26063582,16,238.32666,0.38188857
1566088.07145545,5175301.85972171,199.9,0.2,NA,NA,10,197,0.26063582,16,238.32666,0.38188857
1567655.97353713,5175152.98637846,175.4,0.2,NA,NA,10,197,0.26063582,15,227.4589,0.32270417
1569073.65801225,5175422.94649648,245.1,0.2,NA,NA,10,197,0.26063582,9,475.2725,0.46632352
1571374.74890764,5175474.52581289,185.4,0.2,NA,NA,7,351.6583,0.47477344,5,648.8941,0.48938733
1574998.28552526,5175804.03840692,192.3,0.2,NA,NA,3,208.49768,0.2711188,15,227.4589,0.32270417
1575504.83791659,5175608.63567727,172.5,0.2,NA,NA,3,225.14803,0.2711188,9,475.2725,0.46632352
1560931.33113453,5174220.51242839,166.8,0.2,NA,NA,10,293.78326,0.26063582,16,238.32666,0.38188857
1562542.71260953,5174473.50208732,209.1,0.2,NA,NA,10,259.34225,0.26063582,15,227.4589,0.32270417
1563271.68299034,5174553.50880828,209.1,0.2,NA,NA,10,242.32375,0.26063582,16,238.32666,0.38188857
1563800.01392155,5173959.75825297,169.7,0.2,NA,NA,10,224.27,0.26063582,16,238.32666,0.38188857
1565276.18351505,5174281.70973632,193.4,0.2,NA,NA,10,197,0.26063582,16,238.32666,0.38188857
1565945.16136304,5174586.12583077,195.5,0.2,NA,NA,10,197,0.26063582,15,227.4589,0.32270417
1557552.64152412,5173199.19648895,193.3,0.2,NA,NA,10,366.9325,0.26063582,16,238.32666,0.38188857
1563202.53130101,5173218.50588893,187.7,0.2,NA,NA,10,230.5825,0.26063582,16,238.32666,0.38188857
1563929.75943101,5173130.07772173,196.9,0.2,NA,NA,10,213.1095,0.26063582,15,227.4589,0.32270417
1565161.03261518,5173232.10304845,191.5,0.2,NA,NA,10,197,0.26063582,13,272.588,0.3933979
1568008.95227042,5172784.91892009,191.1,0.2,NA,NA,7,351.6583,0.47477344,9,475.2725,0.46632352
1564566.58939345,5171813.61162922,171.1,0.2,NA,NA,10,197,0.26063582,16,238.32666,0.38188857
1567984.96250238,5172768.92388714,190.7,0.2,NA,NA,7,351.6583,0.47477344,6,442.75815,0.44454366
1564598.57904473,5171779.62635368,192.3,0.2,NA,NA,10,197,0.26063582,16,238.32666,0.38188857
1564399.33598184,5168806.75178969,173.8,0.2,NA,NA,10,197,0.26063582,15,227.4589,0.32270417
1559772.92860606,5167676.87144864,196.1,0.2,NA,NA,10,296.00525,0.26063582,15,227.4589,0.32270417
1564229.45317741,5168015.54481977,199.9,0.2,NA,NA,10,197,0.26063582,15,227.4589,0.32270417
1564609.52570797,5168479.39085764,194.3,0.2,NA,NA,10,197,0.26063582,15,227.4589,0.32270417
1559664.98004753,5167525.92020119,189.4,0.2,NA,NA,10,298.8585,0.26063582,15,227.4589,0.32270417
1559845.91261895,5167514.93712071,195.6,0.2,NA,NA,10,296.3335,0.26063582,16,238.32666,0.38188857
1564107.80305302,5167228.33952344,178.6,0.2,NA,NA,10,197,0.26063582,15,227.4589,0.32270417
1560535.77883212,5165770.14268385,150,0.2,NA,NA,10,285.3245,0.26063582,16,238.32666,0.38188857
1562714.94523548,5165754.3084695,138,0.2,NA,NA,10,231.54199,0.26063582,16,238.32666,0.38188857
1564048.416256,5165931.83520516,138,0.2,NA,NA,10,199.424,0.26063582,16,238.32666,0.38188857
1560212.47567868,5164800.98407976,210,0.2,NA,NA,10,299.2625,0.26063582,16,238.32666,0.38188857
1562317.11193669,5165570.84976149,140,0.2,NA,NA,10,242.65201,0.26063582,16,238.32666,0.38188857
1563316.49400979,5165325.51665105,155,0.2,NA,NA,10,220.96225,0.26063582,15,227.4589,0.32270417
1563932.4986432,5165411.52793593,245,0.2,NA,NA,10,205.81226,0.26063582,16,238.32666,0.38188857
1559690.22212824,5164191.17328673,350,0.2,NA,NA,10,316.00323,0.26063582,16,238.32666,0.38188857
1559710.96333402,5164202.6705973,250,0.2,NA,NA,10,316.00323,0.26063582,15,227.4589,0.32270417
1561993.72271472,5185420.92807469,190,0.1,NA,NA,10,383.72375,0.26063582,16,238.32666,0.38188857
1569283.76438417,5180330.12000416,300,0.2,NA,NA,10,197,0.26063582,15,227.4589,0.32270417
1571514.66248992,5179368.48359265,200,0.2,NA,NA,10,197,0.26063582,15,227.4589,0.32270417
1569904.76879143,5179601.26084587,350,0.1,NA,NA,10,197,0.26063582,13,272.588,0.3933979
1569649.67535534,5176302.72341664,350,0.1,NA,NA,10,197,0.26063582,15,227.4589,0.32270417
1575924.71006923,5183441.00363592,120,0.1,NA,NA,10,197,0.26063582,15,227.4589,0.32270417
1576539.75857812,5174757.6960631,120,0.1,NA,NA,8,376.50534,0.41044065,6,442.75815,0.44454366
1572761.31757578,5197323.57417308,473.6,0.2,NA,NA,10,197,0.26063582,16,238.32666,0.38188857
1578283.92967982,5182861.84160154,473.6,0.2,NA,NA,6,239,0.31248862,255,NA,NA
1577200.35835615,5184128.80707061,330,0.2,NA,NA,6,202.10301,0.31248862,15,227.4589,0.32270417
1568217.81041386,5184378.35469376,267,0.2,NA,NA,10,234.673,0.26063582,15,227.4589,0.32270417
1570514.38714888,5181156.69008769,275.2,0.2,NA,NA,10,197,0.26063582,16,238.32666,0.38188857
1564805.81635674,5179549.37843033,250,0.2,NA,NA,10,283.17825,0.26063582,15,227.4589,0.32270417
1572789.46766586,5183011.32617291,358,0.2,NA,NA,10,197,0.26063582,15,227.4589,0.32270417
1568766.12170711,5187192.33573973,239,0.2,NA,NA,10,206.7465,0.26063582,15,227.4589,0.32270417
1577731.76219673,5171954.97954307,282,0.2,NA,NA,8,376.50534,0.41044065,2,617.6673,0.47290206
1572133.93878793,5178976.22569943,270,0.2,NA,NA,10,197,0.26063582,15,227.4589,0.32270417
1572136.3989967,5178977.50689268,291,0.2,NA,NA,10,197,0.26063582,15,227.4589,0.32270417
1572102.11271038,5178921.86469032,307,0.2,NA,NA,10,197,0.26063582,15,227.4589,0.32270417
1572001.30604432,5178854.93018094,272,0.2,NA,NA,10,197,0.26063582,15,227.4589,0.32270417
1571935.82868708,5178888.9737796,300,0.2,NA,NA,10,197,0.26063582,15,227.4589,0.32270417
1577786.16740738,5180826.65376973,435,0.1,NA,NA,6,239,0.31248862,255,NA,NA
1574604.41268797,5182886.66372532,197,0.1,NA,NA,10,197,0.26063582,15,227.4589,0.32270417
1572955.50370582,5183132.31520859,182,0.1,NA,NA,10,197,0.26063582,16,238.32666,0.38188857
1571929.50418328,5197002.85539143,196,0.1,NA,NA,10,197,0.26063582,15,227.4589,0.32270417
1572452.65327357,5183028.17291301,213,0.1,NA,NA,10,197,0.26063582,16,238.32666,0.38188857
1574701.45700257,5182665.0316695,900,0.2,NA,NA,10,197,0.26063582,15,227.4589,0.32270417
1575766.68002513,5183820.45812427,500,0.2,NA,NA,10,197,0.26063582,15,227.4589,0.32270417
1570313.33049845,5180888.897557,138,0.2,NA,NA,10,197,0.26063582,15,227.4589,0.32270417
1568658.30361972,5180927.98921469,182,0.2,NA,NA,10,197,0.26063582,16,238.32666,0.38188857
1573004.51328034,5196784.81864157,348,0.1,NA,NA,10,197,0.26063582,15,227.4589,0.32270417
1572389.7463268,5196595.92787898,210,0.2,NA,NA,6,202.6284,0.31248862,16,238.32666,0.38188857
1573164.86200576,5196868.91661965,220,0.2,NA,NA,10,197,0.26063582,15,227.4589,0.32270417
1572205.85078832,5196831.57152056,257,0.1,NA,NA,6,202.10301,0.31248862,15,227.4589,0.32270417
1571516.68040511,5196997.73869797,330,0.2,NA,NA,10,197,0.26063582,15,227.4589,0.32270417
1570531.06042313,5180447.55085238,200,0.1,NA,NA,10,197,0.26063582,16,238.32666,0.38188857
1570663.88542736,5180526.08587177,190,0.1,NA,NA,10,197,0.26063582,15,227.4589,0.32270417
1571093.51377854,5180403.38998899,204,0.1,NA,NA,10,197,0.26063582,9,475.2725,0.46632352
1597063.21836957,5149128.0533431,200,0.2,NA,NA,7,351.6583,0.47477344,9,475.2725,0.46632352
1569722.68137849,5168871.04654001,180,0.1,NA,NA,15,716.57263,0.483527,8,604.2022,0.47762427
1581489.35925248,5174926.11698216,190,0.2,NA,NA,15,716.57263,0.483527,8,604.2022,0.47762427
1577847.43284436,5174218.57976774,196,0.1,NA,NA,15,716.57263,0.483527,8,604.2022,0.47762427
1527316.44943571,5184452.01407503,190,0.2,NA,NA,4,500,0.44912073,16,238.32666,0.38188857
1526480.07006284,5173611.22923592,155,0.1,NA,NA,4,500,0.44912073,16,238.32666,0.38188857
1515963.08717337,5178875.41589204,286,0.1,NA,NA,4,500,0.44912073,16,238.32666,0.38188857
1550147.05000178,5173170.02835764,246,0.1,NA,NA,10,500,0.26063582,15,227.4589,0.32270417
1545060.1485341,5163974.2884012,201,0.1,NA,NA,10,500,0.26063582,16,238.32666,0.38188857
1557414.94913002,5177937.74480928,140,0.2,NA,NA,10,412.96326,0.26063582,16,238.32666,0.38188857
1557139.65243644,5169905.61115832,219,0.1,NA,NA,10,364.88727,0.26063582,16,238.32666,0.38188857
1559099.77679445,5197893.15800317,266.7,0.1,NA,NA,4,441.60834,0.44912073,16,238.32666,0.38188857
1521339.87568602,5155330.54827132,274,0.1,NA,NA,10,500,0.26063582,15,227.4589,0.32270417
1564886.71499765,5182945.91281936,250,0.2,NA,NA,10,304.69125,0.26063582,16,238.32666,0.38188857
1569572.57924847,5176184.17137887,120,0.1,NA,NA,10,197,0.26063582,13,272.588,0.3933979
1571538.10205339,5183443.79056195,265,0.1,NA,NA,10,197,0.26063582,15,227.4589,0.32270417
1571622.99042502,5180867.01468411,239,0.2,NA,NA,10,197,0.26063582,13,272.588,0.3933979
1573666.04690734,5178401.13933416,434.8,0.2,NA,NA,10,197,0.26063582,15,227.4589,0.32270417
1569320.65181097,5190100.75909926,196.8,0.2,NA,NA,10,197,0.26063582,16,238.32666,0.38188857
1568979.42367378,5179482.24017624,177,0.2,NA,NA,10,197,0.26063582,15,227.4589,0.32270417
1565724.05466414,5181051.36222689,206,0.2,NA,NA,10,269.74524,0.26063582,16,238.32666,0.38188857
1571123.97393483,5180201.43351901,204.8,0.2,NA,NA,10,197,0.26063582,16,238.32666,0.38188857
1574579.81234614,5181889.27511713,207,0.2,NA,NA,10,197,0.26063582,15,227.4589,0.32270417
1576478.58008841,5184500.83672546,352.2,0.2,NA,NA,6,205.4891,0.31248862,16,238.32666,0.38188857
1568717.75971558,5186177.86832485,257,0.2,NA,NA,10,214.24576,0.26063582,15,227.4589,0.32270417
1564915.84415151,5179727.89413084,211.7,0.2,NA,NA,10,281.436,0.26063582,15,227.4589,0.32270417
1578520.07342995,5179986.3797679,187,0.2,NA,NA,6,239,0.31248862,16,238.32666,0.38188857
1933261.13796534,5620565.33963384,196,0.2,014A,1,3,183.16321,0.2711188,15,227.4589,0.32270417
1935265.31186779,5621691.48557128,154.1,0.2,015A,2,4,240,0.44912073,11,564.5722,0.4690416
2037085.67154813,5708273.14800374,285.5,0.2,017A,1,6,213.60303,0.31248862,16,238.32666,0.38188857
2037290.41795092,5708507.08922082,210.1,0.2,018A,2,6,199.03853,0.31248862,15,227.4589,0.32270417
1709359.83017754,5617533.1717603,226,0.2,025A,2,13,304.0157,0.4836529,16,238.32666,0.38188857
1935001.71933718,5619978.38562894,288.4,0.2,027A,2,3,175.85156,0.2711188,15,227.4589,0.32270417
1935001.71933718,5619978.38562894,261.3,0.2,027C,2,3,175.85156,0.2711188,15,227.4589,0.32270417
1929774.16624397,5604530.50133583,201,0.2,029A,1,4,270.37668,0.44912073,16,238.32666,0.38188857
1406787.88784869,4914224.68216575,194.5,0.2,044A,2,4,240,0.44912073,13,272.588,0.3933979
1982936.58189521,5670158.86585136,197.3,0.2,096A,2,4,240,0.44912073,255,NA,NA
1749109.13645376,5426688.27068828,189.7,0.2,132A,2,2,242,0.1874998,13,272.588,0.3933979
1982936.04533621,5670147.85261603,205.2,0.2,225B,2,4,240,0.44912073,255,NA,NA
1760658.41198629,5433384.82110907,203.6,0.2,249A,2,6,239,0.31248862,6,442.75815,0.44454366
1775417.53180645,5577577.19172964,217.5,0.2,302A,2,4,240,0.44912073,15,227.4589,0.32270417
1763894.04650739,5437077.98701552,174,0.2,468A,1,4,240,0.44912073,16,238.32666,0.38188857
1483084.96425151,5243927.93336742,180.1,0.2,505A,2,4,500,0.44912073,10,334.44003,0.46992904
1757524.63406549,5434663.83432328,177.4,0.2,608A,2,6,190.12105,0.31248862,16,238.32666,0.38188857
1760666.08487152,5433384.65181931,187.5,0.2,642A,1,6,239,0.31248862,6,442.75815,0.44454366
1760736.0682224,5433483.10595259,175,0.2,642E,1,6,239,0.31248862,6,442.75815,0.44454366
1760668.65184451,5433385.01890403,169,0.2,642G,1,6,239,0.31248862,6,442.75815,0.44454366
1760666.08487152,5433384.65181931,205,0.2,642H,1,6,239,0.31248862,6,442.75815,0.44454366
1763209.60825168,5430872.98926194,195.5,0.2,646A,1,1,168.27914,0.29493025,13,272.588,0.3933979
1763194.98399525,5430962.30098469,197,0.2,646B,1,1,168.27914,0.29493025,13,272.588,0.3933979
1763194.98399525,5430962.30098469,206.2,0.2,646C,1,1,168.27914,0.29493025,13,272.588,0.3933979
1748882.38846274,5427848.33264781,176,0.2,647A,2,2,418,0.1874998,255,NA,NA
1748797.09240122,5427803.04927516,181.4,0.2,647D,2,2,418,0.1874998,10,334.44003,0.46992904
1761252.04732196,5436737.33232419,191.7,0.2,651A,2,4,240,0.44912073,15,227.4589,0.32270417
2028418.59431931,5713066.07206598,900,0.2,709A,1,4,240,0.44912073,16,238.32666,0.38188857
1748954.0652181,5427291.40192213,733,0.2,900B,2,2,261.12537,0.1874998,15,227.4589,0.32270417
1749011.41347802,5428904.49797798,586,0.2,902A,2,4,240,0.44912073,14,262.98834,0.40245143
1748942.15689598,5428769.06420688,830,0.2,907A,2,2,376.76178,0.1874998,14,262.98834,0.40245143
1748786.97233297,5427683.3513159,518,0.2,911A,2,2,418,0.1874998,10,334.44003,0.46992904
1751345.96707716,5423443.07442533,457,0.2,912A,2,6,212.684,0.31248862,15,227.4589,0.32270417
1748487.52147161,5426978.94265718,531,0.2,914A,2,4,240,0.44912073,10,334.44003,0.46992904
1748487.52147161,5426978.94265718,447,0.2,914B,2,4,240,0.44912073,10,334.44003,0.46992904
1748673.54491918,5427075.13076582,327,0.2,916A,2,4,240,0.44912073,14,262.98834,0.40245143
1748775.61484356,5427128.54569628,398,0.2,919A,2,4,240,0.44912073,14,262.98834,0.40245143
1932844.2848644,5601550.10767309,292,0.2,928B,1,4,262.96667,0.44912073,11,564.5722,0.4690416
1759873.98790758,5432446.59546773,546,0.2,934B,1,6,228.85172,0.31248862,15,227.4589,0.32270417
1748954.0652181,5427291.40192213,452,0.2,941A,2,2,261.12537,0.1874998,15,227.4589,0.32270417
1597063.21836957,5149128.0533431,294,0.2,AKSS,1,7,351.6583,0.47477344,9,475.2725,0.46632352
1483160.84234804,5243859.30855798,222,0.2,APPS,2,4,500,0.44912073,14,262.98834,0.40245143
1561993.72988904,5185419.65711767,160,0.2,CACS,1,10,383.72375,0.26063582,16,238.32666,0.38188857
1569283.76825587,5180329.27269318,211,0.2,CBGS,1,10,197,0.26063582,15,227.4589,0.32270417
1571514.66248992,5179368.48359265,183,0.2,CCCC,1,10,197,0.26063582,15,227.4589,0.32270417
1569904.77068858,5179600.83718991,223,0.2,CHHC,1,10,197,0.26063582,13,272.588,0.3933979
1569649.67535534,5176302.72341664,188,0.2,CMHS,1,10,197,0.26063582,15,227.4589,0.32270417
1569576.63684976,5175288.98086981,297,0.2,CRLZ,2,8,376.50534,0.41044065,7,677.3067,0.4938305
1583847.38062917,5265879.79889075,192,0.2,CULC,1,4,500,0.44912073,16,238.32666,0.38188857
1527402.00285507,5184413.95656781,186,0.2,DFHS,1,4,500,0.44912073,16,238.32666,0.38188857
1403813.5278821,4913379.29385986,202,0.2,DUNS,2,15,716.57263,0.483527,7,677.3067,0.4938305
1759115.62319914,5427371.36056324,188,0.2,EBPS,2,6,239,0.31248862,1,702.1102,0.4933938
1748946.87189473,5427751.256896,324,0.2,FKPS,1,2,418,0.1874998,255,NA,NA
