depth_input,R09
1.51,-1.151676099
2.01,-0.606529248
2.51,-0.300746378
3.01,-0.250916081
3.51,-0.032118886
4.01,-0.100644855
4.51,-0.037517046
5.01,0.184530495
5.51,0.227713131
6.01,0.308320467
6.51,0.280463816
7.01,0.335852549
7.51,0.276625597
8.01,0.224344799
8.51,0.2461552
9.01,0.298331939
9.51,0.311943658
10.01,0.357414838
10.51,0.347659197
11.01,0.474703472
11.51,0.421705625
12.01,0.418346693
12.51,0.344780115
13.01,0.255256715
13.51,0.409630665
14.01,0.422064442
14.51,0.400309775
15.01,0.386991734
15.51,0.352100145
16.01,0.336690996
16.51,0.393013867
17.01,0.302477119
17.51,0.311730941
18.01,0.377585345
18.51,0.357415
19.01,0.332128473
19.51,0.354131545
20.01,0.408897779
20.51,0.402131135
21.01,0.318524982
21.51,0.380999065
22.01,0.376496519
22.51,0.373503998
23.01,0.362386665
23.51,0.385760797
24.01,0.46482454
24.51,0.510919895
25.01,0.478540278
25.51,0.505788337
26.01,0.548553671
26.51,0.613566435
27.01,0.608475972
27.51,0.505726433
28,0.577600234
0.5,-0.129085977
1,-0.122838741
1.5,-0.212665141
2,-0.139281082
2.5,-0.24535655
3,-0.215376299
3.5,-0.264350241
4,-0.216824555
4.5,-0.189964968
5,-0.134855284
5.5,-0.054104624
6,-0.228650996
6.5,-0.046088624
7,-0.017561667
7.5,-0.006508341
8,-0.095212133
8.5,-0.037570247
9,-0.058351172
9.5,-0.059727855
10,0.0404566
10.5,-0.135112074
11,-0.081866205
11.5,0.322274505
12,0.72372804
12.5,0.687309596
13,0.699899303
13.5,0.739381823
14,0.722718298
14.5,0.696002787
15,0.622938522
15.5,0.666095602
16,0.624212982
16.5,0.481661154
17,0.733427793
17.5,0.7089534
18,0.713483924
18.5,0.690950859
19,0.654157111
19.5,0.181651708
20,0.281874189
20.5,0.242217178
21,0.371492898
21.5,0.248682185
22,0.564980851
22.5,0.15108039
23,0.227123075
23.5,-0.087777571
24,0.280667248
24.5,0.507561601
25,0.15371064
25.5,0.449176014
26,0.212671742
26.5,0.29749375
27,0.161861506
27.5,0.16406837
28,-0.002804314
28.5,0.352387044
29,0.515264378
29.5,0.362538471
30,0.180272886
1,-0.000209015
1.5,0.409086631
2,0.005942397
2.5,-0.045937633
3,-0.224943777
3.5,-0.242799759
4,0.013393392
4.5,0.19411714
5,-0.110401489
5.5,-0.043643602
6,-0.002764668
6.5,-0.04754953
7,-0.039750744
7.5,-0.036173351
8,-0.004395736
8.5,-0.016193429
9,-0.025577234
9.5,-0.076578652
10,-0.052064949
10.5,-0.13617067
11,0.064096487
11.5,-0.03885782
12,0.093221368
12.5,0.082175962
13,0.023383623
13.5,0.041638417
14,-0.047740617
14.5,-0.021148691
15,0.042617589
15.5,-0.108880274
16,0.094205402
16.5,0.131954879
17,0.131133128
17.5,0.15824315
18,0.174908966
18.5,0.207098637
19,0.505836225
19.5,0.806213639
20,0.371364271
20.5,0.72091375
21,0.677784752
21.5,0.903817081
22,0.892282521
22.5,0.853503059
23,0.803617583
23.5,0.771044269
24,0.827262049
24.5,0.765823982
25,0.860781038
25.5,0.838996463
26,0.881894183
26.5,0.881479315
27,0.97440905
27.5,0.973630123
28,0.897376641
28.5,0.950743174
29,0.929427995
29.5,0.875661052
30,0.95363041
0.1,0.210758824
0.5,0.161659946
1,0.288700413
1.5,0.2347802
2,0.245507899
2.5,0.110889536
3,0.183357779
3.5,0.305347988
4,-0.245288064
4.5,-0.258941963
5,-0.161437664
5.5,-0.096253402
6,-0.146527476
6.5,0.008467554
7,0.193583177
7.5,0.161195285
8,-0.026292023
8.5,-0.04211645
9,0.094753803
9.5,0.16480637
10,0.116654884
10.5,0.132141369
11,-0.176828976
11.5,0.08277295
12,0.198994612
12.5,0.088936753
13,0.282709056
13.5,0.233398359
14,0.033273656
14.5,0.021182989
15,0.201836452
15.5,0.203569355
16,0.297646456
16.5,0.144669597
17,0.103478963
17.5,0.18422069
18,0.036645389
18.5,-0.105792237
19,0.446680042
19.5,0.487108786
20,0.536167348
0.1,-0.430201212
0.5,-0.312478051
1,-0.125704536
1.5,-0.231166697
2,0.393027797
2.5,0.390074277
3,-0.20104274
3.5,-0.10267296
4,-0.025778938
4.5,-0.046817574
5,0.183016902
5.5,0.280642671
6,0.008083274
6.5,0.071644197
7,0.035104613
7.5,0.012597195
8,0.129845405
8.5,0.065735765
9,0.275882794
9.5,0.296677418
10,0.148502854
10.5,0.177604481
11,0.166523815
11.5,0.077494053
12,0.130610935
12.5,0.337975592
13,0.15299091
13.5,0.023292916
14,0.419873821
14.5,0.031892874
15,0.528254972
15.5,0.251169069
16,0.226075723
16.5,0.233408361
17,0.16933986
17.5,0.214115331
18,0.102824607
18.5,0.242560102
19,0.096052639
19.5,0.47998093
20,0.736638577
0.51,0.109273846
1.01,-0.142739547
1.51,-0.378683069
2.01,-0.312535062
2.51,-0.232539552
3.01,-0.21034002
3.51,-0.365527109
4.01,-0.026119286
4.51,-0.234649949
5.01,-0.274799402
5.51,-0.23209239
6.01,-0.23622091
6.51,-0.02320877
7.01,0.010426086
7.51,0.047798588
8.01,-0.071210476
8.51,-0.036047179
9.01,0.011512144
9.51,-0.024709245
10.01,-0.185066976
10.51,0.001026037
11.01,-0.203085618
11.51,-0.023987478
12.01,0.049260268
12.51,0.012054112
13.01,-0.036874757
13.51,-0.094226351
14.01,0.019608768
14.51,0.015960905
15.01,-0.029160735
15.51,-0.254243979
16.01,-0.044926093
16.51,-0.010242838
17.01,0.032305646
17.51,-0.180680779
18.01,0.036256605
18.51,0.012359482
19,-0.037902921
0.51,-0.041735064
1.01,-0.317304202
1.51,-0.600180762
2.01,-0.199470883
2.51,-0.356650019
3.01,-0.284836028
3.51,-0.210534567
4.01,-0.32027136
4.51,-0.349402628
5.01,-0.188122391
5.51,-0.158703887
6.01,-0.067743109
6.51,0.14810449
7.01,-0.017789825
7.51,0.139293485
8.01,0.081365934
8.51,0.057940257
9.01,-0.025915405
9.51,-0.089738617
10.01,-0.141395151
10.51,-0.117691576
11.01,-0.111948074
11.51,-0.172821464
12.01,-0.002182942
12.51,-0.105041454
13.01,-0.076406033
13.51,-0.045688762
14.01,-0.097135506
14.51,-0.201582787
15.01,-0.104858346
15.51,-0.10785003
16.01,-0.035045317
16.51,-0.093532491
17.01,-0.143157851
17.51,-0.257446183
18.01,-0.111331057
18.51,-0.26376748
19,-0.27103505
0.51,0.252861208
1.01,-0.238325569
1.51,-0.152527011
2.01,-0.230401833
2.51,-0.302505913
3.01,-0.363450427
3.51,-0.193013184
4.01,-0.176650643
4.51,-0.140982971
5.01,-0.228896459
5.51,-0.153487592
6.01,0.076530329
6.51,-0.034438364
7.01,-0.048477201
7.51,-0.166975034
8.01,0.182975577
8.51,-0.157441654
9.01,-0.189988909
9.51,-0.037948156
10.01,-0.051041677
10.51,-0.046672295
11.01,-0.195399327
11.51,-0.050441755
12.01,0.250673102
12.51,0.33894892
13.01,-0.060196485
13.51,-0.210830805
14.01,0.260418112
14.51,-0.080208064
15.01,0.195816839
15.51,0.466685961
16.01,0.482854291
16.51,0.156051799
17.01,0.306805327
17.51,0.128051349
18.01,0.189279336
18.51,0.157475367
19,0.168560873
0.51,-0.268499296
1.01,-0.458908411
1.51,-0.564129308
2.01,-0.368031472
2.51,-0.34097096
3.01,-0.353565361
3.51,-0.465414034
4.01,-0.457875839
4.51,-0.365215862
5.01,-0.420661974
5.51,-0.146709111
6.01,0.011041773
6.51,0.188590698
7.01,0.134926615
7.51,-0.118548145
8.01,-0.182671016
8.51,-0.068843811
9.01,-0.149916284
9.51,-0.040220191
10.01,-0.093564633
10.51,-0.311034061
11.01,-0.271955744
11.51,-0.155918747
12.01,-0.043761232
12.51,-0.203408103
13.01,-0.041182623
13.51,0.030966474
14.01,-0.025919155
14.51,0.000533699
15.01,-0.028225792
15.51,-0.140587294
16.01,-0.079441648
16.51,-0.39527359
17,0.060630331
0.5,0.150817384
1,0.10719609
1.5,0.147923716
2,0.170774364
2.5,0.406655577
3,0.41333666
4,0.373439804
4.5,0.511895031
5,0.82204498
5.5,0.533294562
6,0.120691548
6.5,-0.056242979
7,0.059556652
7.5,0.256249714
8,-0.08289668
8.5,-0.004821874
9,0.196244691
9.5,0.432024521
10,0.339743126
10.5,0.37049612
11,0.540403115
11.5,0.394930861
12,0.496809561
12.5,0.460885434
13,0.486255715
13.5,0.072612366
14,0.037600125
14.5,0.01162381
15,0.182405745
15.5,0.548485937
16,0.661886855
16.5,0.332134271
17,0.526236196
17.5,0.568150914
18,0.904880204
18.5,0.702136926
19,1.007658411
19.5,0.744181384
20,-0.184133251
20.5,0.443345108
21,0.585831434
21.5,0.382726658
22,0.730395479
22.5,0.536976247
23,-0.079530701
23.5,-0.019063861
24,0.241597102
24.5,0.172701299
25,0.141009959
0.51,-2.11197724
1.01,-0.162543446
1.51,-0.520127458
2.01,-0.299340094
2.51,0.001361582
3.01,-0.017805044
3.51,0.100359903
4.01,-0.286966727
4.51,-0.437951052
5.01,-0.098691
5.51,0.096266048
6.01,0.273282233
6.51,0.028720823
7.01,0.125399258
7.51,-0.062290244
8.01,0.229020162
8.51,0.220869307
9.01,0.521206806
9.51,0.259329886
10.01,0.557709562
10.51,0.375806053
11.01,0.517723878
11.51,0.391690913
12.01,0.553538802
12.51,0.33500074
13.01,0.54100247
13.51,0.460609333
14.01,0.404634513
14.51,0.651788895
15.01,0.357555327
15.51,0.435885446
16.01,0.600800412
16.51,0.520912802
17.01,0.477983638
17.51,0.5843232
18.01,0.449198343
18.51,0.350976715
19.01,0.449349411
19.51,0.569807258
20.01,0.475130281
20.51,0.461580919
21.01,0.474356881
21.51,0.454914746
22.01,0.574716409
22.51,0.197218724
23.01,0.60452048
23.51,0.650501813
24.01,0.466606803
24.51,0.793896881
25.01,0.428102352
25.51,0.204011258
26.01,0.564794167
26.51,0.523549686
27,0.645586168
0.51,0.591220693
1.01,0.447967506
1.51,0.744956731
2.01,0.851369485
2.51,0.84523283
3.01,-0.650667961
3.51,-0.683614947
4.01,-0.591486248
4.51,-0.740380301
5.01,-0.024624479
5.51,0.011556048
6.01,-0.156332225
6.51,-0.286413833
7.01,0.316570276
7.51,0.322238237
8.01,0.553893777
8.51,0.355347359
9.01,0.422157379
9.51,0.237479787
10.01,-0.208632109
10.51,0.423326725
11.01,0.607212744
11.51,0.491050687
12.01,0.632367223
12.51,0.560086702
13.01,0.911736555
13.51,0.216609988
14.01,0.60313935
14.51,0.63476311
15.01,0.613593408
15.51,0.736775103
16.01,0.300031744
16.51,0.700089876
17.01,0.475330447
17.51,0.477771385
18.01,0.224246854
18.51,-0.027263606
19.01,0.385679143
19.51,0.49302715
20.01,0.19202404
20.51,0.04930028
21.01,0.617828408
21.51,0.610690476
22.01,0.528454463
22.51,0.496134828
23.01,0.534456503
23.51,0.923588581
24.01,0.460533804
24.51,0.774396378
25.01,0.554450929
25.51,0.48413938
26.01,0.460632748
26.51,0.625450266
27,0.353594765
0.51,-0.838569215
1.01,-0.426464442
1.51,-0.691761431
2.01,-0.483496171
2.51,-0.165845381
3.01,0.021340267
3.51,0.189715776
4.01,0.030721521
4.51,-0.533956237
5.01,0.028418785
5.51,-0.254067836
6.01,-0.013015341
6.51,-0.450740939
7.01,-0.167189435
7.51,0.544672945
8.01,0.600156457
8.51,0.235768202
9.01,0.360491748
9.51,0.481231445
10.01,0.602769491
10.51,0.582004877
11.01,0.343050167
11.51,0.364354695
12.01,0.610442792
12.51,0.307781065
13.01,0.525952091
13.51,0.375988062
14.01,0.418273661
14.51,0.494483709
15.01,0.51746409
15.51,0.474522712
16.01,0.544967546
16.51,0.508679291
17.01,0.56792088
17.51,0.612444633
18.01,0.657597635
18.51,0.511178157
19.01,0.484800326
19.51,0.671783376
20.01,0.548166973
20.51,0.439291919
21.01,0.597443928
21.51,0.358068213
22.01,0.316218979
22.51,0.429124944
23.01,0.552845565
23.51,0.682473198
24.01,0.984058716
24.51,0.627186825
25.01,0.55732728
25.51,0.778707036
26.01,0.737228914
26.51,0.785852459
27.01,0.908821256
27.51,0.708982842
28.01,0.684298508
28.51,0.830552724
29,0.798939166
0.51,0.553897623
1.01,0.66959609
1.51,0.632813622
2.01,-0.070961678
2.51,0.056720627
3.01,-0.033182361
3.51,-0.019630153
4.01,-0.058892867
4.51,-0.054116082
5.01,-0.032245462
5.51,0.226494194
6.01,-0.205744451
6.51,0.393933245
7.01,0.141494509
7.51,0.121254894
8.01,0.135272429
8.51,0.09590966
9.01,0.205020912
9.51,0.210710428
10.01,-0.072815746
10.51,0.052271418
11.01,0.114257832
11.51,0.303171659
12.01,-0.051800777
12.51,0.115653224
13.01,-0.121571111
13.51,-0.053988784
14.01,-0.146771308
14.51,0.09220546
15.01,0.113818793
15.51,0.151632298
16.01,-0.05223291
16.51,0.09095803
17.01,0.080419459
17.51,0.154383546
18.01,0.803079901
18.51,0.128269608
19.01,0.83636762
19.51,0.514284433
20.01,0.776703635
20.51,0.597463243
21.01,0.600295605
21.51,0.532065995
22.01,0.405734293
22.51,0.246223635
23.01,0.519253561
23.51,0.311450319
24,0.094189063
0.51,0.449836589
1.01,0.675532474
1.51,0.712497249
2.01,-0.920009786
2.51,-0.975783479
3.01,-0.952081393
3.51,-0.614958816
4.01,0.044471053
4.51,0.104273989
5.01,0.087658458
5.51,0.122519108
6.01,-0.007772759
6.51,0.103916106
7.01,0.020906132
7.51,0.227326759
8.01,0.843660399
8.51,0.113767038
9.01,-0.155418724
9.51,-0.061092263
10.01,0.540225403
10.51,0.514301489
11.01,0.591268114
11.51,0.432772017
12.01,1.040000184
12.51,0.306274495
13.01,0.352077394
13.51,0.209414379
14.01,0.653063133
14.51,0.308328711
15.01,0.308630156
15.51,0.532605191
16.01,0.723646674
16.51,0.568181106
17.01,0.387915694
17.51,0.333931969
18.01,0.129621018
18.51,0.353839343
19.01,0.407525548
19.51,0.554401678
20.01,0.293361048
20.51,0.542539656
21.01,0.222932009
21.51,0.44691933
22.01,0.075775015
22.51,0.596846204
23.01,1.051440598
23.51,0.167205675
24,0.31625355
0.1,0.550097351
0.5,-0.29959705
1,-0.092495353
1.5,0.147940254
2,0.062693098
2.5,0.004751224
3,-0.090221225
3.5,0.098423802
4,0.092043749
4.5,-0.048287636
5,-0.284406186
5.5,-0.243397631
6,-0.163872953
6.5,-0.251278408
7,-0.010651773
7.5,-0.087288118
8,-0.294797391
8.5,-0.156005559
9,-0.212935136
9.5,0.178681771
10,-0.036865684
10.5,0.050923966
11,-0.204385517
11.5,-0.213475351
12,-0.106843588
12.5,-0.080251379
13,0.026944297
13.5,0.208650783
14,0.083297726
14.5,0.22225957
15,0.124289579
15.5,0.142760404
16,0.092117771
16.5,0.086668993
17,0.134879105
17.5,0.172778662
18,0.110689872
18.5,0.088883409
19,0.342222593
0.51,-0.3044195
1.01,0.010141321
1.51,0.014967493
2.01,0.041178746
2.51,0.136725786
3.01,0.001553263
3.51,0.055346604
4.01,-0.068209004
4.51,-0.116508668
5.01,-0.011428211
5.51,-0.079153527
6.01,-0.367627755
6.51,-0.156885097
7.01,-0.010028335
7.51,-0.251873349
8.01,0.123640626
8.51,0.178292858
9.01,0.056533208
9.51,0.148917825
10.01,0.054632405
10.51,-0.17955946
11.01,-0.153838629
11.51,-0.190749311
12.01,-0.099442928
12.51,-0.001571989
13.01,0.150065619
13.51,0.171442733
14.01,0.327394322
15.01,0.598677672
15.51,0.561603736
16.01,-0.011170895
16.51,0.121369042
17.01,0.483441208
17.51,0.654003965
18.01,0.806897159
18.51,0.690963509
19,0.279001787
0.51,0.240610375
1.01,0.275107677
1.51,0.275201636
2.01,0.07293365
2.51,0.277948994
4.01,1.398319316
4.51,1.514634566
5.01,1.815938888
6.01,0.061444158
6.51,0.157287113
7.01,0.086887528
7.51,0.231973743
8.01,0.050589645
8.51,0.039173904
9.01,-0.123352261
9.51,0.116798368
10.01,0.435934315
10.51,0.063788417
11.01,-0.02770228
11.51,0.13881654
12.01,0.179968983
12.51,0.195716774
13.01,0.29276478
13.51,0.299999965
14.01,0.230391008
14.51,0.138887801
15.01,0.150311589
15.51,0.227049832
16.01,0.386835932
16.51,0.354502568
17.01,0.187406329
17.51,0.01536246
18.01,-0.025962796
18.51,0.352199216
19.01,0.489552608
19.51,0.36928824
20.01,0.369803566
20.51,0.5062659
21.01,0.402716194
21.51,0.335988937
22.01,0.425050296
22.51,0.480366599
23,0.389467758
0.51,-0.839294969
1.01,-0.665443797
1.51,-0.68179746
2.01,-0.326996602
2.51,-0.501516701
3.01,-0.264149491
3.51,0.068397901
4.01,0.007659393
4.51,0.260214137
5.01,0.263683425
5.51,0.166654659
6.01,0.081259103
6.51,0.126829025
7.01,0.045778394
7.51,0.302384129
8.01,0.209904943
8.51,0.33628945
9.01,0.29041586
9.51,0.404331054
10.01,0.062760124
10.51,0.463998814
11.01,-0.23192964
11.51,0.097144994
12.01,-0.073591325
12.51,0.014620357
13.01,0.157323488
13.51,0.459291798
14.01,0.271914647
14.51,0.429032238
15.01,0.453444735
15.51,0.194474428
16.01,0.455048344
16.51,0.488924183
17,0.500365855
0.51,0.27274284
1.01,0.950660051
1.51,0.655458604
2.01,0.114713969
2.51,0.333358047
3.01,-0.985054482
3.51,-1.005416848
4.01,0.055674672
4.51,0.215710447
5.01,0.214296033
5.51,0.159138209
6.01,-0.079818624
6.51,-0.220625141
7.01,0.37302855
7.51,0.409783984
8.01,0.78970572
8.51,0.115408844
9.01,0.09404226
9.51,0.212937208
10.01,-0.129278069
10.51,0.286834
11.01,0.72840825
11.51,0.437855999
12.01,0.210078476
12.51,0.117370589
13.01,-0.056622474
13.51,0.045724887
14.01,0.075324646
14.51,0.303399883
15.01,0.451733808
15.51,0.422428229
16.01,0.436422549
16.51,0.468738037
17.01,0.267678401
17.51,0.363953368
18.01,0.009461111
18.51,0.373409317
19.01,0.1467069
19.51,0.209683284
20.01,0.150330502
20.51,0.128963156
21.01,0.257390823
21.51,0.091490012
22.01,0.148345056
22.51,0.250915126
23.01,0.687128116
23.51,0.563531893
24,0.885492167
0.51,-0.327327179
1.01,-0.089113223
1.51,0.016276487
2.01,0.142187082
2.51,0.232638384
3.01,0.287965422
3.51,0.316004536
4.01,0.234610161
4.51,0.145617859
5.01,-0.327379777
5.51,0.015870078
6.01,0.316741082
6.51,0.373479694
7.01,0.238461297
7.51,0.527989814
8.01,0.757926555
8.51,0.018247476
9.01,0.037391697
9.51,-0.113733418
10.01,0.003115516
10.51,0.16653037
11.01,-0.003884116
11.51,0.133467046
12.01,0.320599314
12.51,0.455479729
13.01,0.381245526
13.51,0.386257738
14.01,0.310151815
14.51,0.250144029
15.01,0.74419961
15.51,0.279270947
16.01,0.406839988
16.51,0.511629423
17.01,0.302170103
17.51,0.180076908
18.01,0.503156857
18.51,0.766918107
19,0.556115545
0.1,-0.627526551
0.5,-0.080226156
1.5,-0.321095162
2,-0.233564981
2.5,-0.253503262
3,0.340473937
3.5,0.317986907
4,-0.310536418
4.5,0.040692502
5,0.239074469
5.5,-0.053554021
6,0.165807808
6.5,0.064430294
7,-0.114075922
7.5,-0.438034024
8,0.123285058
8.5,-0.021857851
9,-0.226115223
9.5,0.168001103
10,-0.004068586
10.5,0.002200542
11,0.367411913
11.5,0.159981606
12,0.227556405
12.5,0.279136361
13,0.246809659
13.5,0.185459478
14,0.050331869
14.5,-0.228132054
15,-0.13833069
15.5,0.450726102
16,0.188670963
16.5,0.5143448
17,0.593372177
17.5,-0.082881766
18,-0.308145313
18.5,-0.288242035
19,-0.385118225
0.51,0.659111958
1.01,-0.280427516
1.51,-0.196814411
2.01,0.283597372
2.51,0.34952111
3.01,-0.595908895
3.51,-0.50275382
4.01,-0.135476621
4.51,-0.146513481
5.01,-0.085518302
5.51,-0.170732388
6.01,-0.100975288
6.51,-0.109342072
7.01,0.459316485
7.51,0.400932294
8.01,0.555403966
8.51,0.535489833
9.01,-0.372661404
9.51,-0.271871945
10.01,-0.184273105
10.51,-0.079632552
11.01,-0.617065514
11.51,-0.380939909
12.01,-0.56027646
12.51,0.358550019
13.01,0.425454481
13.51,0.314039706
14.01,0.327814422
14.51,0.178190348
15.01,0.20553674
15.51,0.110558997
16.01,0.117771658
16.51,0.197123342
17.01,0.162321793
17.51,0.158638209
18.01,0.252636529
18.51,0.258132427
19,0.383610237
0.1,1.246244971
1.5,0.97787542
2,1.172067526
2.5,-0.45065028
3,-0.335457454
3.5,-0.33014177
4,-0.085703514
4.5,-0.000936603
5,0.055326621
5.5,0.035152224
6,-0.061050463
6.5,-0.273106695
7,0.477245823
7.5,0.01581136
8,0.313848932
8.5,0.193826136
10,0.379584707
10.5,0.136909969
11,0.244286142
11.5,0.118338055
12,0.342106051
12.5,0.130408651
13,0.256203284
13.5,0.366154492
14,0.341300502
14.5,0.376961784
15,0.101717558
15.5,0.248589299
16,0.150023174
16.5,0.111250181
17,0.263054801
17.5,0.257645034
18,0.22855856
18.5,0.326776384
19,0.31756814
0.1,0.671620831
0.5,1.069526966
1,1.217128779
1.5,1.406558638
2,-0.433727998
2.5,0.1023363
3,-0.858145245
3.5,-0.049165097
4,0.151874271
4.5,0.102624553
5,0.438960687
5.5,0.864757466
6,0.500897755
6.5,0.455518087
7,0.120795243
7.5,0.056481781
8,0.029888476
8.5,0.174632055
9,0.266417222
9.5,0.17928132
10,0.311731251
10.5,0.196149585
11,-0.042706835
11.5,0.137104459
12,0.059307224
12.5,0.264583941
13,-0.249480714
13.5,0.426902132
14,0.412086758
14.5,0.057651089
15,0.065131347
15.5,0.339381429
16,0.262500429
16.5,0.145126874
17,0.10758556
17.5,0.355219608
18,0.797853086
0.1,-0.583761338
0.5,-0.079508493
1,0.177654593
1.5,0.295997627
2,-0.087889048
2.5,0.04703218
3,0.139861005
3.5,-0.088566999
4,0.079215957
4.5,-0.202684861
5,-0.071839664
5.5,-0.028395737
6,-0.217656963
6.5,0.101474882
7,-0.233803891
7.5,-0.195167518
8,0.124335542
8.5,0.296724978
9,0.138266479
9.5,-0.08661587
10,0.090771756
10.5,-0.093992647
11,0.067088372
11.5,0.406816811
12,0.497121127
12.5,0.096907645
13,0.757084006
13.5,0.685547373
14,0.442456626
14.5,0.636383285
15,0.570698599
15.5,0.073641143
16,0.111508571
16.5,0.500374224
17,-0.018619694
17.5,0.116127991
18,0.44377065
18.5,0.522004889
19,0.064393405
19.5,0.144528012
20,0.104473032
20.5,0.661458096
21,0.672233391
21.5,0.633828261
22,-0.091715035
22.5,-0.000751872
23,-0.254662297
0.51,0.145209963
1.01,-0.104663799
1.51,0.088560595
2.01,-0.043641245
2.51,0.077690861
3.01,-0.08850679
3.51,0.012648268
4.01,0.134396223
4.51,-0.12571223
5.01,0.01864623
5.51,-0.130978999
6.01,-0.237783104
6.51,-0.229384186
7.01,-0.229034875
7.51,-0.177055577
8.01,-0.218437896
8.51,-0.123115533
9.01,-0.30007176
9.51,-0.089140689
10.01,0.146247032
10.51,0.256857157
11.01,0.109678423
11.51,0.105759152
12.01,-0.047314795
12.51,0.233602159
13.01,-0.313445562
13.51,0.145935416
14.01,0.220952621
14.51,0.371493504
15.01,0.361011978
15.51,0.271962953
16.01,0.171878669
16.51,0.301244358
17,0.730104342
0.51,0.542844774
1.01,0.606835509
1.51,0.504384288
2.01,-0.09953853
2.51,0.370675056
3.01,0.29697664
3.51,0.275738643
4.01,0.124410789
4.51,0.774850613
5.01,0.755870172
5.51,0.592055166
6.01,0.487762834
6.51,0.494287238
7.01,0.108935144
7.51,-0.113169222
8.01,0.061877509
8.51,0.62187185
9.01,0.001242836
9.51,0.02058598
10.01,-0.521290102
10.51,-0.240593587
11.01,0.091190503
11.51,-0.452790603
12.01,-0.608626075
12.51,-0.063991848
13.01,-0.001514692
13.51,-1.277271531
14.01,-1.79256992
14.51,-1.555455701
15.01,-1.366829045
15.51,0.381818009
16.01,0.308518091
16.51,-0.466983214
17.01,-0.245286555
17.51,-0.055751526
18.01,0.018260297
18.51,0.721208683
19.01,0.199508468
19.51,0.165928779
20.01,0.355332432
20.51,0.221575223
21.01,0.605838344
21.51,0.244931339
22.01,0.475424709
22.51,0.468551072
23.01,0.683958399
23.51,1.267346422
24.01,0.265134616
24.51,0.420926514
25.01,0.454487688
25.51,0.794058993
26.01,1.071647263
26.51,0.761258718
27.01,0.473190299
27.51,0.619110274
28.01,0.779543226
28.51,0.753656657
29,0.727244682
1.51,0.039245185
2.01,0.200185246
2.51,-0.137142382
3.01,0.117332391
3.51,0.558392183
4.01,0.556461643
4.51,0.978563289
5.01,-0.405009753
5.51,0.439191851
6.01,-0.283379073
6.51,0.43175513
7.01,-0.156911303
7.51,0.535768885
8.01,0.344611362
8.51,0.683483497
9.01,0.156355767
9.51,0.098186796
10.01,0.821781014
10.51,1.030383933
11.01,0.515621026
11.51,0.573512377
12.01,0.681451239
12.51,0.435769624
13.01,0.765600982
13.51,0.778759555
14.01,-0.08692544
14.51,0.256419107
15.01,0.665822544
15.51,0.488974285
16.01,0.320074203
16.51,0.397063287
17.01,0.606096114
17.51,1.054426921
18.01,0.852284274
18.51,0.705179972
19.01,-0.130879424
19.51,-0.155514508
20.01,-0.392254512
20.51,0.659844321
21.01,0.061256897
21.51,0.275822563
22.01,0.301816971
22.51,0.54496153
23.01,0.342654142
23.51,0.450406049
24.01,0.800378934
24.51,0.844997493
25.01,0.743756539
25.51,0.519286563
26.01,1.129804197
26.51,0.579606659
27.01,0.650941305
27.51,0.695041469
28.01,0.146439765
28.51,1.234144784
29,0.835108295
0.51,0.165472901
1.01,-0.831668823
1.51,-0.841336019
2.01,-0.689363797
2.51,-0.580003613
3.01,-0.441104053
3.51,-0.603784619
4.01,0.081914755
4.51,0.168132966
5.01,0.005694432
5.51,-0.200698904
6.01,0.544931978
6.51,0.525904843
7.01,0.083338811
7.51,-0.01248867
8.01,-0.154497741
8.51,-0.203568347
9.01,-0.133902854
9.51,-0.103943973
10.01,0.180016126
10.51,-0.072643576
11.01,-0.160408003
11.51,-0.146820893
12.01,0.667336853
12.51,0.638103467
13.01,0.494668912
13.51,0.375785158
14.01,0.117066821
14.51,-0.078204534
15.01,0.450977092
15.51,0.183473951
16,0.291971947
0.51,-1.668733422
1.01,-1.196822384
1.51,-1.325810217
2.01,0.040559965
2.51,-0.180253977
3.01,0.162842307
3.51,0.731197418
4.01,0.372347612
4.51,0.276518138
5.01,-0.06140785
5.51,0.112525709
6.01,0.075213244
6.51,0.133738655
7.01,0.749814549
7.51,0.60113881
8.01,0.05066556
8.51,0.485094834
9.01,0.348814689
9.51,0.561546293
10.01,0.610310013
10.51,0.878707988
11.01,0.451719626
11.51,0.979513894
12.01,0.978979693
12.51,0.619589647
13.01,1.550555146
13.51,-0.278661965
14.01,0.56958147
14.51,1.160462412
15.01,0.56677746
15.51,0.555362013
16.01,0.683023055
16.51,1.11127251
17.01,0.787306003
17.51,0.714551221
18.01,0.212182465
18.51,0.84907206
19.01,0.782690773
19.51,1.012061119
20.01,0.990314393
20.51,0.995301671
21.01,0.43328689
21.51,0.639672967
22.01,1.288158219
22.51,1.145941597
23.01,0.573378341
23.51,0.761725014
24,0.874961113
0.51,-0.723867104
1.01,-0.482036104
1.51,-0.838696392
2.01,0.169967606
2.51,0.488884655
3.01,-0.595526319
3.51,-0.539327635
4.01,-0.3722796
4.51,-0.389728691
5.01,1.152539709
5.51,0.471350224
6.01,-0.045377522
6.51,0.134683505
7.01,0.004410988
7.51,-0.006362432
8.01,0.114026766
8.51,-0.233497627
9.01,-0.226561325
9.51,-0.153161447
10.01,0.009673445
10.51,0.276578191
11.01,0.153487183
11.51,0.107480267
12.01,-0.01853903
12.51,-0.212052043
13.01,-0.225794317
13.51,-0.213492999
14.01,-0.093431174
14.51,0.385209232
15.01,0.559687888
15.51,-0.138034539
16.01,-0.118477134
16.51,-0.081148427
17.01,0.020639576
17.51,-0.125338678
18.01,0.176617375
18.51,0.17944212
19.01,0.432238485
19.51,0.485286947
20.01,0.690053691
20.51,0.582362174
21.01,1.607485359
21.51,1.047391908
22.01,0.867888934
22.51,0.712442071
23,0.275891249
0.51,-0.9545188
1.01,-0.626822664
1.51,-0.56832634
2.01,-0.282629165
2.51,-0.46758854
3.01,-0.056811689
3.51,-0.174530205
4.01,-0.116872021
4.51,-0.109231641
5.01,-0.088695401
5.51,-0.165682458
6.01,-0.166964559
6.51,0.030248879
7.01,0.017169682
7.51,-0.088538118
8.01,0.20547541
8.51,0.13354435
9.01,0.199905844
9.51,0.27283569
10.01,0.317941696
10.51,-0.214858374
11.01,0.297376944
11.51,0.27170788
12.01,0.345365184
12.51,0.140121424
13.01,0.227144982
13.51,0.299859729
14.01,0.370723862
14.51,0.250279619
15.01,0.431642235
15.51,0.27838096
16.01,0.602070538
16.51,0.380553354
17.01,0.355726116
17.51,0.333019937
18.01,0.459591412
18.51,0.332128925
19.01,0.293502278
19.51,0.473760321
20,0.665816055
0.1,-0.662779234
0.5,0.087915605
1,0.342859708
1.5,0.332567884
2,0.06900433
2.5,-0.237864066
3,0.02211243
3.5,-0.022532352
4,-0.2742561
4.5,-0.076379523
5,0.206659326
5.5,-0.011284529
6,0.202991797
6.5,0.228839839
7,0.267472768
7.5,0.368460505
8,0.243575504
8.5,0.100914012
9,0.01866175
9.5,-0.026144636
10,0.09661776
10.5,0.106468847
11,0.086127958
11.5,0.079311522
12,-0.105327343
12.5,-0.097804447
13,0.531928575
13.5,-0.081706052
14,0.349184067
14.5,0.259311929
15,-0.022064017
15.5,0.244974644
16,-0.065685857
16.5,-0.112841585
17,-0.257414651
17.5,-0.127203541
18,0.138639496
18.5,-0.005691168
19,0.187734773
19.5,0.085757487
20,-0.292263077
20.5,-0.053775935
21,0.773796732
21.5,1.11226385
22.5,0.447369547
23,0.896939162
23.5,0.970831166
24,1.30839413
24.5,0.639190245
25,0.741297521
25.5,0.701308352
26,0.581106046
0.51,1.023757107
1.01,1.30943894
1.51,1.247507449
2.01,-0.163422109
2.51,-0.268562549
3.01,-0.651271664
3.51,-0.444961015
4.01,-0.27605823
4.51,-0.441048719
5.01,-0.339371814
5.51,-0.280038642
6.01,-0.197214682
6.51,-0.312875281
7.01,-0.130019386
7.51,-0.206388734
8.01,-0.04053644
8.51,0.036115584
9.01,-0.321472719
9.51,-0.283611564
10.01,0.131539602
10.51,0.370507222
11.01,0.342247642
11.51,0.232854922
12.01,0.099498981
12.51,0.090621489
13.01,0.216421518
13.51,0.299353599
14.01,0.177745595
14.51,0.083986505
15.01,0.078943926
15.51,0.565917121
16.01,0.199378368
16.51,0.189824448
17,0.162980043
0.51,0.246798872
2.01,0.070182332
2.51,0.259271096
3.01,0.174998788
3.51,0.09467511
4.01,0.079080984
4.51,0.343134087
5.01,-0.029896856
5.51,0.009470284
6.01,-0.533205535
6.51,-0.307008733
7.01,-0.39066486
7.51,-0.541634086
8.01,-0.417853222
8.51,-0.25038744
9.01,0.16047212
9.51,-0.087069677
10.01,0.029600936
10.51,0.236880454
11.01,0.234726614
11.51,0.383263625
12.01,0.259426095
12.51,-0.034381546
13.01,-0.122568815
13.51,-0.369651034
14.01,-0.08028672
14.51,0.074454877
15.01,-0.018807695
15.51,-0.032810317
16.01,-0.074453621
16.51,0.12623663
17.01,-0.008038866
17.51,-0.165476521
18.01,0.322591245
18.51,0.090362688
19.01,-0.007360199
19.51,0.055657172
20.01,0.071640604
20.51,0.119893847
21.01,0.411818574
21.51,1.49034197
22.01,0.98291043
22.51,0.457149281
23,1.199970876
1.51,0.170858922
2.01,0.069149376
2.51,0.0369265
3.01,-0.196103149
3.51,-0.172440292
4.01,-0.304204533
4.51,-0.360966561
5.01,-0.225711368
5.51,-0.156578749
6.01,-0.006830894
6.51,0.144076534
7.01,-0.15416253
7.51,-0.343775099
8.01,-0.342806599
8.51,-0.212476081
9.01,-0.192421746
9.51,-0.207048457
10.01,0.679061057
10.51,0.081946826
11.01,0.351257645
11.51,0.370395304
12.01,0.179714824
12.51,0.214355463
13.01,0.247761238
13.51,0.245553097
14.01,0.451023773
14.51,-0.046672759
15.01,-0.043414094
15.51,-0.092466228
16.01,-0.111473576
16.51,-0.248396074
17.01,-0.079477612
17.51,0.376863598
18.01,0.239025868
18.51,0.261033104
19.01,0.352203892
19.51,0.196575144
20.01,0.074339613
20.51,-0.015410518
21.01,0.085622974
21.51,-0.074312581
22.01,-0.218766436
22.51,-0.001019311
23.01,0.487098308
23.51,1.297304783
24.01,0.900835734
24.51,0.93540558
25.01,0.895110115
25.51,0.742186158
26.01,1.089282321
26.51,1.001899244
27.01,0.325055043
27.51,0.128207789
28.01,0.775695883
28.51,0.489219653
29,0.709637947
0.51,-1.301522337
1.01,-1.054671235
1.51,-1.148107169
2.01,-0.282849646
2.51,-0.222652651
3.01,-0.00275122
3.51,0.200089303
4.01,1.055342625
4.51,1.111212099
5.01,1.026013983
5.51,0.785227322
6.01,0.68203906
6.51,0.502303873
7.01,0.51540914
7.51,0.674532838
8.01,0.583677128
8.51,0.510484712
9.01,0.94704119
9.51,0.375534631
10.01,0.14164501
10.51,0.574020332
11.01,0.175179097
11.51,0.171100473
12.01,0.296210052
12.51,0.214766108
13.01,0.248041078
13.51,0.302191825
14.01,0.51957114
14.51,0.354641706
15.01,0.303323375
15.51,0.083560014
16.01,0.592339547
16.51,0.438780266
17.01,0.666235156
17.51,0.701432014
18,0.182521751
0.51,0.154798946
1.01,0.317178734
1.51,0.287771308
2.01,0.144557908
2.51,-0.142711972
3.01,-0.036310398
3.51,0.091236304
4.01,0.003914067
4.51,0.045086976
5.01,0.298768683
5.51,0.207745943
6.01,0.239336735
6.51,0.24294229
7.01,0.162470458
7.51,0.118656063
8.01,0.222795221
8.51,-0.108519653
9.01,-0.17920105
9.51,-0.315473955
10.01,0.648589328
10.51,0.068498016
11.01,0.084249781
11.51,0.322450749
12.01,0.275581556
12.51,-0.125085884
13.01,0.023071227
13.51,-0.006768423
14.01,-0.143260262
14.51,0.05235457
15.01,0.032711325
15.51,-0.122574394
16.01,-0.222663553
16.51,-0.251794775
17.01,-0.06281862
17.51,0.19623272
18.01,0.067805938
18.51,-0.033041524
19.01,-0.064970246
19.51,0.235690584
20.01,0.470725509
20.51,1.09175275
21.01,0.834874104
21.51,0.587953322
22.01,0.849006718
22.51,1.01653165
23.01,0.816821202
23.51,0.597368952
24,0.707537785
0.51,-0.133136744
1.01,0.267628159
1.51,0.035722693
2.01,0.053702692
2.51,0.158657977
3.01,0.227645574
3.51,0.411621426
4.01,0.07512091
4.51,0.348084725
5.01,0.46477114
5.51,0.503225348
6.01,0.132083774
6.51,0.213943455
7.01,0.42279368
7.51,0.429551641
8.01,0.478247735
8.51,0.090238125
9.01,0.374783788
9.51,0.063873078
10.01,0.542807015
10.51,0.261849606
11.01,0.727414507
11.51,0.289697785
12.01,0.162225949
12.51,0.163947006
13.01,0.294006602
13.51,0.340135218
14.01,0.438314569
14.51,0.266013397
15.01,0.585361997
15.51,0.320414744
16.01,0.398329034
16.51,0.350483444
17.01,0.176863869
17.51,0.270675455
18.01,0.35145412
18.51,0.450726395
19.01,0.748705971
19.51,0.577674949
20.01,1.048398135
20.51,0.48496342
21,0.536513278
0.51,-0.309017438
1.01,0.234727883
1.51,0.193973451
2.01,-0.698390494
2.51,-0.621625605
3.01,-0.785802418
3.51,-0.742850756
4.01,0.980120409
4.51,1.033178449
5.01,0.157509849
5.51,0.114702307
6.01,-0.242882471
6.51,0.176589493
7.01,-0.160090797
7.51,-0.016083674
8.01,-0.115962276
8.51,0.021376006
9.01,0.123372544
9.51,0.879499677
10.01,0.734449801
10.51,0.771168683
11.01,0.487165634
11.51,0.633612523
12.01,1.042259516
12.51,0.589629263
13.01,0.394076898
13.51,0.368854244
14.01,0.210204191
14.51,0.354921529
15,0.125968518
0.51,-0.057688658
1.01,-0.072133319
1.51,-0.366705517
2.01,-0.066365106
2.51,-0.112398842
3.01,0.513253592
3.51,0.28810852
4.01,0.331271346
4.51,0.09348095
5.01,0.016160258
5.51,0.138747875
6.01,0.462431221
6.51,-0.203398112
7.01,-0.363730628
7.51,-0.147692514
8.01,1.18209265
8.51,0.752513011
9.01,0.630225464
9.51,0.546747753
10.01,-0.01332944
10.51,0.110217104
11.01,0.34059175
11.51,0.355771036
12.01,0.435575724
12.51,0.146478795
13.01,0.178861796
13.51,0.596276183
14.01,0.650982051
14.51,0.223495374
15.01,0.666691588
15.51,0.457791756
16.01,0.504216148
16.51,0.48636245
17.01,0.376246841
17.51,0.418677571
18.01,0.342690434
18.51,0.116157257
19.01,0.310919753
19.51,0.543529971
20.01,0.23409143
20.51,0.409556718
21.01,0.471201088
21.51,0.544389019
22.01,0.328216291
22.51,0.27367118
23.01,0.276396436
23.51,0.655798061
24,0.823677627
0.51,-0.322028487
1.01,0.088807536
1.51,0.271588755
2.01,-0.866565867
2.51,-0.928921079
3.01,0.14179133
3.51,0.179671939
4.01,-0.096129295
4.51,0.026242553
5.01,-0.10380917
5.51,-0.014085507
6.01,-0.164227533
6.51,-0.271299424
7.01,0.129014429
7.51,0.004993811
8.01,-0.127123262
8.51,-0.202821156
9.01,-0.076899005
9.51,-0.014126238
10.01,-0.194588888
10.51,-0.033206522
11.01,-0.184141348
11.51,-0.049954617
12.01,1.159130932
12.51,1.558695913
13.01,0.50008574
13.51,0.409591111
14.01,0.334420664
14.51,0.306431628
15.01,0.74789826
15.51,0.628413274
16.01,1.213920014
16.51,1.10537357
17.01,0.718898304
17.51,0.850254807
18.01,-0.256415995
18.51,-0.383836265
19,-0.398077867
0.51,0.153931491
1.01,0.582813236
1.51,0.169130599
2.01,-0.041301348
2.51,-0.070313234
3.01,-0.210392491
3.51,-0.325658404
4.01,-0.120175526
4.51,0.111353345
5.01,-0.033615407
5.51,0.357662758
6.01,0.295507585
6.51,0.319720542
7.01,0.823987455
7.51,0.696251338
8.01,0.465504299
8.51,0.637627685
9.01,0.88179208
9.51,0.604710324
10.01,0.297242369
10.51,0.227382622
11.01,0.194624553
11.51,0.262040259
12.01,0.23348188
12.51,0.090151196
13.01,0.237793263
13.51,0.192952167
14.01,0.251884871
14.51,0.194820077
15.01,0.167438484
15.51,0.292894311
16.01,0.344618903
16.51,0.338146874
17.01,0.482821193
17.51,0.821139181
18.01,0.324782148
18.51,-0.000568616
19.01,0.705633877
19.51,0.957081923
20,1.031796252
0.51,0.547704964
1.01,-1.047969519
1.51,0.053093692
2.01,0.091537287
2.51,0.589219067
3.01,0.376547869
3.51,0.290767391
4.01,0.316232125
4.51,0.131643533
5.01,0.604728095
5.51,0.450264015
6.01,0.396400192
7.01,0.360886455
7.51,-0.068811593
8.01,0.456748217
11.51,0.580732142
12.01,0.401655692
12.51,0.243318293
13.01,0.708991628
13.51,0.971385631
14.01,0.632862756
14.51,0.598527905
15,0.522021938
0.51,-0.46318518
1.01,-0.101722743
1.51,-0.116321654
2.01,-0.14450033
2.51,0.093051549
3.01,-0.142686008
3.51,-0.145167208
4.01,-0.052045577
4.51,0.010319353
5.01,0.021071741
5.51,0.076911448
6.01,0.036665683
6.51,0.035708716
7.01,0.064709882
7.51,-0.015384009
8.01,0.123039728
8.51,0.110474516
9.01,0.02794789
9.51,-0.014900306
10.01,0.087495306
10.51,-0.204239159
11.01,0.198523097
11.51,0.967530633
12.01,0.656971759
12.51,-0.265253321
13.01,-0.197618842
13.51,0.131957583
14.01,-0.18016669
14.51,-0.119969247
15.01,-0.1885686
15.51,-0.002605097
16.01,-0.330855391
16.51,0.494103872
17.01,-0.218255402
17.51,0.119151719
18.01,-0.286730362
18.51,-0.197005772
19.01,0.502184847
19.51,0.01689673
20.01,0.274509473
20.51,-0.092878003
21.01,-0.182165835
21.51,-0.098071221
22.01,-0.298059349
22.51,-0.031480789
23.01,-0.040315537
23.51,-0.09078298
24.01,-0.201253979
24.51,-0.086832764
25.01,-0.242169349
25.51,-0.075780928
26.01,-0.065093912
26.51,-0.175064996
27,1.043639005
0.51,-0.474362886
1.01,-0.872094585
1.51,-0.772277708
2.01,-0.109916722
2.51,-0.37374218
3.01,-0.234281639
3.51,0.076887757
4.01,-0.003444636
4.51,-0.302781281
5.01,-0.014428773
5.51,-0.072405966
6.01,-0.087742683
6.51,-0.039787544
7.01,0.119953208
7.51,1.089578306
8.01,-0.213742802
8.51,-0.256856202
9.01,-0.329244708
9.51,-0.104503484
10.01,0.008557633
10.51,-0.238282378
11.01,-0.133954838
11.51,-0.132566948
12.01,-0.326789496
12.51,0.049592895
13.01,0.136519457
13.51,0.278739868
14.01,0.332159533
14.51,0.285289292
15.01,0.379412337
15.51,0.294198382
16.01,0.497067261
16.51,0.443050364
17.01,0.389580408
17.51,0.535309313
18.01,0.47400912
18.51,0.185165425
19,0.311833574
0.51,-0.866458098
1.01,-0.426699995
1.51,-0.364996705
2.01,-0.480955835
2.51,-0.068151792
3.01,-0.146359386
3.51,-0.324621336
4.01,0.097134703
4.51,0.014817034
5.01,-0.170839347
5.51,-0.13248562
6.01,0.801483732
6.51,-0.189938841
7.01,0.037343533
7.51,-0.026052731
8.01,-0.029768492
8.51,0.289409439
9.01,-0.319937042
9.51,-0.097512502
10.01,0.012285842
10.51,-0.156417505
11.01,-0.111361549
11.51,-0.22288203
12.01,0.038017836
12.51,0.152870638
13.01,0.182048675
13.51,0.515211801
14.01,0.087460143
14.51,0.117612075
15.01,0.213949499
15.51,0.055712681
16.01,0.149114166
16.51,0.359758046
17.01,0.143556731
17.51,0.362715405
18.01,0.308328284
18.51,0.291397394
19.01,0.357362179
19.51,0.228490358
20.01,0.473285477
20.51,0.405613555
21.01,0.369516751
21.51,0.986558648
22.01,0.773714118
22.51,0.308973076
23.01,0.258470978
23.51,0.269849546
24.01,0.137582827
24.51,0.564002363
25,0.69560059
0.51,-0.131948208
1.01,0.689447355
1.51,-0.378294165
2.01,-0.152946112
2.51,-0.418008085
3.01,-0.501920442
3.51,-0.075219231
4.01,0.004321002
4.51,-1.261044343
5.01,-0.415660188
5.51,-0.01026878
6.01,0.076011557
6.51,-0.118529013
7.01,0.361155021
7.51,0.253180724
8.01,-0.09168574
8.51,0.075835155
9.01,0.608919923
9.51,0.831198426
10.01,0.450393464
10.51,0.23041103
11.01,0.073343636
11.51,-0.075975118
12.01,0.700468893
12.51,0.275412251
13.01,-0.671617269
13.51,0.427007614
14.01,-0.565124462
14.51,0.552371082
15.01,0.898487756
15.51,0.545734242
16.01,0.355523046
16.51,0.854031903
17.01,0.519029214
17.51,0.237097545
18.01,0.039549629
18.51,0.315295068
19.01,0.158869551
19.51,0.016505923
20.01,0.011061056
20.51,-0.075589982
21.01,-0.067550523
21.51,-0.09863041
22.01,-0.071935105
22.51,-0.131140858
23,-0.204178384
0.51,0.904134947
1.01,-0.691702729
1.51,0.83059761
2.01,0.045507335
2.51,-0.308103964
3.01,-0.307368077
3.51,-0.351686587
4.01,-0.2251737
4.51,-0.235392497
5.01,0.115021248
5.51,-0.093584971
6.01,0.252077488
6.51,0.159161861
7.01,0.201924915
7.51,0.464845781
8.01,0.585504978
8.51,0.286211317
9.01,0.201942138
9.51,0.186995284
10.01,-0.276682621
10.51,-0.308802017
11.01,0.616721541
11.51,-0.095538759
12.01,-0.12725493
12.51,-0.038792021
13.01,-0.108086767
13.51,0.087739716
14.01,0.363411416
14.51,0.002209887
15.01,-0.008022996
15.51,0.151019454
16.01,0.240427586
16.51,0.557909986
17.01,0.36520243
17.51,0.409100408
18.01,0.370188146
18.51,0.176141748
19.01,0.395188056
19.51,0.714770228
20.01,0.640613498
20.51,0.233475641
21,0.424352209
0.51,-0.086864044
1.01,-0.205373025
1.51,0.81551416
2.01,0.090439518
2.51,-0.185497274
3.01,-0.326155418
3.51,0.055197762
4.01,0.227663604
4.51,0.149489856
5.01,0.103862402
5.51,0.484732189
6.01,0.249456795
6.51,0.253934348
7.01,0.019830956
7.51,-0.118581119
8.01,-0.150762687
8.51,-0.04602097
9.01,-0.134560611
9.51,0.145600155
10.01,0.163328734
10.51,0.096510407
11.01,0.122439118
11.51,0.142592147
12.01,-0.146379542
12.51,-0.209350409
13.01,-0.156542273
13.51,0.215429243
14.01,0.005860419
14.51,-0.271757545
15.01,-0.278109627
15.51,0.137813385
16.01,0.267565105
16.51,0.749445232
17.01,0.862760452
17.51,0.492602094
18.01,0.231962631
18.51,0.450457786
19.01,0.454645665
19.51,0.365783306
20.01,0.210244191
20.51,-0.239821042
21.01,-0.00539024
21.51,-0.099667529
22.01,-0.201127254
22.51,-0.145026628
23.01,0.026281234
23.51,-0.16901503
24.01,0.074914232
24.51,0.179650654
25.01,0.272541646
25.51,0.11944113
26.01,-0.050341274
26.51,0.11010215
27.01,0.422979298
27.51,0.050639043
28,0.367981518
0.51,-0.092391268
1.01,0.086497044
1.51,0.179763622
2.01,0.393937769
2.51,-0.237253464
3.01,-0.847394366
3.51,-0.717969002
4.01,-0.061494123
4.51,-0.454210918
5.01,-0.249633517
5.51,0.281111342
6.01,-0.209111711
6.51,0.192429867
7.01,0.247965022
7.51,0.670337253
8.01,0.445697901
8.51,0.200614607
9.01,0.790132687
9.51,0.540661695
10.01,0.06145962
10.51,0.405558294
11.01,0.574566555
11.51,0.436872269
12.01,0.508258315
12.51,0.42674201
13.01,0.582095383
13.51,0.559335723
14.01,0.21662919
14.51,0.447091067
15.01,0.185228078
15.51,0.17036271
16.01,0.265807354
16.51,0.345515534
17.01,0.335337592
17.51,0.544911612
18.01,0.471169805
18.51,0.273930414
19,0.039849756
0.51,-0.6907743
1.01,-0.004097935
1.51,0.023025197
2.01,0.021590432
2.51,-0.054076097
3.01,-0.299476632
3.51,0.222087054
4.01,-0.066087063
4.51,-0.10611119
5.01,-0.062226098
5.51,-0.019003094
6.01,-0.200161098
6.51,0.032067798
7.01,-0.237767426
7.51,-0.055050064
8.01,-0.092410254
8.51,-0.04415655
9.01,-0.115341235
9.51,-0.032979446
10.01,-0.148756001
10.51,-0.195888691
11.01,0.074534574
11.51,0.399072828
12.01,-0.021206479
12.51,-0.065245763
13.01,0.00168225
13.51,-0.003732853
14.01,-0.056042593
14.51,0.017281911
15.01,-0.057619161
15.51,-0.017527676
16.01,-0.131598531
16.51,-0.198997626
17.01,-0.129000076
17.51,-0.153068892
18.01,-0.044658198
18.51,-0.042916367
19.01,0.144068505
19.51,0.0157559
20.01,-0.15919135
20.51,-0.126144467
21.01,-0.149931854
21.51,-0.183762172
22.01,-0.087550347
22.51,-0.111154169
23.01,-0.030522234
23.51,-0.100028093
24.01,-0.175625451
24.51,-0.042298212
25.01,-0.243837629
25.51,-0.139985144
26.01,-0.089542568
26.51,-0.122037562
27.01,0.772589973
27.51,0.401983186
28,0.022586642
0.51,0.264023845
1.01,0.46214622
1.51,0.306075708
2.01,0.383569533
2.51,0.263484221
3.01,0.402736763
3.51,-0.027744106
4.01,0.031542862
4.51,-0.243973742
5.01,-0.12987077
5.51,0.084362994
6.01,0.0792313
6.51,0.152758138
7.01,0.269847384
7.51,0.089315982
8.01,-0.208955273
8.51,-0.055039881
9.01,0.565234699
9.51,0.055056092
10.01,0.063185359
10.51,0.177450439
11.01,0.042543516
11.51,0.252798825
12.01,0.150252251
12.51,0.655900815
13.01,0.282389117
13.51,0.023954172
14.01,0.046673787
14.51,0.51435411
15.01,0.049021756
15.51,0.688014554
16.01,0.885572956
16.51,0.831066686
17.01,0.441323093
17.51,0.416486922
18.01,0.521236928
18.51,0.393149455
19,0.73637266
0.51,0.09672401
1.01,0.068051583
1.51,0.029575145
2.01,-0.431046224
2.51,-0.483337905
3.01,-0.176730879
3.51,0.138412146
4.01,-0.06799047
4.51,-0.012885627
5.01,0.038306791
5.51,0.039981163
6.01,-0.025599935
6.51,0.07161284
7.01,-0.006354255
7.51,0.142893981
8.01,0.110640385
8.51,0.033614966
9.01,0.150522002
9.51,0.183847058
10.01,0.119949134
10.51,0.12019722
11.01,-0.148135206
11.51,-0.076075141
12.01,0.104512158
12.51,0.002497151
13.01,0.059712078
13.51,-0.142187581
14.01,-0.33287388
14.51,-0.12365385
15.01,0.615390406
15.51,-0.121610542
16.01,0.755323142
16.51,-0.077204436
17.01,-0.190330282
17.51,0.219350866
18.01,0.596827008
18.51,0.125044366
19.01,0.200530027
19.51,0.156201412
20.01,0.334768072
20.51,0.196000148
21.01,0.21259091
21.51,0.616203381
22.01,0.334740527
22.51,0.329805453
23.01,0.503225527
23.51,0.272165719
24.01,0.14062542
24.51,0.363644726
25.01,0.25122144
25.51,0.36923873
26.01,0.21899759
26.51,1.101027723
27,1.137266751
0.51,0.124998049
1.01,-0.833714915
1.51,0.989985242
2.01,-0.450610808
2.51,-0.258078793
3.01,0.732154627
3.51,-0.369709007
4.01,-0.369480077
4.51,-0.440142791
5.01,-0.063283112
5.51,-0.737295759
6.01,-0.314962429
7.01,-0.328682904
7.51,-0.133350114
8.01,0.246255783
11.51,0.571342401
12.01,0.416618565
12.51,0.221812088
13.01,0.525891558
13.51,0.760280059
14.01,0.447834837
14.51,0.547234611
15,0.729661303
0.51,-0.725891495
1.01,-0.332921551
1.51,0.501581024
2.01,0.237256243
2.51,-0.036036635
3.01,0.428038731
3.51,0.741876924
4.01,0.330964455
4.51,0.225452478
5.01,0.1414797
5.51,0.456210253
6.01,0.439489741
6.51,0.215208034
7.01,0.062957746
7.51,0.158459551
8.01,-0.062219489
8.51,0.159873951
9.01,-0.01444352
9.51,0.234524357
10.01,0.090831725
10.51,0.242728532
11.01,0.139600413
11.51,0.325745799
12.01,0.586532842
12.51,-0.03165946
13.01,0.702843771
13.51,0.024218924
14.01,0.070174708
14.51,-0.139844364
15.01,0.051371841
15.51,0.208959026
16.01,0.236765699
16.51,0.5278473
17.01,1.672152764
17.51,0.671727208
18.01,0.43232807
18.51,0.643853073
19.01,0.51082222
19.51,0.340913628
20.01,0.484616582
20.51,0.488850253
21.01,0.641967995
21.51,0.364747693
22.01,0.427938094
22.51,0.399835592
23.01,0.470500153
23.51,0.415336356
24.01,0.494573769
24.51,0.886432718
25.01,0.58597845
25.51,0.616187058
26.01,0.314025573
26.51,0.366442117
27.01,0.158255653
27.51,0.375240585
28,0.343268645
0.51,-2.021468423
1.01,-0.39683882
1.51,-0.472951579
2.01,-0.251049114
2.51,-0.103141487
3.01,-0.340227606
3.51,0.45102176
4.01,0.086302498
4.51,-0.0873991
5.01,-0.006033127
5.51,0.033149175
6.01,-0.078804234
6.51,-0.04730325
7.01,-0.078618506
7.51,-0.071947909
8.01,0.015085933
8.51,0.033585035
9.01,-0.052909957
9.51,0.041544173
10.01,-0.002720612
10.51,-0.044081056
11.01,-0.088553193
11.51,-0.208206956
12.01,-0.345279051
12.51,-0.265590248
13.01,-0.364963223
13.51,0.060487599
14.01,0.017379397
14.51,-0.187287472
15.01,0.243095206
15.51,-0.003534137
16.01,-0.075731524
16.51,0.070581082
17.01,0.147542012
17.51,0.561627425
18.01,-0.163301408
18.51,0.057442982
19.01,0.031541412
19.51,0.195601748
20.01,0.219717087
20.51,0.280634666
21.01,0.123507696
21.51,0.21700513
22.01,0.292616569
22.51,0.172943177
23.01,0.148466578
23.51,0.330646603
24.01,0.53968229
24.51,0.552729574
25.01,0.525572747
25.51,0.564995934
26.01,0.600597283
26.51,0.424760954
27.01,1.015154212
27.51,1.153441152
28.01,0.920795234
28.51,0.559235591
29,-0.272464169
0.51,-0.273836964
1.01,-0.891947082
1.51,-0.613271243
2.01,-0.15775043
2.51,-0.950753453
3.01,-0.607184189
3.51,-0.529191906
5.01,-0.024282681
5.51,-0.530481748
6.51,-0.157157937
7.01,-0.001458588
7.51,0.032050864
8.01,0.181282876
8.51,-0.322622482
9.01,-0.199723613
9.51,-0.391674593
10.01,-0.420493884
10.51,-0.347134155
11.01,-0.264214755
11.51,-0.28706434
12.01,-0.203826907
12.51,-0.023677048
13.01,-0.211361219
13.51,-0.302757438
14.01,0.03210863
14.51,0.148667887
15.01,-0.027967981
15.51,0.484428701
16.01,0.159786251
16.51,0.332404856
17,0.135528144
0.51,0.713335401
1.01,-1.227439556
1.51,0.722527231
2.01,-0.197989274
2.51,-0.702089178
3.01,-0.050789459
3.51,-0.058006271
4.01,0.02889044
4.51,0.157274006
5.01,-0.040254762
5.51,-0.508605109
6.01,-0.07799503
6.51,0.068356776
7.01,-0.017745096
7.51,0.071407142
8.01,0.072369291
8.51,0.339730504
9.01,0.201727518
9.51,0.396857206
10.01,0.891081977
10.51,0.04440438
11.01,0.35899711
11.51,0.446217295
12.01,0.20760037
12.51,0.151018833
13.01,0.309834845
13.51,0.349104155
14.01,0.678649148
14.51,0.550847249
15,0.994665487
0.51,1.033151537
1.01,-0.147853023
1.51,-0.077092746
2.01,0.123164684
2.51,-0.15111121
3.01,-0.004324381
3.51,-0.146041106
4.01,-0.141030555
4.51,-0.088201945
5.01,0.122938678
5.51,-0.08413676
6.01,0.070418231
6.51,0.349562986
7.01,0.243331889
7.51,-0.052649687
8.01,0.132402857
8.51,0.033118859
9.01,0.016105995
9.51,0.194149688
10.01,0.060195398
10.51,0.86762025
11.01,-0.251836828
11.51,-0.014632463
12.01,0.198020132
12.51,-0.454900767
13.01,-0.130138634
13.51,-0.043354072
14.01,0.456792426
14.51,0.166824621
15.01,0.13018404
15.51,0.169768092
16.01,0.306902066
16.51,0.365899171
17.01,0.403611975
17.51,0.424153743
18.01,0.63871995
18.51,0.459830028
19.01,0.332455528
19.51,0.429847124
20.01,0.245489902
20.51,0.396664918
21.01,0.514551642
21.51,0.195193509
22.01,0.694107871
22.51,0.239541082
23.01,0.001250993
23.51,0.257797726
24.01,0.219689084
24.51,0.276433438
25,0.21793188
0.51,-0.419439106
1.01,-0.103523316
1.51,-0.137515717
2.01,-0.182461923
2.51,-0.213992637
3.01,-0.193943496
3.51,-0.14014978
4.01,-0.142308214
4.51,-0.052516955
5.01,0.01586853
5.51,0.028761178
6.01,-0.083284773
6.51,0.035370131
7.01,-0.05262522
7.51,-0.150732966
8.01,-0.087891143
8.51,-0.152870551
9.01,-0.105562635
9.51,-0.030525228
10.01,-0.093520886
10.51,0.014651266
11.01,-6.92E-05
11.51,0.100021649
12.01,0.147720197
12.51,-0.247656539
13.01,0.448832571
13.51,-0.180137068
14.01,0.044763274
14.51,-0.244978178
15.01,-0.273641704
15.51,-0.233890242
16.01,1.176213461
16.51,5.424269032
17.01,0.012060037
17.51,-0.162680004
18.01,-0.235241418
18.51,-0.087936792
19.01,0.678666951
19.51,0.179084107
20.01,-0.325982832
20.51,-0.146897894
21.01,-0.172307524
21.51,-0.177819922
22.01,-0.187655035
22.51,0.026456336
23.01,-0.008833843
23.51,-0.070976227
24.01,-0.064005416
24.51,-0.128157074
25.01,-0.102106497
25.51,-0.089103729
26.01,-0.104130061
26.51,-0.165400311
27.01,0.749024653
27.51,0.295999087
28,-0.271342661
0.51,-0.958783863
1.01,-0.943337392
1.51,-0.746175318
2.01,-0.766974668
2.51,-1.456275521
3.01,0.539312538
3.51,-0.021434165
4.01,-0.72125936
4.51,-0.479946301
5.01,-1.43404267
5.51,-0.541198105
6.01,-0.49807757
6.51,-0.205644493
7.01,-0.071874233
7.51,0.420181244
8.01,0.506547462
8.51,0.290008243
9.01,0.24249546
9.51,0.195569516
10.01,0.179250349
10.51,0.589995022
11.01,0.689188063
11.51,0.324754208
12.01,0.426265207
12.51,0.565809112
13.01,0.60126894
13.51,0.249556943
14.01,0.193722184
14.51,0.241704218
15.01,0.067217164
15.51,0.224683225
16.01,0.310372519
16.51,0.438801656
17,0.471294234
0.51,-0.841163396
1.01,-0.806433981
1.51,-0.351582366
2.01,-0.148940169
2.51,-0.256613016
3.01,-0.20106372
3.51,-0.44105977
4.01,-0.02468391
4.51,-0.22236166
5.01,-0.069326385
5.51,0.063140687
6.01,-0.010238224
6.51,-0.215703917
7.01,0.233210504
7.51,-0.076190853
8.01,-0.014584222
8.51,0.356136965
9.01,-0.132610159
9.51,0.098519872
10.01,-0.272596127
10.51,0.474653568
11.01,0.06568545
11.51,-0.083885496
12.01,-0.151486574
12.51,-0.094115701
13.01,0.437062312
13.51,-0.244996209
14.01,0.369331773
14.51,0.001343756
15.01,0.161743407
15.51,0.710060211
16.01,0.160211957
16.51,0.439449957
17.01,0.264229195
17.51,0.100563593
18.01,0.5369046
18.51,0.09648911
19.01,-0.117552335
19.51,0.040212763
20.01,0.481763468
20.51,0.495535358
21,0.434749879
0.51,-1.327845236
1.01,-0.823112846
1.51,-0.10699514
2.01,-0.205026049
2.51,-0.098076212
3.01,0.068773758
3.51,0.130024761
4.01,0.023609752
4.51,0.023256966
5.01,-0.090598092
5.51,0.032018983
6.01,-0.114555072
6.51,-0.242338124
7.01,-0.022737341
7.51,-0.11152305
8.01,-0.042275326
8.51,0.133727506
9.01,-0.010281059
9.51,-0.163465516
10.01,-0.237869488
10.51,-0.074302833
11.01,0.384421881
11.51,0.625304191
12.01,-0.058980935
12.51,0.316463036
13.01,0.443189461
13.51,0.361390507
14.01,0.474303987
14.51,0.069325524
15.01,0.582443603
15.51,0.753298177
16.01,0.426330214
16.51,0.707408921
17.01,0.763738784
17.51,0.74965045
18.01,0.672650338
18.51,0.755316104
19.01,0.213201291
19.51,0.83566064
20,0.237773333
0.51,0.093887816
1.01,0.193349431
1.51,-0.670429657
2.01,-0.461432843
2.51,-0.014660094
3.01,-0.014120467
3.51,0.1766943
5.01,0.721786901
5.51,0.302427375
6.51,0.708289242
7.01,0.392445698
7.51,0.443707942
8.01,0.43440726
8.51,0.090939836
9.01,-0.039758964
9.51,-0.228349536
10.01,-0.181386482
10.51,0.081711402
11.01,0.090754189
11.51,-0.135258327
12.01,-0.240384503
12.51,0.424020824
13.01,0.047689041
13.51,-0.081721369
14.01,0.03210863
14.51,0.344782765
15.01,-0.178881364
15.51,0.78981035
16.01,0.639674639
16.51,0.36429822
17,0.586308448
0.51,-0.168541882
1.01,0.007140837
1.51,0.10018109
2.01,0.420495928
2.51,0.440710797
3.01,0.763085071
3.51,0.470550278
4.01,0.41033474
4.51,0.377544178
5.01,0.246402204
5.51,0.38800567
6.01,0.449362673
6.51,0.793289734
7.01,0.43634437
7.51,0.313295263
8.01,0.229190773
8.51,0.256060766
9.01,0.195045598
9.51,0.136754294
10.01,0.050971952
10.51,0.052851978
11.01,0.176172562
11.51,0.084787381
12.01,0.03637901
12.51,-0.284502631
13.01,-0.110162751
13.51,0.017468452
14.01,0.702756061
14.51,0.281092058
15.01,0.394125099
15.51,0.922502106
16,-0.564198332
0.51,0.417698564
1.01,0.695525772
1.51,0.101515796
2.01,-0.36920156
2.51,1.044386671
3.01,0.909618359
3.51,0.28277814
4.01,0.086744763
4.51,0.420170963
5.01,0.327292597
5.51,0.238049005
6.01,0.065610246
6.51,0.38571586
7.01,0.212984483
7.51,0.519459067
8.01,0.096384403
8.51,0.192189629
9.01,0.07565664
9.51,0.187185668
10.01,-0.071292842
10.51,0.281595969
11.01,0.841528087
11.51,-0.194686754
12.01,0.202239524
12.51,0.86775257
13.01,0.992134334
13.51,1.113784352
14.01,1.235486422
14.51,0.458880275
15.01,0.642670711
15.51,0.181015068
16.01,0.306262703
16.51,0.414463779
17.01,0.251962006
17.51,0.414411308
18.01,0.563877796
18.51,0.698792605
19.01,0.737938019
19.51,0.514464362
20.01,0.452979252
20.51,0.812067428
21.01,0.284265603
21.51,0.670141611
22,0.880402868
0.51,-0.484534779
1.01,-0.372938434
1.51,-0.075557071
2.01,-0.009887932
2.51,0.883967587
3.01,0.822606727
3.51,-0.575600359
4.01,0.139100235
4.51,-1.462595661
5.51,-0.321945176
6.01,-0.407943636
6.51,1.07347702
7.01,0.550392646
7.51,0.656745323
8.01,0.528558146
8.51,0.461628955
9.01,0.710590096
9.51,0.309823602
10.01,0.359890813
10.51,0.398202933
11.01,-0.391545357
11.51,0.11162077
12.01,-0.383473826
12.51,-0.253469951
13.01,0.376116927
13.51,0.290040135
14.01,0.624402142
14.51,0.77562594
15.01,-0.100432632
15.51,0.943238723
16.01,-0.044428512
16.51,0.285565471
17.01,0.645862861
17.51,0.575698276
18.01,0.470521458
18.51,0.673387968
19.01,0.806672002
19.51,0.217747391
20.01,-0.001910943
20.51,-0.007959917
21.01,0.169350986
21.51,0.417187113
22.01,0.121060008
22.51,-0.216923099
23.01,0.0533474
23.51,0.285725009
24.01,0.141727848
24.51,0.289297007
25.01,0.306063854
25.51,0.181114324
26.01,-0.004724655
26.51,0.602835969
27.01,0.62512305
27.51,0.170650299
28,-0.011018585
0.51,-0.443530215
1.01,-0.095617087
1.51,-0.064194392
2.01,-0.371877258
2.51,-0.515858933
3.01,-0.425330847
3.51,-0.291404312
4.01,0.293066543
4.51,0.250116171
5.01,0.078556311
5.51,-0.193843841
6.01,-0.122499796
6.51,-0.202381316
7.01,-0.048371443
7.51,-0.164913201
8.01,-0.095365752
8.51,-0.124029411
9.01,0.209904283
9.51,0.298423109
10.01,0.065767917
10.51,-0.105922102
11.01,-0.034540978
11.51,0.528143959
12.01,0.325111125
12.51,1.017591732
13.01,0.289196365
13.51,0.024086238
14.01,0.820980285
14.51,0.577737458
15.01,0.412105655
15.51,0.362871299
16.01,0.878345773
16.51,1.087933771
17.01,0.452662212
17.51,0.450453445
18.01,0.65411321
18.51,0.634562905
19.01,0.562270441
19.51,0.450700338
20.01,0.663077865
20.51,0.887338245
21.01,0.650054346
21.51,0.643921557
22.01,0.475473605
22.51,1.04799799
23.01,0.711085544
23.51,0.849565963
24.01,0.77211853
24.51,0.732709073
25.01,0.457776565
25.51,0.786277477
26.01,0.405446123
26.51,0.51418197
27.01,0.461802085
27.51,0.057781996
28.01,0.243751985
28.51,0.222773045
29,0.11560168
0.51,-0.35596754
1.01,0.219660176
1.51,0.031058854
2.01,-0.114113758
2.51,-0.13037868
3.01,-0.095035263
3.51,-0.446555426
4.01,-0.173170566
4.51,-0.309300113
5.01,-0.367335103
5.51,-0.184612541
6.01,-0.094487055
6.51,0.364804511
7.01,-0.093049508
7.51,-0.281246098
8.01,0.110798516
8.51,-0.252611551
9.01,-0.22058562
9.51,-0.066947957
10.01,-0.246144931
10.51,-0.23794912
11.01,-0.007270242
11.51,-0.109508423
12.01,-0.023171179
12.51,0.29285411
13.01,-0.048435494
13.51,0.123777901
14.01,0.372932346
14.51,-0.033227687
15.01,-0.139725595
15.51,0.059600079
16.01,0.339982907
16.51,0.054299983
17.01,-0.45684505
17.51,-0.015046475
18,-0.004452989
0.1,-1.61171906
0.5,-0.414406276
1,-0.266280891
1.5,-0.43117514
2,-0.591719179
2.5,-0.088255002
3,-0.108575962
3.5,-0.131953922
4,-0.064512689
4.5,-0.098866399
5,-0.206027569
5.5,-0.216176173
6,0.083334565
6.5,-0.128095941
7,-0.018277746
7.5,0.164172047
8,0.179613395
8.5,0.026715518
9,0.265685131
9.5,-0.014382631
10,-0.010359161
10.5,-0.186336504
11,0.096833795
11.5,-0.060083196
12,-0.068103935
12.5,0.329361424
13,0.46876129
13.5,0.607796992
14,0.463366552
14.5,0.386187402
15,0.591059277
15.5,0.637359684
16,0.54856289
16.5,0.485981071
17,0.495065799
17.5,1.004446289
18,-0.678234272
18.5,0.359960065
19,0.974596835
19.5,0.935828255
20,0.478415257
20.5,0.033154795
21,0.592706411
21.5,0.688148402
22,0.562770772
22.5,0.493367277
23,0.46036385
23.5,0.384824775
24,0.315708082
24.5,0.357722078
25,0.590270775
25.5,0.621222933
26,0.747197015
26.5,0.519555146
27,0.599397167
27.5,0.547700898
28,0.396443864
28.5,0.38063604
29,0.143345413
0.51,-1.035751082
1.01,-0.597265727
1.51,-0.494098258
2.01,-0.577777685
2.51,-0.808483876
3.01,-0.705765133
3.51,-1.416002304
4.01,-0.926403827
4.51,-0.66061317
5.01,-0.247643085
5.51,0.228230403
6.01,-0.262203148
6.51,-0.575547181
7.01,-0.974318406
7.51,-0.870794264
8.01,-0.576220846
8.51,-0.226286619
9.01,0.293691391
9.51,0.377037997
10.01,0.377958659
10.51,0.413241124
11.01,0.473310953
11.51,0.445277511
12.01,0.461876199
12.51,0.451916302
13.01,0.450937975
13.51,0.435641637
14.01,0.522898223
14.51,0.633302556
15.01,0.637359861
15.51,0.89534394
16.01,0.067413138
16.51,-0.14021083
17.01,-0.017980216
17.51,0.052490993
18.01,0.177724951
18.51,-0.147422991
19,-0.208863732
0.51,-0.310409097
1.01,-0.056347249
1.51,-0.164508765
2.01,-0.326704829
2.51,-0.126258064
3.01,0.076711904
3.51,-0.008890813
4.01,0.393300723
4.51,0.603599966
5.01,0.025443221
5.51,-0.146999824
6.01,0.033754384
6.51,0.369092072
7.01,-0.081986221
7.51,-0.057624274
8.01,0.699231203
8.51,0.606525112
9.01,0.737997959
9.51,-0.375737646
10.01,-0.260396034
10.51,-0.532449437
11.01,0.226109656
11.51,0.331962254
12.01,-0.041124341
12.51,0.000973253
13.01,-0.132389096
13.51,0.101433587
14.01,0.527832365
14.51,0.685353832
15.01,-0.062294219
15.51,0.810114195
16.01,0.439074401
16.51,0.033187793
17,0.002320579
0.51,-0.578525442
1.01,-0.398723612
1.51,-0.39964146
2.01,-0.620866531
2.51,-0.59312814
3.01,-0.442405173
3.51,-0.495193818
4.01,-0.525576374
4.51,-0.37826134
5.01,-0.865864121
5.51,-1.335201355
6.01,-1.222055152
6.51,-0.873165465
7.01,-0.814339672
7.51,-0.305175832
8.01,-1.309958555
8.51,-0.604069586
9.01,-0.835530311
9.51,-0.401456758
10.01,-0.578928917
10.51,-0.694723972
11.01,-0.765647026
11.51,-0.10906307
12.01,-0.049115738
12.51,-0.18038883
13.01,0.145584857
13.51,0.077272479
14.01,0.202208839
14.51,0.206423744
15.01,0.098133561
15.51,0.12060688
16.01,0.083236456
16.51,0.038195528
17.01,0.102493014
17.51,0.045402121
18.01,0.034662769
18.51,-0.008417197
19.01,-0.03910187
19.51,-0.022276431
20,-0.03517599
0.51,-0.056086064
1.01,0.140054857
1.51,-0.237698732
2.01,0.109319365
2.51,-0.077281842
3.01,-0.22053663
3.51,-0.27312047
4.01,0.1075722
4.51,0.059360393
5.01,-0.119183408
5.51,-0.428665679
6.01,-0.189066259
6.51,-0.181964281
7.01,-0.05810546
7.51,0.120440698
8.01,0.32441052
8.51,0.163246425
9.01,0.185275356
9.51,0.261839742
10.01,0.329658646
10.51,0.259672371
11.01,0.379415418
11.51,0.348256571
12.01,0.508978629
12.51,0.444703799
13.01,0.592149885
13.51,0.381239606
14.01,0.320689345
14.51,0.28871915
15.01,0.167163781
15.51,0.615252185
16.01,0.616099328
16.51,0.642465833
17.01,0.638772523
17.51,0.624774743
18.01,0.691046877
18.51,0.739231851
19.01,0.792061208
19.51,0.842229127
20.01,0.810498039
20.51,0.737893532
21.01,0.737241437
21.51,0.791218519
22.01,0.525033376
22.51,0.861168493
23.01,0.316630257
23.51,0.768984195
24.01,0.798714603
24.51,0.813547627
25.01,0.705068084
25.51,0.835809939
26.01,0.828350379
26.51,0.886915511
27.01,0.872211911
27.51,0.967687
28,0.287938099
0.1,0.224751039
0.5,0.248849999
1,-0.431088527
1.5,-0.097729422
2,-0.324974478
2.5,0.090730216
3,0.041070186
3.5,-0.023902488
4,0.163632142
4.5,0.166117976
5,0.147235268
5.5,0.082266884
6,-0.156502967
6.5,-0.193236251
7,-0.132281366
7.5,-0.046190896
8,-0.43843138
8.5,-0.013174016
9,0.372717987
9.5,0.408824296
10,0.24410894
10.5,0.293828323
11,0.526099806
11.5,0.335054469
12,0.42625898
12.5,0.340348265
13,0.280165393
13.5,0.487912746
14,0.453196697
14.5,0.452865414
15,0.630865946
15.5,0.550370077
16,0.850664313
16.5,0.478851319
17,0.254250524
17.5,0.234387013
18,0.398955014
18.5,0.36358673
19,0.512155529
19.5,0.611964944
20,0.627547739
20.5,0.566115337
21,0.562023846
21.5,0.491234377
22,0.617870491
22.5,0.875985718
23,0.530802157
23.5,0.605759182
24,0.749601847
24.5,0.723427535
25,0.539371014
25.5,0.589374338
26,0.537285561
0.51,0.705864192
1.01,0.867957289
1.51,0.11945536
2.01,-0.227135284
2.51,-0.338850391
3.01,5.307392553
3.51,0.511688717
4.01,-0.304350826
4.51,-0.264408536
5.01,-0.175119419
5.51,-0.324551129
6.01,-0.131697006
6.51,0.023582572
7.01,-0.149705702
7.51,-0.278740429
8.01,0.009644712
8.51,0.092722571
9.01,-0.18934481
9.51,0.094468716
10.01,0.242200058
10.51,0.213466099
11.01,0.326751274
11.51,0.362634443
12.01,0.257692392
12.51,0.002760834
13.01,0.257475085
13.51,0.22397478
14.01,0.043600827
14.51,0.237846689
15.01,0.259287067
15.51,0.805604259
16,0.46689233
0.51,-0.446126461
1.01,-0.145868205
1.51,-0.035987975
2.01,-0.248328409
2.51,-0.337757026
3.01,-0.332119219
3.51,-0.004392434
4.01,0.423693848
4.51,0.315058885
5.01,0.353575654
5.51,-0.21477867
6.01,0.030849675
6.51,-0.192598968
7.01,0.07710802
7.51,0.49913219
8.01,-0.16482586
8.51,-0.004455417
9.01,0.416309881
9.51,0.475565803
10.01,0.646824889
10.51,0.180211728
11.01,0.14538718
11.51,0.084563797
12.01,0.083254431
12.51,0.050859441
13.01,-0.015862068
13.51,0.030777455
14.01,-0.042446342
14.51,0.102280987
15.01,0.11229352
15.51,0.183975938
16.01,0.113282687
16.51,0.107432862
17.01,0.182117072
17.51,0.196995334
18.01,0.287878895
18.51,0.302881611
19.01,0.205364585
19.51,0.296270756
20.01,0.318333442
20.51,0.261119487
21.01,0.323423606
21.51,0.478419681
22.01,0.725650417
22.51,0.445958158
23.01,0.172169651
23.51,0.506303066
24.01,0.532974264
24.51,0.885391951
25.01,1.048211664
25.51,0.05248647
26,0.029351742
1.51,-1.332343032
2.01,-1.241968535
2.51,-0.848435329
3.01,-0.974943885
3.51,0.198520619
4.01,0.247508793
4.51,-0.336998521
5.01,-0.281697644
5.51,0.194756276
6.01,0.523160437
6.51,0.334701031
7.01,0.13884796
7.51,-0.150889067
8.01,0.649490259
8.51,0.270045622
9.01,0.181265937
9.51,0.030277321
10.01,-0.248824183
10.51,-0.049751596
11.01,0.273038973
11.51,0.534778258
12.01,0.426980313
12.51,0.138891279
13.01,0.326618231
13.51,0.43213721
14.01,0.727030594
14.51,0.249972372
15.01,0.333879079
15.51,0.208610908
16.01,-0.652845374
16.51,0.166612049
17.01,0.776204078
17.51,0.794969981
18.01,0.025004341
18.51,0.002578649
19.01,0.386830901
19.51,0.065051932
20.01,0.421154957
20.51,0.366593412
21.01,0.452680476
21.51,0.592363803
22.01,0.672528148
22.51,0.564807922
23.01,0.597046416
23.51,0.008698928
24.01,0.162051505
24.51,0.678540469
25.01,0.780698445
25.51,0.605732574
26.01,0.457613496
26.51,0.332814288
27.01,0.428371553
27.51,-0.020318819
28.01,0.209095506
28.51,0.608585416
29,0.60565827
0.51,-1.254862375
1.01,-0.20713227
1.51,-0.386392924
2.01,-0.323871033
2.51,-0.25488132
3.01,-0.2379753
3.51,-0.315768462
4.01,-0.254977108
4.51,-0.038815455
5.01,-0.020880389
5.51,-0.041742526
6.01,0.471027901
6.51,0.1521206
7.01,0.21197297
7.51,0.211350844
8.01,0.147162184
8.51,0.279759827
9.01,-0.338496922
9.51,-0.130100953
10.01,0.424723244
10.51,0.496745192
11.01,0.315803761
11.51,0.154213102
12.01,0.249029625
12.51,0.283882604
13.01,0.200725387
13.51,-0.022708873
14.01,0.158649307
14.51,0.57502064
15.01,0.421259025
15.51,0.404667174
16.01,0.380063022
16.51,-0.014862996
17.01,0.434238073
17.51,0.448556715
18.01,0.51611403
18.51,0.46646542
19.01,0.355058848
19.51,0.456885623
20.01,0.57474969
20.51,0.549914237
21.01,0.554018041
21.51,0.352306779
22.01,0.498393741
22.51,0.125488461
23.01,0.508375577
23.51,0.462486818
24.01,0.699818946
24.51,0.689813581
25.01,0.784755281
25.51,0.629026993
26.01,0.759584184
26.51,0.8172348
27.01,0.562867783
27.51,0.761625273
28,0.682397037
0.51,-0.737090959
1.01,-0.303829061
1.51,-0.428993347
2.01,-0.421179134
2.51,-0.327474398
3.01,-0.185220702
3.51,-0.185490784
4.01,-0.083251306
4.51,-0.025011696
5.01,0.315957312
5.51,0.244763802
6.01,0.272463196
6.51,0.41550081
7.01,-0.039697236
7.51,-0.234838941
8.01,0.013276124
8.51,0.164392101
9.01,-0.032577128
9.51,0.017646743
10.01,0.301726796
10.51,0.292357814
11.01,0.209751398
11.51,0.158725395
12.01,0.462238951
12.51,0.014368082
13.01,0.490806372
13.51,0.360910539
14.01,0.750140704
14.51,0.824545979
15.01,0.42727775
15.51,0.789155076
16.01,0.596936123
16.51,0.222256242
17.01,0.285174691
17.51,0.652799978
18.01,0.552889346
18.51,0.22630091
19.01,0.401737508
19.51,0.319195255
20,0.528375314
0.51,-0.359888144
1.01,-0.392331364
1.51,-0.317807398
2.01,-0.198592748
2.51,-0.207118945
3.01,-0.260111465
3.51,0.082607122
4.01,0.164557573
4.51,-0.143162039
5.01,-0.112632331
5.51,-0.058026932
6.01,0.293398821
6.51,0.282948802
7.01,0.020137364
7.51,0.364384298
8.01,-0.006446077
8.51,-0.370641625
9.01,0.032827899
9.51,-0.312972037
10.01,0.245805534
10.51,0.018816028
11.01,-0.040164682
11.51,-0.163151424
12.01,-0.081144967
12.51,0.610920917
13.01,0.715031856
13.51,0.843083113
14.01,1.175026754
14.51,0.474812346
15.01,0.007829023
15.51,-0.054334987
16.01,-0.040272632
16.51,-0.023695903
17.01,0.121633611
17.51,0.097175344
18.01,0.202791393
18.51,0.15241599
19.01,0.280061407
19.51,0.310046927
20.01,0.638919676
20.51,0.573471322
21.01,0.650200908
21.51,0.259005318
22.01,0.207904005
22.51,0.410464334
23.01,0.622894482
23.51,0.854576584
24.01,0.914870226
24.51,0.101156689
25.01,0.308001167
25.51,0.177803328
26.01,0.754529861
26.51,0.825524167
27.01,0.802800573
27.51,0.760125784
28.01,0.81090972
28.51,0.732668988
29,0.751325378
0.51,-0.123778479
1.01,0.295557272
1.51,-0.436436531
2.01,-0.172924117
2.51,0.181999169
3.01,0.203777745
3.51,-0.266053455
4.01,-0.374755538
4.51,-0.146429208
5.01,0.08410273
5.51,0.000822366
6.01,-0.06236291
6.51,-0.233112743
7.01,0.141019258
7.51,0.103487083
8.01,-0.182050091
8.51,0.273264746
9.01,0.128155379
9.51,0.593397152
10.01,0.285189348
10.51,0.172015723
11.01,0.19380783
11.51,0.152393043
12.01,0.23123503
12.51,0.067792574
13.01,0.060344594
13.51,0.447292134
14.01,0.61173556
14.51,0.460430335
15.01,0.184307423
15.51,0.40036192
16.01,0.567810833
16.51,0.367335015
17.01,0.13619756
17.51,0.631761838
18.01,0.603437383
18.51,0.580505838
19.01,0.695132097
19.51,0.808224766
20.01,0.248622582
20.51,0.502394381
21.01,0.683573017
21.51,0.741232644
22.01,0.92276986
22.51,0.705714503
23.01,0.666807976
23.51,0.699846424
24.01,0.73547417
24.51,0.752409398
25.01,0.757586599
25.51,0.825597012
26.01,0.793897853
26.51,0.887029126
27.01,0.792344503
27.51,0.924920519
28,0.837415379
8.01,-1.661316896
8.51,-0.231572049
9.01,-0.7159398
9.51,-0.420289113
10.01,-0.335552531
10.51,-0.035047884
11.01,-0.062515317
11.51,-0.136218769
12.01,-0.33925145
12.51,-0.350733022
13.01,-0.241513334
13.51,-0.250628368
14.01,-0.099669176
14.51,0.138605286
15.01,0.592443488
15.51,0.149262361
16.01,0.529352086
16.51,0.629083017
17.01,0.650791544
17.51,0.472685181
18.01,0.730835843
18.51,0.278267571
19.01,0.219052109
19.51,-0.120540922
20.01,-0.142074613
20.51,-0.413269893
21.01,0.041844503
21.51,0.351738462
22.01,0.301834259
22.51,0.396027139
23,0.407244466
0.1,0.574033436
0.5,-0.117367283
1,0.057109
1.5,0.841622344
2,-0.628954887
2.5,-0.828188083
3,-0.530861014
3.5,-0.005538457
4,-0.426293172
4.5,-0.858582924
5,-0.650886867
5.5,0.194533167
6,0.21311898
6.5,0.018728714
7,-0.325495475
7.5,-0.007985433
8,0.864862961
8.5,1.149008002
9,0.603720753
9.5,0.769863937
10,0.512566353
10.5,0.329627897
11,0.651923184
11.5,0.17983536
12,-0.153622715
12.5,-0.247845979
13,0.257932612
13.5,0.348202985
14,0.100658424
14.5,0.129801779
15,0.143757432
15.5,0.504871134
16,0.680924303
16.5,0.463126611
17,0.552720536
17.5,0.686156734
18,0.704823763
18.5,0.648329215
19,0.397192692
19.5,0.350887274
0.1,1.055121898
0.5,0.363721179
1,-0.384723752
1.5,0.265274431
2,0.158011049
2.5,-0.289191582
3,-0.464611628
3.5,0.38893753
4,-0.304403354
4.5,-1.114516298
5,-0.077086444
5.5,-0.167256878
6,0.20430835
6.5,-0.274818478
7,-1.047630192
7.5,-0.027919648
8,-0.322696814
8.5,0.383807504
9,0.271338502
9.5,0.670608979
10,0.550593749
10.5,0.13857266
11,0.688557317
11.5,0.56678142
12,0.212554676
12.5,0.161014718
13,0.273200084
13.5,0.187733937
14,0.415501319
14.5,0.329039809
15,0.525317019
15.5,0.535642792
16,0.718407396
16.5,0.783212107
17,1.135170297
17.5,1.076762728
18,1.136491243
18.5,0.812736395
19,0.650795451
19.5,0.604490033
1.51,-0.306817964
2.01,-0.595945059
2.51,-0.273011437
3.01,-0.320376016
3.51,-0.626761871
4.01,-0.38496971
4.51,-0.121504984
5.01,-0.230922985
5.51,-0.03871188
6.01,-0.381644905
6.51,-0.452759857
7.01,-0.610175787
7.51,-0.685568932
8.01,-0.340931347
8.51,0.08877278
9.01,0.178944822
9.51,0.226863978
10.01,0.176815049
10.51,0.256374595
11.01,0.280012694
11.51,0.262602513
12.01,0.347386081
12.51,0.481701644
13.01,0.366351818
13.51,0.227319986
14.01,0.233450185
14.51,0.25693727
15,0.159593061
0.51,-1.029802392
1.01,-0.670866821
1.51,0.345908261
2.01,-0.501112625
2.51,-0.147865826
3.01,0.132137719
3.51,4.510023404
4.01,0.93753043
4.51,0.653369404
5.01,0.343761227
5.51,0.007607656
6.01,0.149230795
6.51,-0.026977991
7.01,-0.239853227
7.51,-0.276162044
8.01,0.00305064
8.51,-0.115591238
9.01,0.027353469
9.51,-0.019173453
10.01,0.071658748
10.51,-0.118536074
11.01,-0.147180384
11.51,-0.138688547
12.01,-0.324422839
12.51,0.380360338
13.01,0.315562634
13.51,0.284701928
14.01,0.37593445
14.51,0.537231207
15.01,0.653851068
15.51,0.675018368
16.01,0.305838429
16.51,0.299831019
17.01,0.284140791
17.51,0.277495957
18,0.265194405
1.5,-1.41907597
2,-0.617348258
2.5,-0.657680364
3,-0.569777423
3.5,-0.627030378
4,-0.110434658
4.5,-0.646646601
5,-0.520648552
5.5,-0.599438891
6,-0.164062976
6.5,0.049420481
7,-0.03559198
7.5,0.145233359
8,0.105713255
8.5,0.266291471
9,0.110071999
9.5,0.209565525
10,0.067526231
10.5,0.350475173
11,0.447142947
11.5,0.379795346
12,0.478767392
12.5,0.665359237
13,0.393665206
13.5,0.410559619
14,0.2302462
14.5,0.162336919
15,0.463715552
15.5,0.35006338
16,0.430204586
16.5,0.36627332
17,0.412578352
17.5,0.318179852
18,0.54763426
18.5,0.559155723
19,0.509048632
19.5,0.527735887
20,0.620431696
20.5,0.341986025
21,0.405999871
21.5,0.524338857
22,0.638474165
22.5,-0.033453923
23,-0.17344768
23.5,-0.156496123
24,-0.138778348
