depth_vs_Mc15 Vs_463,143.1682920632183
depth_vs_Andrus-P Vs_810,269.470680686451
depth_vs_Andrus-P Vs_755,180.74752300916003
depth_vs_Andrus-P Vs_234,205.8959304841374
depth_vs_Andrus-P Vs_252,199.54076579395127
depth_vs_Andrus-P Vs_537,218.48250846881825
depth_vs_Andrus-P Vs_665,126.11383495174233
depth_vs_Mc15 Vs_178,111.78795107912671
depth_vs_Mc15 Vs_653,164.01339045233664
depth_vs_Andrus-P Vs_656,241.63281769641728
depth_vs_Andrus-P Vs_84,141.90450807629256
depth_vs_Mc15 Vs_956,130.4898369524369
depth_vs_Andrus-P Vs_951,136.76850594876737
depth_vs_Andrus-P Vs_174,146.69814605769986
depth_vs_Mc15 Vs_496,128.7407280176868
depth_vs_Andrus-P Vs_327,267.02245417306074
depth_vs_Mc15 Vs_540,123.53189795585966
depth_vs_Mc15 Vs_660,149.19046139187736
depth_vs_Mc15 Vs_866,117.24220668211066
depth_vs_Mc15 Vs_442,153.59632389705524
depth_vs_Andrus-P Vs_270,229.09122462290495
depth_vs_Mc15 Vs_538,142.77285148850717
depth_vs_Mc15 Vs_733,120.0426068231158
depth_vs_Andrus-P Vs_483,267.08102236234436
depth_vs_Andrus-P Vs_708,212.6973898239195
depth_vs_Mc15 Vs_927,129.93345991981946
depth_vs_Mc15 Vs_882,117.8887351335356
depth_vs_Mc15 Vs_847,134.6054369584202
depth_vs_Andrus-P Vs_862,115.46185432070061
depth_vs_Mc15 Vs_811,126.26694800065843
depth_vs_Mc15 Vs_113,174.48857282087985
depth_vs_Andrus-P Vs_740,370.1391778992092
depth_vs_Andrus-P Vs_284,115.7259211072663
depth_vs_Mc15 Vs_581,117.29402143385933
depth_vs_Andrus-P Vs_791,194.55920381170532
depth_vs_Andrus-P Vs_250,468.1745782140734
depth_vs_Andrus-P Vs_308,381.0412387669842
depth_vs_Mc15 Vs_264,119.70691422786655
depth_vs_Mc15 Vs_195,129.08186297019824
depth_vs_Andrus-P Vs_266,237.84119556537317
depth_vs_Mc15 Vs_655,143.9292424696026
depth_vs_Mc15 Vs_125,122.44512885414669
depth_vs_Mc15 Vs_122,161.0110410635477
depth_vs_Mc15 Vs_450,136.03665532442608
depth_vs_Mc15 Vs_640,155.6541607501471
depth_vs_Andrus-P Vs_550,248.32167355876268
depth_vs_Mc15 Vs_205,173.5766498170323
depth_vs_Andrus-P Vs_575,174.58332054977086
depth_vs_Mc15 Vs_728,135.3627321221733
depth_vs_Mc15 Vs_806,162.94955515447415
depth_vs_Andrus-P Vs_512,191.59091973807054
depth_vs_Mc15 Vs_134,118.3597852121536
depth_vs_Mc15 Vs_293,109.5513487979447
depth_vs_Andrus-P Vs_764,149.51136555450594
depth_vs_Mc15 Vs_846,159.87328888205892
depth_vs_Mc15 Vs_96,123.93679640128795
depth_vs_Mc15 Vs_34,153.73161660618732
depth_vs_Mc15 Vs_874,124.15942812865799
depth_vs_Andrus-P Vs_555,146.78963985153308
depth_vs_Mc15 Vs_693,128.67881091567403
depth_vs_Mc15 Vs_747,119.70277093184878
depth_vs_Andrus-P Vs_345,312.2917136140776
depth_vs_Mc15 Vs_944,127.94716337928057
depth_vs_Mc15 Vs_755,101.01917069171567
depth_vs_Mc15 Vs_237,113.3743544207908
depth_vs_Andrus-P Vs_874,126.387447007101
depth_vs_Andrus-P Vs_749,270.44537588209306
depth_vs_Mc15 Vs_210,148.3411129820319
depth_vs_Andrus-P Vs_463,251.67141053315012
depth_vs_Mc15 Vs_413,178.25753947253216
depth_vs_Mc15 Vs_888,118.9251626467943
depth_vs_Andrus-P Vs_578,272.94861006417113
depth_vs_Andrus-P Vs_115,399.6359865669732
depth_vs_Mc15 Vs_705,142.41823735795293
depth_vs_Andrus-P Vs_344,242.91869991454513
depth_vs_Mc15 Vs_810,125.23433643455375
depth_vs_Mc15 Vs_458,132.217998499776
depth_vs_Andrus-P Vs_506,159.81403103646352
depth_vs_Andrus-P Vs_916,175.53187084234213
depth_vs_Andrus-P Vs_921,336.2085681223726
depth_vs_Mc15 Vs_946,124.60897143003928
depth_vs_Andrus-P Vs_596,223.899787468784
depth_vs_Andrus-P Vs_875,156.52106186038947
depth_vs_Andrus-P Vs_600,152.58729372000107
depth_vs_Andrus-P Vs_94,263.2631963275397
depth_vs_Mc15 Vs_224,156.68412094657253
depth_vs_Mc15 Vs_809,129.9231783353498
depth_vs_Andrus-P Vs_189,170.72239709934934
depth_vs_Andrus-P Vs_745,184.9574333323189
depth_vs_Andrus-P Vs_729,128.72848840062508
depth_vs_Mc15 Vs_637,119.57111775709473
depth_vs_Andrus-P Vs_753,252.12840478124093
depth_vs_Andrus-P Vs_855,130.35418814857644
depth_vs_Andrus-P Vs_687,124.72605733520975
depth_vs_Andrus-P Vs_372,184.20237015239712
depth_vs_Andrus-P Vs_752,193.69301149076392
depth_vs_Mc15 Vs_746,151.14198130096045
depth_vs_Andrus-P Vs_221,278.3787109246364
depth_vs_Mc15 Vs_101,131.28487428965883
depth_vs_Andrus-P Vs_77,424.69542409476094
depth_vs_Andrus-P Vs_627,297.82982281063835
depth_vs_Andrus-P Vs_541,188.7940386402831
depth_vs_Mc15 Vs_884,133.19051015833864
depth_vs_Andrus-P Vs_92,282.696057530424
depth_vs_Andrus-P Vs_758,181.4034928245774
depth_vs_Mc15 Vs_899,122.1196860469952
depth_vs_Mc15 Vs_287,142.52781196642366
depth_vs_Mc15 Vs_598,158.27615638505108
depth_vs_Mc15 Vs_446,178.82720157415244
depth_vs_Mc15 Vs_194,144.70669504518813
depth_vs_Mc15 Vs_605,134.83048741795236
depth_vs_Mc15 Vs_292,141.7318098599564
depth_vs_Andrus-P Vs_860,387.9831681237304
depth_vs_Mc15 Vs_879,137.475575221411
depth_vs_Mc15 Vs_987,151.43342797638013
depth_vs_Andrus-P Vs_994,290.9743634680383
depth_vs_Andrus-P Vs_713,244.1259478282587
depth_vs_Andrus-P Vs_962,195.9037235085661
depth_vs_Andrus-P Vs_107,323.68435206305173
depth_vs_Andrus-P Vs_496,214.9675770927617
depth_vs_Mc15 Vs_533,125.82460098661196
depth_vs_Mc15 Vs_964,159.03107926228188
depth_vs_Andrus-P Vs_120,130.96233150067235
depth_vs_Andrus-P Vs_650,207.12937009339078
depth_vs_Andrus-P Vs_744,313.83333901271106
depth_vs_Mc15 Vs_575,146.58972537712137
depth_vs_Mc15 Vs_42,156.22334276060755
depth_vs_Mc15 Vs_460,165.35864000874366
depth_vs_Andrus-P Vs_869,312.8552476390117
depth_vs_Mc15 Vs_821,120.96206928391803
depth_vs_Andrus-P Vs_896,180.6226703634305
depth_vs_Andrus-P Vs_882,108.86000578524391
depth_vs_Andrus-P Vs_217,213.81739629601702
depth_vs_Mc15 Vs_164,130.51560515585658
depth_vs_Mc15 Vs_885,157.4815432656849
depth_vs_Mc15 Vs_857,143.56516783329386
depth_vs_Mc15 Vs_535,175.42398054755154
depth_vs_Andrus-P Vs_367,119.40878150047338
depth_vs_Mc15 Vs_277,146.4842177468455
depth_vs_Andrus-P Vs_258,271.5101639649514
depth_vs_Mc15 Vs_475,133.96969093207082
depth_vs_Andrus-P Vs_893,175.52700511427983
depth_vs_Andrus-P Vs_523,185.22912292456027
depth_vs_Andrus-P Vs_736,190.416061601028
depth_vs_Andrus-P Vs_997,222.3422134585072
depth_vs_Mc15 Vs_887,136.69854816141932
depth_vs_Andrus-P Vs_941,180.71857864807046
depth_vs_Mc15 Vs_453,197.3776142049091
depth_vs_Andrus-P Vs_662,203.228171928715
depth_vs_Andrus-P Vs_169,191.30108739586927
depth_vs_Mc15 Vs_900,128.3778084637808
depth_vs_Mc15 Vs_5,120.40977934865299
depth_vs_Andrus-P Vs_807,210.25280661763952
depth_vs_Andrus-P Vs_598,253.2887758563953
depth_vs_Andrus-P Vs_443,241.14496208464485
depth_vs_Mc15 Vs_226,125.56710091853004
depth_vs_Mc15 Vs_206,131.8067160091982
depth_vs_Andrus-P Vs_965,240.80557439882
depth_vs_Andrus-P Vs_154,195.80771982622963
depth_vs_Mc15 Vs_325,160.3109259136181
depth_vs_Mc15 Vs_359,158.4153999811737
depth_vs_Mc15 Vs_578,126.94760022267667
depth_vs_Mc15 Vs_455,124.93664697171535
depth_vs_Mc15 Vs_594,147.47372463491513
depth_vs_Mc15 Vs_764,128.43577821843283
depth_vs_Andrus-P Vs_469,210.3240824836015
depth_vs_Mc15 Vs_449,162.4886177243356
depth_vs_Andrus-P Vs_563,216.30728739162834
depth_vs_Andrus-P Vs_568,175.18714961401832
depth_vs_Andrus-P Vs_53,151.28784028665658
depth_vs_Mc15 Vs_77,133.02655750069866
depth_vs_Mc15 Vs_222,151.78490953381814
depth_vs_Mc15 Vs_130,124.90546805039753
depth_vs_Mc15 Vs_751,136.53120295897867
depth_vs_Mc15 Vs_985,141.16410109742253
depth_vs_Andrus-P Vs_641,234.69915822397613
depth_vs_Andrus-P Vs_111,336.0179940808972
depth_vs_Andrus-P Vs_429,208.40485283924036
depth_vs_Andrus-P Vs_881,307.2402417553011
depth_vs_Andrus-P Vs_727,212.8846653357008
depth_vs_Mc15 Vs_612,146.27226031375415
depth_vs_Mc15 Vs_378,122.49621221531262
depth_vs_Andrus-P Vs_0,127.97670650579525
depth_vs_Mc15 Vs_545,145.93561509647495
depth_vs_Andrus-P Vs_118,262.12127697789145
depth_vs_Andrus-P Vs_70,166.20741962045307
depth_vs_Andrus-P Vs_993,179.0040498673724
depth_vs_Mc15 Vs_549,125.72098882871751
depth_vs_Mc15 Vs_697,139.17784057577916
depth_vs_Andrus-P Vs_607,225.90773709751932
depth_vs_Mc15 Vs_317,138.92119080662474
depth_vs_Mc15 Vs_106,171.52060859635077
depth_vs_Andrus-P Vs_409,268.62712616227697
depth_vs_Mc15 Vs_173,151.42833893579922
depth_vs_Andrus-P Vs_134,207.9841892696648
depth_vs_Andrus-P Vs_76,306.05007146034563
depth_vs_Mc15 Vs_265,147.5357440799453
depth_vs_Mc15 Vs_401,105.88198434662681
depth_vs_Mc15 Vs_563,131.09553573539293
depth_vs_Mc15 Vs_24,148.46571283497153
depth_vs_Andrus-P Vs_63,88.58555111681737
depth_vs_Andrus-P Vs_29,174.51700367306614
depth_vs_Mc15 Vs_711,127.6262030669146
depth_vs_Mc15 Vs_878,126.89683279786094
depth_vs_Andrus-P Vs_261,177.77105429928338
depth_vs_Mc15 Vs_576,142.13701833372124
depth_vs_Andrus-P Vs_685,148.9399136898216
depth_vs_Andrus-P Vs_781,156.44278939588426
depth_vs_Andrus-P Vs_484,99.04102442245416
depth_vs_Andrus-P Vs_133,335.93168507184924
depth_vs_Mc15 Vs_250,148.52122263828463
depth_vs_Andrus-P Vs_783,124.22462214375895
depth_vs_Andrus-P Vs_891,318.1866406040222
depth_vs_Mc15 Vs_147,133.4417634475705
depth_vs_Andrus-P Vs_20,301.88968758619063
depth_vs_Andrus-P Vs_788,210.83188017529574
depth_vs_Andrus-P Vs_356,366.0194383182243
depth_vs_Andrus-P Vs_546,229.96716016560868
depth_vs_Andrus-P Vs_384,247.42612445597314
depth_vs_Mc15 Vs_324,150.9326548062389
depth_vs_Andrus-P Vs_661,353.25978672769065
depth_vs_Mc15 Vs_986,132.57482775546245
depth_vs_Andrus-P Vs_248,391.4862277366357
depth_vs_Andrus-P Vs_348,173.17793746062281
depth_vs_Andrus-P Vs_246,272.6451503940729
depth_vs_Andrus-P Vs_302,255.3207551267132
depth_vs_Mc15 Vs_233,132.14279752131083
depth_vs_Andrus-P Vs_794,138.15495576773347
depth_vs_Andrus-P Vs_606,145.0313068948694
depth_vs_Andrus-P Vs_579,238.40906763841696
depth_vs_Mc15 Vs_742,132.60041360970055
depth_vs_Mc15 Vs_647,130.5708375502479
depth_vs_Mc15 Vs_662,135.2258600811071
depth_vs_Mc15 Vs_911,122.23748065641998
depth_vs_Mc15 Vs_127,167.48899928729128
depth_vs_Andrus-P Vs_434,251.17282300561504
depth_vs_Mc15 Vs_699,161.21364716775113
depth_vs_Andrus-P Vs_798,159.8743927711068
depth_vs_Mc15 Vs_664,123.74772154507994
depth_vs_Andrus-P Vs_25,129.5889541855629
depth_vs_Andrus-P Vs_305,121.67718532889202
depth_vs_Mc15 Vs_541,137.8856353657874
depth_vs_Mc15 Vs_245,178.19741226273607
depth_vs_Andrus-P Vs_401,269.8765634930566
depth_vs_Andrus-P Vs_405,367.8182625633491
depth_vs_Andrus-P Vs_909,317.9259828109556
depth_vs_Mc15 Vs_931,119.60039590129188
depth_vs_Mc15 Vs_577,98.24129139157296
depth_vs_Mc15 Vs_917,177.68001463434638
depth_vs_Mc15 Vs_760,145.85698413431348
depth_vs_Mc15 Vs_973,116.54568209030857
depth_vs_Mc15 Vs_732,125.91975881055433
depth_vs_Andrus-P Vs_611,200.5086433010759
depth_vs_Andrus-P Vs_503,133.5035113749819
depth_vs_Mc15 Vs_434,128.12245158595397
depth_vs_Andrus-P Vs_960,201.57413223175794
depth_vs_Mc15 Vs_636,156.02789703470967
depth_vs_Andrus-P Vs_552,169.05638350668406
depth_vs_Mc15 Vs_754,128.53607224708577
depth_vs_Andrus-P Vs_939,305.56729048472715
depth_vs_Andrus-P Vs_605,387.8706418026888
depth_vs_Mc15 Vs_32,155.3848295950232
depth_vs_Andrus-P Vs_718,168.44218740225256
depth_vs_Mc15 Vs_678,129.62399433950714
depth_vs_Andrus-P Vs_295,226.10482396080366
depth_vs_Andrus-P Vs_511,365.96976598563043
depth_vs_Mc15 Vs_837,132.37505785452512
depth_vs_Andrus-P Vs_387,386.40214881854024
depth_vs_Mc15 Vs_906,115.01238940774682
depth_vs_Andrus-P Vs_799,196.02038275339265
depth_vs_Mc15 Vs_430,117.52413834410272
depth_vs_Mc15 Vs_624,134.65472215294673
depth_vs_Mc15 Vs_180,111.70552386883054
depth_vs_Andrus-P Vs_52,249.30088620824722
depth_vs_Mc15 Vs_47,165.96944159843494
depth_vs_Mc15 Vs_913,146.37768721887215
depth_vs_Mc15 Vs_815,129.74998572186354
depth_vs_Andrus-P Vs_260,394.88042051841336
depth_vs_Mc15 Vs_89,126.18503721757676
depth_vs_Andrus-P Vs_716,281.69248879409633
depth_vs_Andrus-P Vs_787,252.9842563904491
depth_vs_Andrus-P Vs_952,209.19267960982745
depth_vs_Mc15 Vs_348,141.32434062214142
depth_vs_Andrus-P Vs_412,263.37863721093566
depth_vs_Mc15 Vs_965,153.87000537648098
depth_vs_Andrus-P Vs_167,150.48415711051712
depth_vs_Mc15 Vs_448,135.51530154324755
depth_vs_Andrus-P Vs_75,343.2387196128824
depth_vs_Andrus-P Vs_104,167.57887295885516
depth_vs_Andrus-P Vs_932,269.5418324411891
depth_vs_Mc15 Vs_515,174.45488055262814
depth_vs_Mc15 Vs_633,127.07938527732217
depth_vs_Andrus-P Vs_436,238.12827727073218
depth_vs_Mc15 Vs_863,151.12236346980598
depth_vs_Mc15 Vs_983,130.01073827920806
depth_vs_Mc15 Vs_957,112.07927177617486
depth_vs_Mc15 Vs_937,155.01474479842796
depth_vs_Andrus-P Vs_16,146.90050858029178
depth_vs_Andrus-P Vs_224,231.20212732536092
depth_vs_Andrus-P Vs_599,365.4203954309477
depth_vs_Mc15 Vs_104,119.5186844445646
depth_vs_Andrus-P Vs_906,206.14320105603244
depth_vs_Mc15 Vs_922,117.46494866706388
depth_vs_Andrus-P Vs_977,156.98072444056834
depth_vs_Andrus-P Vs_572,226.10959800163283
depth_vs_Mc15 Vs_59,140.9636628485994
depth_vs_Andrus-P Vs_488,193.02977756356657
depth_vs_Andrus-P Vs_171,139.51938845454617
depth_vs_Andrus-P Vs_324,193.57684066082444
depth_vs_Mc15 Vs_334,152.15763021034496
depth_vs_Andrus-P Vs_12,279.7925952423992
depth_vs_Mc15 Vs_771,118.88103879519963
depth_vs_Mc15 Vs_873,161.47479718104202
depth_vs_Mc15 Vs_365,108.12143085385513
depth_vs_Mc15 Vs_199,168.6227031555825
depth_vs_Mc15 Vs_263,115.41541038405018
depth_vs_Andrus-P Vs_172,196.88576536516842
depth_vs_Mc15 Vs_461,140.8179861361554
depth_vs_Andrus-P Vs_325,141.31064671784662
depth_vs_Mc15 Vs_299,121.45146449620925
depth_vs_Mc15 Vs_536,128.037413618759
depth_vs_Andrus-P Vs_219,353.64822549760186
depth_vs_Andrus-P Vs_402,134.1770989799689
depth_vs_Mc15 Vs_802,143.98220222675803
depth_vs_Andrus-P Vs_559,226.28086480103283
depth_vs_Andrus-P Vs_422,200.49238221682648
depth_vs_Mc15 Vs_11,194.3529125894232
depth_vs_Mc15 Vs_935,145.3736577612247
depth_vs_Andrus-P Vs_543,331.10065479104065
depth_vs_Mc15 Vs_406,155.22069573336478
depth_vs_Andrus-P Vs_815,230.68515359317925
depth_vs_Andrus-P Vs_510,356.52706763849176
depth_vs_Andrus-P Vs_750,185.00839526794584
depth_vs_Andrus-P Vs_590,226.23745909660818
depth_vs_Andrus-P Vs_38,185.72298113001602
depth_vs_Andrus-P Vs_769,162.62230751607171
depth_vs_Mc15 Vs_431,115.77814617015989
depth_vs_Andrus-P Vs_149,190.9288391377029
depth_vs_Andrus-P Vs_121,244.97895412094508
depth_vs_Andrus-P Vs_377,270.46851369884814
depth_vs_Mc15 Vs_208,146.75442511684093
depth_vs_Andrus-P Vs_616,154.4557956308614
depth_vs_Andrus-P Vs_9,205.99173321855622
depth_vs_Andrus-P Vs_385,196.38593610682446
depth_vs_Andrus-P Vs_407,201.363682640678
depth_vs_Mc15 Vs_111,153.67466084448813
depth_vs_Andrus-P Vs_652,287.0574971708209
depth_vs_Mc15 Vs_123,133.96354711969153
depth_vs_Andrus-P Vs_715,197.89262925164948
depth_vs_Mc15 Vs_608,125.46301238691552
depth_vs_Andrus-P Vs_844,168.0375159742431
depth_vs_Andrus-P Vs_448,101.83156757071566
depth_vs_Andrus-P Vs_390,290.5173524981672
depth_vs_Mc15 Vs_832,156.09269818581419
depth_vs_Andrus-P Vs_130,406.56210484659715
depth_vs_Andrus-P Vs_472,254.5438982848505
depth_vs_Andrus-P Vs_179,216.54525665661583
depth_vs_Mc15 Vs_794,153.9191067753996
depth_vs_Andrus-P Vs_762,186.6840930393394
depth_vs_Mc15 Vs_753,143.16471364002902
depth_vs_Andrus-P Vs_162,119.56942017265351
depth_vs_Mc15 Vs_780,121.83134366962756
depth_vs_Andrus-P Vs_314,193.009192383576
depth_vs_Andrus-P Vs_813,172.70890494574593
depth_vs_Mc15 Vs_381,131.82572291221513
depth_vs_Andrus-P Vs_451,247.35099884308534
depth_vs_Mc15 Vs_703,146.86347261995672
depth_vs_Andrus-P Vs_786,266.65314837670275
depth_vs_Mc15 Vs_27,127.17948334794319
depth_vs_Andrus-P Vs_196,312.939130595632
depth_vs_Mc15 Vs_650,147.52153923199074
depth_vs_Andrus-P Vs_663,195.15971401035927
depth_vs_Andrus-P Vs_630,192.12652897691865
depth_vs_Mc15 Vs_470,138.23461188064627
depth_vs_Andrus-P Vs_837,269.5972520916556
depth_vs_Mc15 Vs_236,136.21789819020483
depth_vs_Andrus-P Vs_526,208.2553484817047
depth_vs_Andrus-P Vs_241,182.49705548021436
depth_vs_Andrus-P Vs_730,156.08075785033066
depth_vs_Mc15 Vs_592,154.3831502147453
depth_vs_Mc15 Vs_311,114.31959643680766
depth_vs_Andrus-P Vs_142,301.401539881506
depth_vs_Andrus-P Vs_694,216.939967371436
depth_vs_Andrus-P Vs_60,399.1228068149732
depth_vs_Mc15 Vs_552,151.0858657753543
depth_vs_Mc15 Vs_92,140.48706245176064
depth_vs_Andrus-P Vs_536,140.92522507545192
depth_vs_Mc15 Vs_773,147.78942410321866
depth_vs_Mc15 Vs_99,122.71945365530357
depth_vs_Mc15 Vs_642,119.6595400118777
depth_vs_Mc15 Vs_784,110.32805703001134
depth_vs_Andrus-P Vs_711,140.01771010037686
depth_vs_Mc15 Vs_211,142.63612348698393
depth_vs_Mc15 Vs_158,171.68243512369256
depth_vs_Andrus-P Vs_851,325.76428574071605
depth_vs_Andrus-P Vs_770,90.25154618791616
depth_vs_Mc15 Vs_62,131.74644518297978
depth_vs_Mc15 Vs_192,128.93190185302257
depth_vs_Mc15 Vs_437,119.1700469603332
depth_vs_Mc15 Vs_604,116.78475477350416
depth_vs_Andrus-P Vs_593,385.9343158525896
depth_vs_Andrus-P Vs_445,119.29479014021413
depth_vs_Andrus-P Vs_834,108.1289723051594
depth_vs_Andrus-P Vs_934,206.7996649052819
depth_vs_Andrus-P Vs_935,167.9036164582836
depth_vs_Mc15 Vs_388,166.94519197581872
depth_vs_Andrus-P Vs_879,129.72576105010796
depth_vs_Andrus-P Vs_777,153.93812882467444
depth_vs_Mc15 Vs_298,141.61926257278373
depth_vs_Mc15 Vs_476,129.74821555802112
depth_vs_Andrus-P Vs_826,213.51564270626358
depth_vs_Mc15 Vs_163,117.77170408510855
depth_vs_Andrus-P Vs_148,249.6813346581745
depth_vs_Andrus-P Vs_999,203.32618420455734
depth_vs_Andrus-P Vs_591,180.09434369490364
depth_vs_Mc15 Vs_241,129.59119132593193
depth_vs_Andrus-P Vs_733,214.46878218717308
depth_vs_Andrus-P Vs_207,301.811832759324
depth_vs_Andrus-P Vs_695,213.46397731143858
depth_vs_Mc15 Vs_696,151.47775674505846
depth_vs_Andrus-P Vs_548,170.68594044378793
depth_vs_Andrus-P Vs_639,136.83971308893445
depth_vs_Andrus-P Vs_759,165.81299460026213
depth_vs_Andrus-P Vs_868,196.95848148424125
depth_vs_Mc15 Vs_938,118.14976442695139
depth_vs_Mc15 Vs_374,145.23845683646041
depth_vs_Andrus-P Vs_492,289.4689142571269
depth_vs_Mc15 Vs_725,144.34288130236527
depth_vs_Mc15 Vs_425,154.39131280534775
depth_vs_Andrus-P Vs_876,191.33306383123977
depth_vs_Mc15 Vs_609,165.23129141145725
depth_vs_Mc15 Vs_670,133.22301017769058
depth_vs_Mc15 Vs_355,149.07930305637905
depth_vs_Mc15 Vs_428,124.74869783702299
depth_vs_Andrus-P Vs_79,279.6208127608008
depth_vs_Mc15 Vs_641,123.03011773027174
depth_vs_Mc15 Vs_229,156.69839624097128
depth_vs_Andrus-P Vs_852,294.45880835762586
depth_vs_Mc15 Vs_48,177.3474828064025
depth_vs_Mc15 Vs_419,155.382980479674
depth_vs_Mc15 Vs_834,162.25850957856397
depth_vs_Andrus-P Vs_854,183.77356215512845
depth_vs_Mc15 Vs_201,145.9644753542936
depth_vs_Mc15 Vs_808,128.86001315295934
depth_vs_Mc15 Vs_981,122.27955122113646
depth_vs_Mc15 Vs_477,121.20014657363947
depth_vs_Andrus-P Vs_161,231.86220154571828
depth_vs_Andrus-P Vs_315,207.0215621646047
depth_vs_Andrus-P Vs_785,388.9453169139619
depth_vs_Mc15 Vs_557,111.47875004362068
depth_vs_Mc15 Vs_993,196.79137703446617
depth_vs_Mc15 Vs_495,130.73934638535295
depth_vs_Andrus-P Vs_567,221.82448010520395
depth_vs_Mc15 Vs_319,145.50896239908596
depth_vs_Andrus-P Vs_83,263.36140552671225
depth_vs_Andrus-P Vs_43,263.06458342488344
depth_vs_Mc15 Vs_542,160.49342350706954
depth_vs_Andrus-P Vs_477,225.52570121485067
depth_vs_Andrus-P Vs_602,190.64255184906105
depth_vs_Mc15 Vs_132,162.73186267902256
depth_vs_Mc15 Vs_723,157.25283830657912
depth_vs_Andrus-P Vs_545,195.00153571238022
depth_vs_Mc15 Vs_119,159.1258900983881
depth_vs_Andrus-P Vs_465,193.65147724205042
depth_vs_Andrus-P Vs_418,195.4612350053907
depth_vs_Mc15 Vs_64,126.29667310702065
depth_vs_Andrus-P Vs_202,207.41972103309502
depth_vs_Mc15 Vs_719,133.71681891183874
depth_vs_Mc15 Vs_312,126.51976454806592
depth_vs_Andrus-P Vs_426,112.63767929462877
depth_vs_Andrus-P Vs_832,294.68181437360585
depth_vs_Mc15 Vs_522,101.03586703518063
depth_vs_Mc15 Vs_656,145.5665711815366
depth_vs_Andrus-P Vs_676,428.00329193211104
depth_vs_Mc15 Vs_440,135.55991305241292
depth_vs_Mc15 Vs_685,164.07065430923336
depth_vs_Mc15 Vs_947,153.27148612297879
depth_vs_Mc15 Vs_489,181.88549609523963
depth_vs_Andrus-P Vs_332,312.01626024786185
depth_vs_Mc15 Vs_33,127.74047156248729
depth_vs_Mc15 Vs_335,119.88139164736927
depth_vs_Andrus-P Vs_885,186.72914657638896
depth_vs_Andrus-P Vs_649,185.34791251056458
depth_vs_Andrus-P Vs_97,164.66093311672978
depth_vs_Andrus-P Vs_528,333.6506778671311
depth_vs_Mc15 Vs_668,176.2187645510694
depth_vs_Mc15 Vs_467,145.07872664325157
depth_vs_Mc15 Vs_110,156.45585613771945
depth_vs_Mc15 Vs_49,128.05039832848794
depth_vs_Mc15 Vs_70,139.41549523698902
depth_vs_Andrus-P Vs_330,195.39915036221035
depth_vs_Mc15 Vs_859,162.99597874538398
depth_vs_Mc15 Vs_145,95.4840636337699
depth_vs_Mc15 Vs_870,136.0417978341331
depth_vs_Andrus-P Vs_197,234.88156174022177
depth_vs_Andrus-P Vs_349,141.6878342654306
depth_vs_Mc15 Vs_505,137.9806276358034
depth_vs_Mc15 Vs_814,126.78685149541616
depth_vs_Andrus-P Vs_660,258.54154059627274
depth_vs_Mc15 Vs_152,185.11297284895733
depth_vs_Andrus-P Vs_933,282.57781522356777
depth_vs_Andrus-P Vs_278,325.6950190948364
depth_vs_Andrus-P Vs_971,191.21661520789286
depth_vs_Mc15 Vs_805,107.45612812364546
depth_vs_Mc15 Vs_136,91.77033491629969
depth_vs_Andrus-P Vs_584,222.08957873388385
depth_vs_Andrus-P Vs_981,355.84732864364605
depth_vs_Mc15 Vs_745,150.58532691736627
depth_vs_Andrus-P Vs_62,241.6220543909274
depth_vs_Andrus-P Vs_74,154.26557576799055
depth_vs_Andrus-P Vs_693,363.12146474141235
depth_vs_Andrus-P Vs_673,311.52081948859075
depth_vs_Andrus-P Vs_206,194.76345664084377
depth_vs_Mc15 Vs_354,121.86995180364778
depth_vs_Mc15 Vs_626,129.92991879866912
depth_vs_Mc15 Vs_397,171.94915749366217
depth_vs_Andrus-P Vs_717,230.2151251798906
depth_vs_Mc15 Vs_439,126.10051794529728
depth_vs_Andrus-P Vs_849,135.38388979750604
depth_vs_Mc15 Vs_916,136.6696847380768
depth_vs_Andrus-P Vs_106,223.82206869645913
depth_vs_Mc15 Vs_786,146.86655583996804
depth_vs_Mc15 Vs_675,147.28467877343502
depth_vs_Andrus-P Vs_666,227.79221386452758
depth_vs_Andrus-P Vs_273,252.74886178392464
depth_vs_Mc15 Vs_889,214.16365131426207
depth_vs_Andrus-P Vs_303,265.15121811040797
depth_vs_Mc15 Vs_213,162.279045774328
depth_vs_Mc15 Vs_84,122.723049523621
depth_vs_Andrus-P Vs_643,114.32963772700077
depth_vs_Mc15 Vs_597,103.71706442733921
depth_vs_Andrus-P Vs_588,243.52038586814973
depth_vs_Mc15 Vs_154,115.1239823589278
depth_vs_Mc15 Vs_86,145.85734378531427
depth_vs_Andrus-P Vs_346,137.94377078624444
depth_vs_Mc15 Vs_772,141.0042675062938
depth_vs_Andrus-P Vs_646,172.0833199656907
depth_vs_Mc15 Vs_645,126.22096051251492
depth_vs_Andrus-P Vs_973,114.89018349819956
depth_vs_Andrus-P Vs_460,368.3672450417102
depth_vs_Andrus-P Vs_490,222.0510985702368
depth_vs_Mc15 Vs_466,156.0870541077724
depth_vs_Andrus-P Vs_375,308.2839601677408
depth_vs_Andrus-P Vs_471,117.92092032762676
depth_vs_Andrus-P Vs_989,242.98687107401693
depth_vs_Mc15 Vs_56,150.60761818067095
depth_vs_Mc15 Vs_908,139.1970314436577
depth_vs_Andrus-P Vs_199,329.5074333341738
depth_vs_Andrus-P Vs_255,304.96547331984596
depth_vs_Andrus-P Vs_714,217.48972835291514
depth_vs_Andrus-P Vs_780,261.7851676445286
depth_vs_Mc15 Vs_420,146.5156058811906
depth_vs_Mc15 Vs_795,97.76008734051933
depth_vs_Mc15 Vs_175,135.7227177835609
depth_vs_Andrus-P Vs_215,324.03641317388843
depth_vs_Andrus-P Vs_719,156.5535114607695
depth_vs_Andrus-P Vs_275,328.7169161659808
depth_vs_Andrus-P Vs_228,224.251580632541
depth_vs_Mc15 Vs_349,123.12010390849379
depth_vs_Mc15 Vs_524,143.19980354542767
depth_vs_Andrus-P Vs_839,280.32929003843657
depth_vs_Andrus-P Vs_515,235.93975515457115
depth_vs_Mc15 Vs_281,165.86997595035774
depth_vs_Mc15 Vs_438,119.81431441724975
depth_vs_Andrus-P Vs_984,221.0654853198185
depth_vs_Andrus-P Vs_168,158.77874752926215
depth_vs_Andrus-P Vs_1,289.06097044154245
depth_vs_Mc15 Vs_67,156.77773982306357
depth_vs_Mc15 Vs_249,144.73125324932062
depth_vs_Mc15 Vs_518,105.87614194990294
depth_vs_Mc15 Vs_73,142.9566080236709
depth_vs_Mc15 Vs_769,153.48235355221047
depth_vs_Mc15 Vs_865,145.7116062529932
depth_vs_Andrus-P Vs_132,216.3822823907608
depth_vs_Mc15 Vs_503,140.54103274700196
depth_vs_Andrus-P Vs_311,157.29229379276532
depth_vs_Andrus-P Vs_671,232.87420009228725
depth_vs_Andrus-P Vs_254,161.45913237136224
depth_vs_Andrus-P Vs_211,120.68092841910033
depth_vs_Mc15 Vs_216,131.96714502131877
depth_vs_Andrus-P Vs_533,168.2061955212023
depth_vs_Andrus-P Vs_931,211.3058001048863
depth_vs_Andrus-P Vs_554,142.9640715671515
depth_vs_Mc15 Vs_621,119.47504647389916
depth_vs_Mc15 Vs_521,121.97155251072324
depth_vs_Andrus-P Vs_625,202.26549739754256
depth_vs_Andrus-P Vs_474,128.80617295407134
depth_vs_Mc15 Vs_491,105.96788896112741
depth_vs_Andrus-P Vs_342,340.5369932174906
depth_vs_Andrus-P Vs_410,163.36202561777927
depth_vs_Mc15 Vs_462,163.04549656879377
depth_vs_Andrus-P Vs_814,162.64168298649173
depth_vs_Andrus-P Vs_187,374.48637854702844
depth_vs_Mc15 Vs_146,118.79037827996866
depth_vs_Mc15 Vs_925,96.71568618227896
depth_vs_Andrus-P Vs_767,259.49181592664326
depth_vs_Mc15 Vs_606,133.54368396571823
depth_vs_Andrus-P Vs_146,311.2717960871001
depth_vs_Andrus-P Vs_612,263.10050838743655
depth_vs_Andrus-P Vs_911,183.66451222859797
depth_vs_Mc15 Vs_982,122.59256553926072
depth_vs_Andrus-P Vs_68,191.5548895285669
depth_vs_Andrus-P Vs_127,187.4130159495721
depth_vs_Andrus-P Vs_93,227.9727513642749
depth_vs_Mc15 Vs_220,160.6434139232586
depth_vs_Mc15 Vs_326,120.89814357535543
depth_vs_Andrus-P Vs_317,314.3906475256659
depth_vs_Mc15 Vs_768,156.07596167363965
depth_vs_Andrus-P Vs_880,214.77203137843247
depth_vs_Mc15 Vs_7,154.30874316784383
depth_vs_Andrus-P Vs_360,243.76911045562832
depth_vs_Andrus-P Vs_620,225.84899881626873
depth_vs_Mc15 Vs_963,143.5827883731018
depth_vs_Mc15 Vs_269,136.87094145716281
depth_vs_Andrus-P Vs_775,138.73289784857513
depth_vs_Andrus-P Vs_44,213.38762579382893
depth_vs_Mc15 Vs_532,110.08005943950835
depth_vs_Andrus-P Vs_776,304.0986828127259
depth_vs_Andrus-P Vs_840,245.50531826434326
depth_vs_Mc15 Vs_262,119.74483868921273
depth_vs_Mc15 Vs_483,112.55018405860909
depth_vs_Mc15 Vs_174,133.60650287183844
depth_vs_Andrus-P Vs_274,225.7609288121255
depth_vs_Andrus-P Vs_300,189.11876684938608
depth_vs_Mc15 Vs_105,136.83448064637247
depth_vs_Mc15 Vs_223,150.832194812756
depth_vs_Andrus-P Vs_926,332.2107258315465
depth_vs_Mc15 Vs_212,145.47769875032176
depth_vs_Andrus-P Vs_361,162.38947452111853
depth_vs_Mc15 Vs_572,137.11267487070313
depth_vs_Andrus-P Vs_180,274.6179582781203
depth_vs_Mc15 Vs_799,143.9132475803391
depth_vs_Mc15 Vs_320,134.08619253578323
depth_vs_Mc15 Vs_736,107.58356441459532
depth_vs_Andrus-P Vs_621,110.17094706997614
depth_vs_Mc15 Vs_546,136.98869459481693
depth_vs_Mc15 Vs_756,169.71268550268096
depth_vs_Mc15 Vs_510,120.01901657317674
depth_vs_Andrus-P Vs_722,258.5085345403805
depth_vs_Andrus-P Vs_674,350.3823859026458
depth_vs_Mc15 Vs_386,164.14613883420756
depth_vs_Mc15 Vs_688,113.64853983937942
depth_vs_Andrus-P Vs_37,234.27666411039888
depth_vs_Mc15 Vs_362,153.17375005823965
depth_vs_Andrus-P Vs_486,115.3807243842035
depth_vs_Mc15 Vs_457,131.67821935011747
depth_vs_Andrus-P Vs_915,151.86127991498253
depth_vs_Mc15 Vs_548,112.29394766506303
depth_vs_Andrus-P Vs_801,222.37319164788522
depth_vs_Andrus-P Vs_363,159.30791564792082
depth_vs_Mc15 Vs_68,128.0684297407194
depth_vs_Mc15 Vs_652,141.23200537958147
depth_vs_Mc15 Vs_289,129.4455499311385
depth_vs_Andrus-P Vs_376,209.83004712635497
depth_vs_Mc15 Vs_709,114.73757921037934
depth_vs_Mc15 Vs_280,144.87114839960014
depth_vs_Mc15 Vs_227,147.57476562841723
depth_vs_Andrus-P Vs_948,196.1243930963905
depth_vs_Mc15 Vs_346,123.76332709583846
depth_vs_Andrus-P Vs_193,240.79042916297342
depth_vs_Andrus-P Vs_105,361.7114269119593
depth_vs_Mc15 Vs_734,116.69339419651918
depth_vs_Andrus-P Vs_116,245.95179463990377
depth_vs_Mc15 Vs_371,120.21915634244498
depth_vs_Mc15 Vs_403,189.87205521149352
depth_vs_Andrus-P Vs_833,300.3013756230327
depth_vs_Mc15 Vs_682,129.00258510550577
depth_vs_Andrus-P Vs_355,187.85960641632147
depth_vs_Andrus-P Vs_803,314.2177343030798
depth_vs_Andrus-P Vs_152,226.26419052213697
depth_vs_Andrus-P Vs_281,289.55722207483774
depth_vs_Andrus-P Vs_696,184.9513631572722
depth_vs_Andrus-P Vs_453,245.06040401087876
depth_vs_Mc15 Vs_663,128.32427094910878
depth_vs_Mc15 Vs_341,140.28688556595668
depth_vs_Mc15 Vs_209,143.25363180995518
depth_vs_Mc15 Vs_456,115.97136766733536
depth_vs_Andrus-P Vs_337,216.38473631908525
depth_vs_Mc15 Vs_459,99.67646594046796
depth_vs_Mc15 Vs_651,103.03731142935742
depth_vs_Mc15 Vs_602,123.42799425557968
depth_vs_Andrus-P Vs_963,275.57519346307504
depth_vs_Mc15 Vs_350,116.49739105491521
depth_vs_Andrus-P Vs_57,202.58797830835306
depth_vs_Andrus-P Vs_684,208.1064705935183
depth_vs_Mc15 Vs_613,131.615623004208
depth_vs_Andrus-P Vs_904,138.2883562017834
depth_vs_Andrus-P Vs_307,172.69557991878315
depth_vs_Andrus-P Vs_689,266.37630933490345
depth_vs_Mc15 Vs_382,163.7261829890545
depth_vs_Mc15 Vs_286,114.6005790838991
depth_vs_Mc15 Vs_829,139.44045136750438
depth_vs_Mc15 Vs_775,156.52534164901002
depth_vs_Mc15 Vs_357,182.97307715611302
depth_vs_Andrus-P Vs_603,146.80812470121577
depth_vs_Andrus-P Vs_135,139.92061540503383
depth_vs_Andrus-P Vs_13,123.39019686112833
depth_vs_Mc15 Vs_514,133.2497074109361
depth_vs_Mc15 Vs_257,106.88435834998181
depth_vs_Andrus-P Vs_222,229.53039708431157
depth_vs_Andrus-P Vs_569,318.6441991965391
depth_vs_Andrus-P Vs_518,230.95005879589357
depth_vs_Andrus-P Vs_362,323.3332155837667
depth_vs_Mc15 Vs_112,133.953044506595
depth_vs_Mc15 Vs_13,150.31391955610576
depth_vs_Andrus-P Vs_423,244.7302803519334
depth_vs_Mc15 Vs_171,146.69007055829283
depth_vs_Andrus-P Vs_812,160.88947753873794
depth_vs_Mc15 Vs_304,147.72618659403742
depth_vs_Mc15 Vs_35,125.32077305941857
depth_vs_Andrus-P Vs_379,179.37022346419673
depth_vs_Mc15 Vs_953,116.45626762591131
depth_vs_Andrus-P Vs_956,116.0790457920345
depth_vs_Mc15 Vs_454,125.75798853898934
depth_vs_Andrus-P Vs_478,216.84300490186706
depth_vs_Mc15 Vs_591,121.31520508423549
depth_vs_Mc15 Vs_825,121.76935101223131
depth_vs_Mc15 Vs_98,128.54727570769919
depth_vs_Andrus-P Vs_968,270.98794840963524
depth_vs_Mc15 Vs_37,103.69710621699079
depth_vs_Andrus-P Vs_455,196.14919772529709
depth_vs_Mc15 Vs_990,153.27870350054093
depth_vs_Andrus-P Vs_122,171.9067188041857
depth_vs_Andrus-P Vs_509,513.5004740220892
depth_vs_Andrus-P Vs_333,311.762452539307
depth_vs_Andrus-P Vs_848,163.8841358764921
depth_vs_Mc15 Vs_302,120.72324602288988
depth_vs_Mc15 Vs_543,160.91982067831344
depth_vs_Mc15 Vs_404,110.02123201213301
depth_vs_Mc15 Vs_375,130.91567900333246
depth_vs_Andrus-P Vs_470,363.93658763126575
depth_vs_Andrus-P Vs_481,407.74752798315325
depth_vs_Mc15 Vs_589,112.42749060271929
depth_vs_Mc15 Vs_511,127.18394159122774
depth_vs_Mc15 Vs_941,126.52532814121001
depth_vs_Andrus-P Vs_292,192.4567221310941
depth_vs_Mc15 Vs_854,134.58612915132377
depth_vs_Andrus-P Vs_534,233.01472260436876
depth_vs_Mc15 Vs_565,125.85085621308207
depth_vs_Andrus-P Vs_856,193.16752601421567
depth_vs_Andrus-P Vs_751,487.0036154118432
depth_vs_Mc15 Vs_140,166.93630048370997
depth_vs_Andrus-P Vs_998,176.18577694011452
depth_vs_Andrus-P Vs_482,376.6706833108408
depth_vs_Mc15 Vs_414,145.73408825069126
depth_vs_Mc15 Vs_779,134.13416176191313
depth_vs_Mc15 Vs_951,127.99767713222113
depth_vs_Andrus-P Vs_437,169.2129098409785
depth_vs_Andrus-P Vs_746,136.19976775139907
depth_vs_Mc15 Vs_586,157.1121864887077
depth_vs_Andrus-P Vs_119,201.14413201364292
depth_vs_Andrus-P Vs_141,163.98762926083347
depth_vs_Mc15 Vs_141,111.28916639401902
depth_vs_Andrus-P Vs_239,445.6889699313702
depth_vs_Andrus-P Vs_257,177.64082481879913
depth_vs_Mc15 Vs_614,153.42373021078643
depth_vs_Mc15 Vs_128,149.1633491643345
depth_vs_Andrus-P Vs_350,158.87953716667144
depth_vs_Andrus-P Vs_872,186.26828399644975
depth_vs_Andrus-P Vs_51,363.5897070479288
depth_vs_Andrus-P Vs_42,379.88663772487087
depth_vs_Mc15 Vs_695,150.53920140193517
depth_vs_Mc15 Vs_848,121.04462397900254
depth_vs_Andrus-P Vs_489,155.07591944794885
depth_vs_Mc15 Vs_379,138.1257440413899
depth_vs_Andrus-P Vs_760,169.96527744151967
depth_vs_Andrus-P Vs_841,121.96559816852721
depth_vs_Mc15 Vs_31,180.57377690758574
depth_vs_Andrus-P Vs_371,162.8708028978273
depth_vs_Mc15 Vs_133,125.44650610289311
depth_vs_Andrus-P Vs_710,222.12027769123986
depth_vs_Andrus-P Vs_594,261.7113914804241
depth_vs_Andrus-P Vs_502,242.53056313425893
depth_vs_Mc15 Vs_731,142.2192721062896
depth_vs_Mc15 Vs_875,105.21548721181598
depth_vs_Mc15 Vs_117,137.4490837271314
depth_vs_Andrus-P Vs_123,218.01452336636808
depth_vs_Mc15 Vs_221,125.46799850296856
depth_vs_Mc15 Vs_727,128.36030113408992
depth_vs_Mc15 Vs_683,133.92517217368373
depth_vs_Andrus-P Vs_861,391.8451791027339
depth_vs_Mc15 Vs_363,116.5283804107384
depth_vs_Mc15 Vs_959,150.44217911944946
depth_vs_Mc15 Vs_531,132.9432225863562
depth_vs_Mc15 Vs_85,130.75452189078825
depth_vs_Andrus-P Vs_294,160.66758662687712
depth_vs_Mc15 Vs_816,123.97620214628472
depth_vs_Mc15 Vs_272,140.81535169114625
depth_vs_Mc15 Vs_943,134.0325344430073
depth_vs_Andrus-P Vs_144,281.9403163788938
depth_vs_Andrus-P Vs_21,202.48725240058158
depth_vs_Mc15 Vs_881,159.82022624597712
depth_vs_Andrus-P Vs_824,267.2969986925908
depth_vs_Mc15 Vs_898,125.3366434818966
depth_vs_Mc15 Vs_61,131.4311297032776
depth_vs_Andrus-P Vs_967,128.4010994580812
depth_vs_Andrus-P Vs_170,130.43564956466494
depth_vs_Andrus-P Vs_866,84.28195102763334
depth_vs_Andrus-P Vs_702,147.03321549976263
depth_vs_Andrus-P Vs_808,217.67450484495905
depth_vs_Andrus-P Vs_212,301.0831864446766
depth_vs_Andrus-P Vs_131,198.47618546367
depth_vs_Andrus-P Vs_946,346.38806709657985
depth_vs_Mc15 Vs_6,155.70976328359717
depth_vs_Andrus-P Vs_863,265.16802339921736
depth_vs_Mc15 Vs_831,140.24756023268174
depth_vs_Mc15 Vs_416,160.59820502886888
depth_vs_Andrus-P Vs_185,227.81872596081556
depth_vs_Andrus-P Vs_439,135.04309609557924
depth_vs_Andrus-P Vs_382,222.14171056901992
depth_vs_Andrus-P Vs_430,247.01255494049616
depth_vs_Mc15 Vs_43,119.25580842374893
depth_vs_Mc15 Vs_517,120.54999562139332
depth_vs_Andrus-P Vs_831,253.4435497722308
depth_vs_Andrus-P Vs_195,161.87357387168242
depth_vs_Andrus-P Vs_887,179.81481984431514
depth_vs_Andrus-P Vs_817,166.91436439697756
depth_vs_Mc15 Vs_770,143.50957451770387
depth_vs_Andrus-P Vs_200,162.5554132809057
depth_vs_Andrus-P Vs_712,263.102251204885
depth_vs_Mc15 Vs_566,131.97794627918188
depth_vs_Andrus-P Vs_804,216.8744833606454
depth_vs_Mc15 Vs_307,147.4236930354941
depth_vs_Andrus-P Vs_286,303.2454238853706
depth_vs_Mc15 Vs_553,126.17155056769141
depth_vs_Andrus-P Vs_5,190.98364518512432
depth_vs_Andrus-P Vs_312,186.9846754861626
depth_vs_Andrus-P Vs_310,216.75561372218888
depth_vs_Andrus-P Vs_39,337.5540415637042
depth_vs_Mc15 Vs_417,131.94504979702862
depth_vs_Andrus-P Vs_732,147.57380922298339
depth_vs_Andrus-P Vs_335,127.71809321564663
depth_vs_Mc15 Vs_400,164.40302936350918
depth_vs_Andrus-P Vs_918,123.20467679140765
depth_vs_Mc15 Vs_79,170.47453589471345
depth_vs_Mc15 Vs_897,170.56114437425327
depth_vs_Mc15 Vs_347,152.3696249689168
depth_vs_Mc15 Vs,136.39771559500218
depth_vs_Andrus-P Vs_476,324.32914931034543
depth_vs_Andrus-P Vs_657,275.7375954640761
depth_vs_Andrus-P Vs_440,270.43584821895024
depth_vs_Andrus-P Vs_878,175.1169765558793
depth_vs_Andrus-P Vs_651,181.79616939294348
depth_vs_Mc15 Vs_1,105.27391739483129
depth_vs_Andrus-P Vs_85,150.82495877741917
depth_vs_Mc15 Vs_560,121.71941272196712
depth_vs_Mc15 Vs_285,153.93489310471915
depth_vs_Mc15 Vs_40,140.68983963510226
depth_vs_Mc15 Vs_995,144.86265193919994
depth_vs_Mc15 Vs_380,121.40039892308216
depth_vs_Andrus-P Vs_473,187.9252534722473
depth_vs_Mc15 Vs_979,169.9009319082439
depth_vs_Andrus-P Vs_176,158.8529803911128
depth_vs_Andrus-P Vs_245,236.79967599123597
depth_vs_Mc15 Vs_820,141.28917895166828
depth_vs_Mc15 Vs_23,127.7331784381194
depth_vs_Andrus-P Vs_535,347.65069071963956
depth_vs_Andrus-P Vs_805,219.93246214780876
depth_vs_Mc15 Vs_504,161.5002911866013
depth_vs_Andrus-P Vs_46,170.65990246594333
depth_vs_Mc15 Vs_895,123.12346516151764
depth_vs_Mc15 Vs_2,122.75993696103934
depth_vs_Mc15 Vs_95,140.8222792692079
depth_vs_Mc15 Vs_856,173.5185686760148
depth_vs_Mc15 Vs_30,170.38897236349663
depth_vs_Andrus-P Vs_320,190.9369521088423
depth_vs_Andrus-P Vs_972,194.72371327458416
depth_vs_Mc15 Vs_673,130.14217045983236
depth_vs_Mc15 Vs_704,145.26248064768043
depth_vs_Mc15 Vs_710,154.38080733889333
depth_vs_Mc15 Vs_569,132.2731750107405
depth_vs_Andrus-P Vs_520,375.0836353286829
depth_vs_Mc15 Vs_315,170.15111309230196
depth_vs_Andrus-P Vs_959,154.91006254027025
depth_vs_Mc15 Vs_954,146.80128992779424
depth_vs_Mc15 Vs_188,144.51970701252054
depth_vs_Andrus-P Vs_980,170.43581980873543
depth_vs_Mc15 Vs_228,116.09344111064405
depth_vs_Andrus-P Vs_923,238.95412903747226
depth_vs_Andrus-P Vs_280,271.27838528837765
depth_vs_Andrus-P Vs_635,188.03958867804803
depth_vs_Andrus-P Vs_256,262.53141935016174
depth_vs_Mc15 Vs_665,122.43891361295566
depth_vs_Andrus-P Vs_592,126.87928139316358
depth_vs_Mc15 Vs_21,107.0035215011736
depth_vs_Andrus-P Vs_165,260.52103304319286
depth_vs_Andrus-P Vs_738,138.42526482477808
depth_vs_Andrus-P Vs_91,160.5907510085921
depth_vs_Andrus-P Vs_624,208.8010452668088
depth_vs_Andrus-P Vs_323,228.66590675980248
depth_vs_Mc15 Vs_71,154.1204607471794
depth_vs_Mc15 Vs_526,104.40282288092102
depth_vs_Mc15 Vs_813,131.7727625896987
depth_vs_Mc15 Vs_618,148.20758123911602
depth_vs_Andrus-P Vs_920,268.8205038036914
depth_vs_Andrus-P Vs_743,119.61141924171983
depth_vs_Mc15 Vs_962,127.49393438464568
depth_vs_Andrus-P Vs_796,213.4094858353337
depth_vs_Andrus-P Vs_253,408.0791209718419
depth_vs_Andrus-P Vs_290,238.52788865680114
depth_vs_Andrus-P Vs_827,156.61676076797622
depth_vs_Andrus-P Vs_845,248.96449800817382
depth_vs_Andrus-P Vs_565,207.97749027817065
depth_vs_Mc15 Vs_332,89.01782651128558
depth_vs_Mc15 Vs_415,113.40398911236947
depth_vs_Mc15 Vs_603,147.2712857657424
depth_vs_Mc15 Vs_907,123.73739382948732
depth_vs_Andrus-P Vs_838,288.25863988478767
depth_vs_Andrus-P Vs_283,389.019718518485
depth_vs_Mc15 Vs_631,129.58596297428159
depth_vs_Andrus-P Vs_936,123.79387830450483
depth_vs_Mc15 Vs_322,133.81150844366024
depth_vs_Andrus-P Vs_340,306.0352402750251
depth_vs_Mc15 Vs_718,147.75526544538806
depth_vs_Andrus-P Vs_995,122.21249687484621
depth_vs_Andrus-P Vs_125,210.93205752748958
depth_vs_Mc15 Vs_473,145.64017471946383
depth_vs_Andrus-P Vs_365,296.3127590311551
depth_vs_Mc15 Vs_743,124.24077687530016
depth_vs_Andrus-P Vs_301,189.90270255805677
depth_vs_Andrus-P Vs_225,269.15469522995954
depth_vs_Mc15 Vs_116,146.28911502956524
depth_vs_Andrus-P Vs_112,289.8752951863088
depth_vs_Mc15 Vs_10,128.4854343429389
depth_vs_Mc15 Vs_387,159.81986347147844
depth_vs_Mc15 Vs_275,156.54272296313593
depth_vs_Andrus-P Vs_519,94.86507422030613
depth_vs_Mc15 Vs_905,123.14631558113233
depth_vs_Mc15 Vs_493,132.81633597345947
depth_vs_Mc15 Vs_8,155.04215373110716
depth_vs_Andrus-P Vs_166,186.965670252953
depth_vs_Mc15 Vs_138,128.80983860852834
depth_vs_Andrus-P Vs_296,286.70875963304445
depth_vs_Mc15 Vs_758,141.3929763924893
depth_vs_Mc15 Vs_896,130.52734146813543
depth_vs_Mc15 Vs_51,134.0952412841882
depth_vs_Mc15 Vs_395,138.54032025246372
depth_vs_Andrus-P Vs_491,239.5175756276789
depth_vs_Andrus-P Vs_267,277.63760311315576
depth_vs_Mc15 Vs_443,120.82334058618657
depth_vs_Mc15 Vs_3,128.6746965117252
depth_vs_Mc15 Vs_301,136.47799634987442
depth_vs_Andrus-P Vs_871,238.82278276968154
depth_vs_Mc15 Vs_368,114.82629663394165
depth_vs_Mc15 Vs_721,133.89122079150778
depth_vs_Mc15 Vs_966,131.73036060119918
depth_vs_Andrus-P Vs_679,134.03587519303323
depth_vs_Mc15 Vs_170,115.9073637718541
depth_vs_Mc15 Vs_244,108.37625401523809
depth_vs_Andrus-P Vs_748,329.0325270763011
depth_vs_Mc15 Vs_579,133.9121679536793
depth_vs_Andrus-P Vs_159,148.0744600143835
depth_vs_Mc15 Vs_432,154.61206517179636
depth_vs_Andrus-P Vs_326,152.82121369231749
depth_vs_Mc15 Vs_303,143.67245620214624
depth_vs_Mc15 Vs_500,100.8937326166797
depth_vs_Mc15 Vs_50,151.4530016097491
depth_vs_Mc15 Vs_69,90.70452285506524
depth_vs_Mc15 Vs_509,156.80375836868743
depth_vs_Andrus-P Vs_609,430.78763083793257
depth_vs_Mc15 Vs_294,150.35330515677288
depth_vs_Mc15 Vs_339,159.47970605361553
depth_vs_Andrus-P Vs_392,270.43087219156484
depth_vs_Andrus-P Vs_853,214.6536676728769
depth_vs_Andrus-P Vs_487,237.15556140396419
depth_vs_Andrus-P Vs_190,159.39190770202316
depth_vs_Andrus-P Vs_209,128.31302554726452
depth_vs_Andrus-P Vs_354,232.46768911385033
depth_vs_Mc15 Vs_88,133.62854855857415
depth_vs_Mc15 Vs_474,99.46384685644401
depth_vs_Andrus-P Vs_927,304.8498842282705
depth_vs_Andrus-P Vs_970,116.99126353533772
depth_vs_Mc15 Vs_469,142.04091156063305
depth_vs_Mc15 Vs_849,116.30184920136053
depth_vs_Andrus-P Vs_404,115.14800463796415
depth_vs_Mc15 Vs_215,92.93189954892426
depth_vs_Mc15 Vs_904,94.72522195084494
depth_vs_Mc15 Vs_91,107.69182677279606
depth_vs_Andrus-P Vs_441,129.07941446629866
depth_vs_Mc15 Vs_137,113.70824599654925
depth_vs_Andrus-P Vs_802,321.06371032823
depth_vs_Mc15 Vs_574,135.57362884175114
depth_vs_Andrus-P Vs_589,164.1679241618323
depth_vs_Andrus-P Vs_500,202.43224508225418
depth_vs_Mc15 Vs_970,123.08379392101548
depth_vs_Mc15 Vs_666,108.34127575155527
depth_vs_Mc15 Vs_527,144.37137780620162
depth_vs_Andrus-P Vs_251,113.69202990918507
depth_vs_Mc15 Vs_996,131.9500689520286
depth_vs_Andrus-P Vs_368,224.83492204072314
depth_vs_Andrus-P Vs_790,288.3043347170896
depth_vs_Mc15 Vs_520,138.89046283434624
depth_vs_Andrus-P Vs_501,248.3296437113981
depth_vs_Mc15 Vs_677,148.3321158717046
depth_vs_Mc15 Vs_20,130.19167544479242
depth_vs_Mc15 Vs_176,176.79629634623242
depth_vs_Mc15 Vs_445,158.96779189613034
depth_vs_Andrus-P Vs_72,263.58319959030615
depth_vs_Andrus-P Vs_562,220.42715917574282
depth_vs_Mc15 Vs_184,154.98313348322588
depth_vs_Andrus-P Vs_957,272.5060516387517
depth_vs_Mc15 Vs_523,147.55218016324022
depth_vs_Andrus-P Vs_210,165.87672289184135
depth_vs_Mc15 Vs_950,149.60400732153312
depth_vs_Andrus-P Vs_416,157.81321692824898
depth_vs_Andrus-P Vs_636,312.8230543589975
depth_vs_Mc15 Vs_308,137.45089355981202
depth_vs_Andrus-P Vs_677,205.06859200730187
depth_vs_Andrus-P Vs_949,306.47051739338383
depth_vs_Mc15 Vs_38,150.80350059183655
depth_vs_Mc15 Vs_921,156.08208942649804
depth_vs_Andrus-P Vs_985,104.54740289564576
depth_vs_Mc15 Vs_672,102.92400924625827
depth_vs_Andrus-P Vs_415,117.83261223394108
depth_vs_Andrus-P Vs_205,132.41606885109601
depth_vs_Mc15 Vs_977,110.58082343668637
depth_vs_Mc15 Vs_739,145.3124203101763
depth_vs_Andrus-P Vs_153,262.59816496218207
depth_vs_Mc15 Vs_506,116.8434345077362
depth_vs_Andrus-P Vs_566,274.241441510078
depth_vs_Andrus-P Vs_544,228.31312784381393
depth_vs_Andrus-P Vs_747,612.8053580685365
depth_vs_Mc15 Vs_53,152.673373037971
depth_vs_Mc15 Vs_254,136.3268795132965
depth_vs_Mc15 Vs_16,175.24226905375525
depth_vs_Andrus-P Vs_61,238.8825406048119
depth_vs_Mc15 Vs_807,147.77051312489843
depth_vs_Andrus-P Vs_865,284.7074771533054
depth_vs_Mc15 Vs_556,124.35042117721866
depth_vs_Mc15 Vs_997,144.47745916414405
depth_vs_Andrus-P Vs_182,214.89273725098465
depth_vs_Mc15 Vs_617,113.5519080339147
depth_vs_Mc15 Vs_248,118.31193990203853
depth_vs_Andrus-P Vs_435,192.4466003624694
depth_vs_Mc15 Vs_929,135.7163953048779
depth_vs_Andrus-P Vs_697,237.3665450733497
depth_vs_Mc15 Vs_657,138.68168995669046
depth_vs_Mc15 Vs_789,149.83734724593162
depth_vs_Andrus-P Vs_990,226.0013360360153
depth_vs_Andrus-P Vs_271,222.1164057653522
depth_vs_Andrus-P Vs_27,145.7774378887251
depth_vs_Andrus-P Vs_36,187.6477624557814
depth_vs_Mc15 Vs_100,137.30712121159
depth_vs_Mc15 Vs_919,136.6978024532733
depth_vs_Andrus-P Vs_329,335.93405624244843
depth_vs_Andrus-P Vs_900,184.88068013061056
depth_vs_Andrus-P Vs_795,216.1751801584206
depth_vs_Mc15 Vs_364,169.66458083898834
depth_vs_Mc15 Vs_46,146.22426979611208
depth_vs_Mc15 Vs_562,145.5816889701908
depth_vs_Andrus-P Vs_262,254.41510993437083
depth_vs_Andrus-P Vs_237,260.2328709492668
depth_vs_Andrus-P Vs_347,152.60182223155041
depth_vs_Andrus-P Vs_98,167.26754834543817
depth_vs_Mc15 Vs_392,130.38751856036166
depth_vs_Mc15 Vs_936,135.1373413304022
depth_vs_Mc15 Vs_700,139.6310857054286
depth_vs_Andrus-P Vs_836,96.46933728153147
depth_vs_Mc15 Vs_796,114.71240776549068
depth_vs_Mc15 Vs_717,142.7722398592133
depth_vs_Andrus-P Vs_895,374.41137952832304
depth_vs_Andrus-P Vs_394,140.66624424256543
depth_vs_Mc15 Vs_25,133.17912412029335
depth_vs_Andrus-P Vs_389,274.5030838387282
depth_vs_Mc15 Vs_479,124.0163876081658
depth_vs_Andrus-P Vs_976,290.21771519987067
depth_vs_Mc15 Vs_260,177.1326026363748
depth_vs_Andrus-P Vs_912,211.36592240133976
depth_vs_Mc15 Vs_774,127.1816032851456
depth_vs_Mc15 Vs_231,154.70022321171595
depth_vs_Andrus-P Vs_945,183.12534714099948
depth_vs_Andrus-P Vs_996,143.05551385615624
depth_vs_Andrus-P Vs_403,132.99807928533178
depth_vs_Andrus-P Vs_201,191.2789901583197
depth_vs_Mc15 Vs_282,124.92019855802694
depth_vs_Andrus-P Vs_680,214.1271786565911
depth_vs_Mc15 Vs_550,107.75159491128278
depth_vs_Andrus-P Vs_316,96.66704744941568
depth_vs_Andrus-P Vs_35,171.14521611293443
depth_vs_Mc15 Vs_868,156.97582903560863
depth_vs_Andrus-P Vs_374,158.4809561795395
depth_vs_Andrus-P Vs_556,157.11881827106407
depth_vs_Mc15 Vs_671,154.25490125454303
depth_vs_Mc15 Vs_407,145.3252901952404
depth_vs_Mc15 Vs_421,137.98823204313663
depth_vs_Andrus-P Vs_522,175.90203996935685
depth_vs_Andrus-P Vs_774,133.89942237245683
depth_vs_Mc15 Vs_707,127.01108275067578
depth_vs_Andrus-P Vs_614,233.5093728691631
depth_vs_Mc15 Vs_139,138.22518919198217
depth_vs_Mc15 Vs_567,132.23660165487067
depth_vs_Andrus-P Vs_540,168.90667909165404
depth_vs_Mc15 Vs_369,160.7767017952217
depth_vs_Mc15 Vs_644,141.7262296204217
depth_vs_Andrus-P Vs_397,255.27829933962983
depth_vs_Andrus-P Vs_820,162.43699900295218
depth_vs_Andrus-P Vs_17,163.21484203709093
depth_vs_Mc15 Vs_161,150.7828465974271
depth_vs_Mc15 Vs_464,140.65982061440872
depth_vs_Mc15 Vs_422,128.82781384928023
depth_vs_Andrus-P Vs_398,263.6877425651788
depth_vs_Andrus-P Vs_357,216.14876481825019
depth_vs_Mc15 Vs_232,169.8288253167906
depth_vs_Andrus-P Vs_830,257.8946406065265
depth_vs_Mc15 Vs_583,149.06179792075753
depth_vs_Andrus-P Vs_778,241.8068803673587
depth_vs_Andrus-P Vs_328,192.99318598991303
depth_vs_Mc15 Vs_274,128.88064340129003
depth_vs_Mc15 Vs_284,117.41486111881575
depth_vs_Mc15 Vs_162,144.25475856776393
depth_vs_Mc15 Vs_290,147.6727106497343
depth_vs_Mc15 Vs_191,116.06176564423677
depth_vs_Mc15 Vs_246,146.22579941646626
depth_vs_Andrus-P Vs_462,311.025934150036
depth_vs_Mc15 Vs_902,124.09148357221495
depth_vs_Andrus-P Vs_678,290.9389898757315
depth_vs_Mc15 Vs_107,126.50707099856508
depth_vs_Andrus-P Vs_235,219.53766134956805
depth_vs_Mc15 Vs_838,165.95665168133863
depth_vs_Andrus-P Vs_942,166.36870636995468
depth_vs_Andrus-P Vs_288,293.0974633226927
depth_vs_Andrus-P Vs_498,266.5526004410579
depth_vs_Andrus-P Vs_699,236.73624679659906
depth_vs_Andrus-P Vs_186,175.84005123980822
depth_vs_Andrus-P Vs_705,179.17304182610746
depth_vs_Mc15 Vs_9,134.39847116378638
depth_vs_Andrus-P Vs_417,225.68769983188506
depth_vs_Mc15 Vs_353,124.34608114409887
depth_vs_Andrus-P Vs_691,225.07257087071272
depth_vs_Mc15 Vs_797,142.8451366467474
depth_vs_Andrus-P Vs_757,196.76838168038768
depth_vs_Andrus-P Vs_66,205.08963782393621
depth_vs_Andrus-P Vs_399,269.9716652265164
depth_vs_Andrus-P Vs_525,250.31663572747695
depth_vs_Mc15 Vs_108,145.47197712052065
depth_vs_Andrus-P Vs_157,178.2177978885263
depth_vs_Mc15 Vs_928,139.3379923105583
depth_vs_Mc15 Vs_367,126.72268061375577
depth_vs_Andrus-P Vs_585,206.38995598321947
depth_vs_Andrus-P Vs_449,102.82712047426986
depth_vs_Mc15 Vs_785,136.03296570795374
depth_vs_Andrus-P Vs_919,240.15853477003978
depth_vs_Andrus-P Vs_835,221.26243460783832
depth_vs_Andrus-P Vs_530,223.18792271782127
depth_vs_Mc15 Vs_316,137.4560427168126
depth_vs_Andrus-P Vs_464,198.31337235591914
depth_vs_Andrus-P Vs_269,283.4260987739338
depth_vs_Mc15 Vs_969,134.21659198178764
depth_vs_Mc15 Vs_713,145.2217847184036
depth_vs_Mc15 Vs_490,132.3303317890904
depth_vs_Mc15 Vs_952,133.01653837551527
depth_vs_Mc15 Vs_26,134.4143366687113
depth_vs_Mc15 Vs_435,125.73698113687522
depth_vs_Andrus-P Vs_991,268.73280282402857
depth_vs_Andrus-P Vs_285,199.519337370414
depth_vs_Andrus-P Vs_226,298.0706831537712
depth_vs_Andrus-P Vs_293,244.57595884277964
depth_vs_Andrus-P Vs_864,201.35646147194979
depth_vs_Mc15 Vs_78,157.549694586674
depth_vs_Mc15 Vs_862,136.4224832781779
depth_vs_Mc15 Vs_561,105.64684738243231
depth_vs_Andrus-P Vs_507,338.46102076120945
depth_vs_Andrus-P Vs_495,230.58219315060649
depth_vs_Andrus-P Vs_158,178.45329854757043
depth_vs_Andrus-P Vs_184,144.3919989025282
depth_vs_Mc15 Vs_429,123.36466989743438
depth_vs_Mc15 Vs_17,133.48123659719528
depth_vs_Andrus-P Vs_828,250.64061053483266
depth_vs_Mc15 Vs_214,130.89313174365188
depth_vs_Andrus-P Vs_413,116.31186593245846
depth_vs_Andrus-P Vs_690,366.5294719360372
depth_vs_Andrus-P Vs_90,178.9795767636801
depth_vs_Mc15 Vs_468,108.15535468319773
depth_vs_Mc15 Vs_418,100.47090371469147
depth_vs_Andrus-P Vs_954,251.85319103052714
depth_vs_Andrus-P Vs_124,194.21429667340544
depth_vs_Mc15 Vs_593,130.08480084525212
depth_vs_Andrus-P Vs_907,83.37297608140952
depth_vs_Andrus-P Vs_318,289.761020910435
depth_vs_Andrus-P Vs_645,214.46186247327338
depth_vs_Andrus-P Vs_393,283.8109888973081
depth_vs_Mc15 Vs_436,157.78991309644974
depth_vs_Andrus-P Vs_987,134.0138045931662
depth_vs_Andrus-P Vs_419,214.59794372539437
depth_vs_Mc15 Vs_762,117.40914934652383
depth_vs_Andrus-P Vs_707,207.2113592797109
depth_vs_Mc15 Vs_914,111.36694997568166
depth_vs_Mc15 Vs_76,138.4108476904323
depth_vs_Andrus-P Vs_238,420.2085711685866
depth_vs_Andrus-P Vs_433,130.80438638350176
depth_vs_Andrus-P Vs_773,156.43183928864863
depth_vs_Andrus-P Vs_560,284.80422104693235
depth_vs_Mc15 Vs_852,118.16232635332167
depth_vs_Mc15 Vs_494,167.40065075556285
depth_vs_Mc15 Vs_306,131.00561193348221
depth_vs_Mc15 Vs_0,149.42071556927465
depth_vs_Mc15 Vs_63,145.57093022294617
depth_vs_Andrus-P Vs_71,270.21519969442716
depth_vs_Mc15 Vs_501,175.1386833892599
depth_vs_Mc15 Vs_412,137.76441715279338
depth_vs_Andrus-P Vs_797,191.9564730184832
depth_vs_Mc15 Vs_393,147.72415643976797
depth_vs_Mc15 Vs_318,128.11286502044646
depth_vs_Mc15 Vs_447,115.37421364141802
depth_vs_Andrus-P Vs_859,297.0627232667511
depth_vs_Mc15 Vs_877,125.91319553905758
depth_vs_Andrus-P Vs_467,152.12865650142962
depth_vs_Andrus-P Vs_242,130.06147355974053
depth_vs_Mc15 Vs_190,132.66409667725262
depth_vs_Mc15 Vs_340,142.9224652754625
depth_vs_Mc15 Vs_54,121.48895948142618
depth_vs_Mc15 Vs_564,166.93233353852312
depth_vs_Andrus-P Vs_897,326.2234595828984
depth_vs_Mc15 Vs_478,123.6200796063837
depth_vs_Mc15 Vs_681,125.8161154891195
depth_vs_Andrus-P Vs_629,380.4283840283907
depth_vs_Andrus-P Vs_265,230.01455395353435
depth_vs_Mc15 Vs_749,129.31477363463057
depth_vs_Andrus-P Vs_331,188.9462555273943
depth_vs_Andrus-P Vs_899,257.4786972588285
depth_vs_Mc15 Vs_792,149.6742452823437
depth_vs_Mc15 Vs_744,140.42775403813278
depth_vs_Andrus-P Vs_475,161.7916485411091
depth_vs_Mc15 Vs_391,154.82624114819183
depth_vs_Mc15 Vs_279,132.88345962534663
depth_vs_Mc15 Vs_485,142.52831932403933
depth_vs_Mc15 Vs_871,118.15043428095578
depth_vs_Mc15 Vs_352,143.0342006217292
depth_vs_Andrus-P Vs_763,560.0624605645987
depth_vs_Mc15 Vs_120,143.68550268332734
depth_vs_Andrus-P Vs_850,205.39688698533445
depth_vs_Andrus-P Vs_3,347.3487349044264
depth_vs_Andrus-P Vs_701,302.7085577803764
depth_vs_Andrus-P Vs_857,292.1345432258218
depth_vs_Andrus-P Vs_634,301.06567503186875
depth_vs_Mc15 Vs_310,167.01901583496291
depth_vs_Andrus-P Vs_128,186.33733789371516
depth_vs_Andrus-P Vs_549,175.11663943658024
depth_vs_Mc15 Vs_12,164.17496894629895
depth_vs_Mc15 Vs_720,141.70249093503776
depth_vs_Andrus-P Vs_155,259.9267769164685
depth_vs_Mc15 Vs_242,142.05632182292703
depth_vs_Mc15 Vs_492,141.36645491808832
depth_vs_Andrus-P Vs_908,159.66165237868188
depth_vs_Mc15 Vs_225,156.24968562818918
depth_vs_Mc15 Vs_724,156.48393996948155
depth_vs_Mc15 Vs_239,125.45906685363175
depth_vs_Mc15 Vs_384,150.158649913531
depth_vs_Andrus-P Vs_34,239.25505685347096
depth_vs_Andrus-P Vs_633,122.07240284101398
depth_vs_Andrus-P Vs_877,126.84612549896457
depth_vs_Andrus-P Vs_883,199.648661378385
depth_vs_Andrus-P Vs_339,157.89296450189303
depth_vs_Andrus-P Vs_388,140.95318429961887
depth_vs_Mc15 Vs_629,116.49048563472373
depth_vs_Mc15 Vs_708,118.15697551854366
depth_vs_Mc15 Vs_984,170.84306474614533
depth_vs_Mc15 Vs_698,136.80916148472014
depth_vs_Andrus-P Vs_151,102.6386646135025
depth_vs_Mc15 Vs_82,134.40391825651378
depth_vs_Andrus-P Vs_508,255.9919169840007
depth_vs_Andrus-P Vs_181,208.19943557297435
depth_vs_Andrus-P Vs_595,155.29378351467946
depth_vs_Andrus-P Vs_336,314.0920950049939
depth_vs_Mc15 Vs_234,131.52302681220874
depth_vs_Andrus-P Vs_19,341.84204212911914
depth_vs_Mc15 Vs_616,134.54553352219204
depth_vs_Mc15 Vs_200,122.32174662256512
depth_vs_Mc15 Vs_634,133.23882369611542
depth_vs_Andrus-P Vs_15,124.35236765578881
depth_vs_Andrus-P Vs_734,256.8212414723563
depth_vs_Andrus-P Vs_655,183.49062377037455
depth_vs_Mc15 Vs_261,118.2728416765585
depth_vs_Mc15 Vs_181,168.53982728685267
depth_vs_Andrus-P Vs_138,158.51267100324546
depth_vs_Andrus-P Vs_73,247.29358010395552
depth_vs_Andrus-P Vs_442,149.9549981769821
depth_vs_Mc15 Vs_87,137.86677555995382
depth_vs_Andrus-P Vs_7,235.15316239571413
depth_vs_Andrus-P Vs_610,232.60132728952485
depth_vs_Andrus-P Vs_950,192.78372909511396
depth_vs_Mc15 Vs_90,127.53996099507363
depth_vs_Mc15 Vs_601,142.06388814577286
depth_vs_Andrus-P Vs_244,355.15142298089023
depth_vs_Mc15 Vs_97,101.49504090151584
depth_vs_Mc15 Vs_385,167.25645414072847
depth_vs_Andrus-P Vs_688,221.63950225948616
depth_vs_Andrus-P Vs_867,236.85394066930724
depth_vs_Andrus-P Vs_304,161.1193589982163
depth_vs_Andrus-P Vs_765,206.98992066341413
depth_vs_Andrus-P Vs_626,213.46072391117414
depth_vs_Andrus-P Vs_659,233.9279283784199
depth_vs_Mc15 Vs_297,139.71241634460435
depth_vs_Mc15 Vs_783,162.408547244513
depth_vs_Andrus-P Vs_240,115.91442591527753
depth_vs_Mc15 Vs_336,152.7446114533137
depth_vs_Andrus-P Vs_597,183.7330016029036
depth_vs_Andrus-P Vs_557,174.8312118233792
depth_vs_Andrus-P Vs_233,346.62252828062833
depth_vs_Mc15 Vs_187,131.23381987340593
depth_vs_Andrus-P Vs_806,351.0085735016106
depth_vs_Andrus-P Vs_664,201.07441894870925
depth_vs_Andrus-P Vs_969,402.66073126236944
depth_vs_Andrus-P Vs_156,345.6567118988146
depth_vs_Mc15 Vs_441,167.12334723719655
depth_vs_Mc15 Vs_891,101.77132980270227
depth_vs_Andrus-P Vs_561,271.4533119076603
depth_vs_Mc15 Vs_989,162.19267013920265
depth_vs_Andrus-P Vs_408,266.9130596492708
depth_vs_Andrus-P Vs_682,149.49240025350778
depth_vs_Andrus-P Vs_667,145.067245037492
depth_vs_Andrus-P Vs_468,247.30013264056592
depth_vs_Mc15 Vs_582,140.1556511247632
depth_vs_Andrus-P Vs_150,205.50077017374238
depth_vs_Andrus-P Vs_485,286.07077092210346
depth_vs_Andrus-P Vs_986,187.7933203638816
depth_vs_Mc15 Vs_471,139.41459968271027
depth_vs_Mc15 Vs_972,146.86775862284574
depth_vs_Andrus-P Vs_41,133.139360602238
depth_vs_Andrus-P Vs_198,304.57413029692435
depth_vs_Andrus-P Vs_992,162.05928741001614
depth_vs_Andrus-P Vs_277,207.51471560104056
depth_vs_Mc15 Vs_669,130.95976702471322
depth_vs_Andrus-P Vs_940,148.77006846827132
depth_vs_Mc15 Vs_309,123.12857962623089
depth_vs_Mc15 Vs_715,140.61280681103725
depth_vs_Andrus-P Vs_870,355.5130363095789
depth_vs_Mc15 Vs_314,140.2724868411382
depth_vs_Andrus-P Vs_943,347.30454261365065
depth_vs_Andrus-P Vs_723,204.65031228331057
depth_vs_Andrus-P Vs_427,196.50290808637092
depth_vs_Andrus-P Vs_26,175.226912755546
depth_vs_Mc15 Vs_559,113.37165480215822
depth_vs_Mc15 Vs_240,104.98516501213199
depth_vs_Mc15 Vs_942,128.38955725873788
depth_vs_Andrus-P Vs_56,259.11754550597846
depth_vs_Andrus-P Vs_601,267.61177867312773
depth_vs_Andrus-P Vs_282,178.8193512886618
depth_vs_Mc15 Vs_45,113.6867929917328
depth_vs_Andrus-P Vs_958,107.4687815266259
depth_vs_Mc15 Vs_256,117.697568399576
depth_vs_Mc15 Vs_988,139.00638742372664
depth_vs_Mc15 Vs_60,132.47388103733235
depth_vs_Mc15 Vs_790,125.0827797107287
depth_vs_Mc15 Vs_958,139.96314861179175
depth_vs_Andrus-P Vs_737,304.9507951298237
depth_vs_Mc15 Vs_247,142.29738675590093
depth_vs_Mc15 Vs_639,166.12796699277524
depth_vs_Mc15 Vs_782,143.83392339078392
depth_vs_Andrus-P Vs_50,133.76621574666652
depth_vs_Andrus-P Vs_364,136.68472919760126
depth_vs_Mc15 Vs_115,122.40243928125062
depth_vs_Mc15 Vs_932,129.00081685929527
depth_vs_Mc15 Vs_155,155.98807694164506
depth_vs_Mc15 Vs_405,128.75154827103339
depth_vs_Andrus-P Vs_892,225.31638735967596
depth_vs_Mc15 Vs_822,138.5342506714262
depth_vs_Mc15 Vs_680,145.19333729056675
depth_vs_Andrus-P Vs_640,141.05842930889364
depth_vs_Mc15 Vs_787,130.91506803509267
depth_vs_Andrus-P Vs_89,152.07839820984708
depth_vs_Mc15 Vs_761,144.03047645968252
depth_vs_Mc15 Vs_894,170.49985788681678
depth_vs_Mc15 Vs_571,127.33522073903927
depth_vs_Mc15 Vs_804,156.94900022497865
depth_vs_Andrus-P Vs_858,138.60262464573276
depth_vs_Andrus-P Vs_761,259.6879593775113
depth_vs_Andrus-P Vs_889,149.4151232264721
depth_vs_Mc15 Vs_126,123.54860574342958
depth_vs_Mc15 Vs_243,99.27446245989223
depth_vs_Andrus-P Vs_914,180.9741257475144
depth_vs_Andrus-P Vs_647,286.7782141224018
depth_vs_Andrus-P Vs_117,248.0263545187521
depth_vs_Andrus-P Vs_672,181.75062830212266
depth_vs_Andrus-P Vs_395,187.6524604538307
depth_vs_Mc15 Vs_793,146.3674597389007
depth_vs_Mc15 Vs_798,140.32417154604875
depth_vs_Andrus-P Vs_586,190.5262499825552
depth_vs_Andrus-P Vs_944,115.36357926015936
depth_vs_Andrus-P Vs_929,154.5671443680629
depth_vs_Mc15 Vs_295,164.60377537962583
depth_vs_Andrus-P Vs_249,324.48374556207744
depth_vs_Mc15 Vs_961,139.5709647486411
depth_vs_Mc15 Vs_305,142.8574351576542
depth_vs_Mc15 Vs_15,126.84899276885976
depth_vs_Mc15 Vs_323,119.54524962722574
depth_vs_Andrus-P Vs_64,267.0647081723164
depth_vs_Mc15 Vs_729,135.4245806836885
depth_vs_Andrus-P Vs_670,127.98258118953876
depth_vs_Mc15 Vs_358,115.67687742877963
depth_vs_Andrus-P Vs_214,168.12887833000508
depth_vs_Andrus-P Vs_67,168.66757867890723
depth_vs_Andrus-P Vs_922,116.77565423035088
depth_vs_Mc15 Vs_844,118.89881752490288
depth_vs_Andrus-P Vs_81,179.42412292340774
depth_vs_Mc15 Vs_992,138.095188661523
depth_vs_Mc15 Vs_328,125.44639230975709
depth_vs_Andrus-P Vs_756,125.57826021445199
depth_vs_Andrus-P Vs_504,140.61583211706778
depth_vs_Mc15 Vs_706,120.21147976502992
depth_vs_Andrus-P Vs_873,248.67660585875421
depth_vs_Mc15 Vs_689,123.86777854302042
depth_vs_Mc15 Vs_497,134.39711722810102
depth_vs_Mc15 Vs_498,135.3111165531827
depth_vs_Andrus-P Vs_425,258.24505294783756
depth_vs_Mc15 Vs_778,120.74952264975092
depth_vs_Mc15 Vs_620,113.90026569239826
depth_vs_Mc15 Vs_716,118.18184214296019
depth_vs_Andrus-P Vs_675,253.65210248702732
depth_vs_Mc15 Vs_692,123.5935453398365
depth_vs_Mc15 Vs_781,151.23531958899358
depth_vs_Mc15 Vs_508,100.97280503266657
depth_vs_Mc15 Vs_452,167.1024596658564
depth_vs_Andrus-P Vs_208,239.90979275001047
depth_vs_Andrus-P Vs_493,140.5368869751306
depth_vs_Mc15 Vs_625,126.39869496231238
depth_vs_Mc15 Vs_926,138.32668895882765
depth_vs_Mc15 Vs_738,130.81021136810506
depth_vs_Andrus-P Vs_287,380.69185908649416
depth_vs_Mc15 Vs_939,116.09316000971877
depth_vs_Mc15 Vs_930,139.05900445125118
depth_vs_Andrus-P Vs_886,329.51915991606637
depth_vs_Mc15 Vs_166,139.4367740296775
depth_vs_Andrus-P Vs_825,245.16577626432206
depth_vs_Andrus-P Vs_513,272.82477377176764
depth_vs_Mc15 Vs_57,147.74801571513882
depth_vs_Mc15 Vs_676,143.9090024447199
depth_vs_Andrus-P Vs_700,164.43401030792455
depth_vs_Andrus-P Vs_930,143.45190440825576
depth_vs_Mc15 Vs_102,126.83833679046026
depth_vs_Mc15 Vs_481,134.84897013501046
depth_vs_Mc15 Vs_741,136.07124375942644
depth_vs_Mc15 Vs_135,146.88624392766735
depth_vs_Andrus-P Vs_571,176.32742769795595
depth_vs_Mc15 Vs_377,174.4273562530953
depth_vs_Mc15 Vs_270,135.7334317680806
depth_vs_Andrus-P Vs_704,370.39596719018084
depth_vs_Andrus-P Vs_531,236.79374227287488
depth_vs_Mc15 Vs_259,129.04306536564218
depth_vs_Andrus-P Vs_420,195.51246756783956
depth_vs_Andrus-P Vs_903,136.55779405744568
depth_vs_Andrus-P Vs_452,155.12127256882349
depth_vs_Andrus-P Vs_632,115.09535841249814
depth_vs_Andrus-P Vs_54,193.0509902010055
depth_vs_Mc15 Vs_876,148.3270219673103
depth_vs_Andrus-P Vs_48,140.51073279298572
depth_vs_Andrus-P Vs_829,128.70926971833669
depth_vs_Mc15 Vs_763,152.1479364182059
depth_vs_Mc15 Vs_850,169.79939355493
depth_vs_Andrus-P Vs_163,218.46641448596648
depth_vs_Mc15 Vs_153,139.4014438423887
depth_vs_Andrus-P Vs_2,124.6271435177103
depth_vs_Andrus-P Vs_658,167.49320816513688
depth_vs_Andrus-P Vs_692,157.30969013676074
depth_vs_Andrus-P Vs_438,169.10518112400766
depth_vs_Mc15 Vs_573,144.5266383331162
depth_vs_Mc15 Vs_841,153.21496653217324
depth_vs_Mc15 Vs_167,144.3475128589655
depth_vs_Mc15 Vs_159,132.8953846779401
depth_vs_Andrus-P Vs_129,153.0211489064352
depth_vs_Andrus-P Vs_411,181.05805455338015
depth_vs_Andrus-P Vs,208.26217322075294
depth_vs_Andrus-P Vs_421,210.35557126905024
depth_vs_Mc15 Vs_288,140.20329833371144
depth_vs_Andrus-P Vs_564,222.27505986792525
depth_vs_Andrus-P Vs_728,120.36535277073908
depth_vs_Mc15 Vs_502,137.78916238717395
depth_vs_Mc15 Vs_427,134.05619462671984
depth_vs_Andrus-P Vs_988,222.14664209738942
depth_vs_Mc15 Vs_83,134.79400366835208
depth_vs_Mc15 Vs_610,135.93770492312285
depth_vs_Andrus-P Vs_766,198.02990051695377
depth_vs_Andrus-P Vs_306,283.03194849516603
depth_vs_Mc15 Vs_679,135.53128912039472
depth_vs_Andrus-P Vs_95,255.91691089536064
depth_vs_Mc15 Vs_702,151.62237048296382
depth_vs_Andrus-P Vs_447,195.7948113926139
depth_vs_Mc15 Vs_157,146.54079392133
depth_vs_Mc15 Vs_185,148.68991268462764
depth_vs_Andrus-P Vs_319,204.85860184866743
depth_vs_Andrus-P Vs_383,133.38564994159165
depth_vs_Andrus-P Vs_188,185.25151269138203
depth_vs_Andrus-P Vs_739,176.59419191911374
depth_vs_Andrus-P Vs_380,206.91972180980997
depth_vs_Andrus-P Vs_816,161.4448042772161
depth_vs_Andrus-P Vs_11,203.67660882771105
depth_vs_Mc15 Vs_999,144.38627630876994
depth_vs_Mc15 Vs_654,141.27726682313164
depth_vs_Mc15 Vs_507,145.02706026063086
depth_vs_Mc15 Vs_638,124.82933408880507
depth_vs_Mc15 Vs_833,122.5823297301634
depth_vs_Mc15 Vs_361,120.70629089245332
depth_vs_Andrus-P Vs_99,175.73753115397244
depth_vs_Mc15 Vs_547,171.25019715584796
depth_vs_Mc15 Vs_333,162.8187165039025
depth_vs_Mc15 Vs_252,140.25949312480074
depth_vs_Mc15 Vs_839,154.40721559585367
depth_vs_Andrus-P Vs_114,206.183851044725
depth_vs_Andrus-P Vs_291,212.84455902150802
depth_vs_Andrus-P Vs_351,296.028155899113
depth_vs_Mc15 Vs_344,121.97474286940809
depth_vs_Andrus-P Vs_669,176.63199202396422
depth_vs_Mc15 Vs_18,149.96089288317023
depth_vs_Andrus-P Vs_204,236.33853266885214
depth_vs_Mc15 Vs_390,134.63090149856217
depth_vs_Mc15 Vs_630,131.15791722589861
depth_vs_Mc15 Vs_255,137.05168934423136
depth_vs_Andrus-P Vs_983,344.98746817782677
depth_vs_Andrus-P Vs_381,258.66813206141245
depth_vs_Mc15 Vs_423,140.44807336662024
depth_vs_Mc15 Vs_327,133.72166750806366
depth_vs_Andrus-P Vs_974,377.74856613509075
depth_vs_Andrus-P Vs_846,210.43627100608407
depth_vs_Mc15 Vs_486,111.31084531967099
depth_vs_Mc15 Vs_757,136.84399445566086
depth_vs_Andrus-P Vs_615,184.56116903915378
depth_vs_Andrus-P Vs_444,285.75909929686935
depth_vs_Andrus-P Vs_49,169.17488300054305
depth_vs_Andrus-P Vs_792,236.90858985153776
depth_vs_Andrus-P Vs_742,188.75552358335932
depth_vs_Mc15 Vs_735,149.58192154628057
depth_vs_Mc15 Vs_915,109.1607490244763
depth_vs_Mc15 Vs_512,116.83423308692801
depth_vs_Andrus-P Vs_194,118.66895247920961
depth_vs_Andrus-P Vs_731,191.9798184356937
depth_vs_Mc15 Vs_93,140.45765353772055
depth_vs_Andrus-P Vs_553,188.9192041197203
depth_vs_Mc15 Vs_551,133.21064321206498
depth_vs_Andrus-P Vs_87,187.09290639913135
depth_vs_Mc15 Vs_587,162.95152385212572
depth_vs_Mc15 Vs_313,132.7182461013018
depth_vs_Mc15 Vs_686,115.67404658516955
depth_vs_Andrus-P Vs_30,194.2223349745823
depth_vs_Andrus-P Vs_725,253.5853951062937
depth_vs_Andrus-P Vs_479,119.7460236863695
depth_vs_Mc15 Vs_36,122.13474386925482
depth_vs_Mc15 Vs_177,140.36585265374708
depth_vs_Mc15 Vs_465,120.46178289261739
depth_vs_Mc15 Vs_360,113.06139910144917
depth_vs_Mc15 Vs_544,132.12958801853839
depth_vs_Mc15 Vs_480,141.93564678760825
depth_vs_Andrus-P Vs_975,374.1518333515546
depth_vs_Andrus-P Vs_551,295.7295994039654
depth_vs_Andrus-P Vs_822,116.20004482208248
depth_vs_Mc15 Vs_278,122.13605491160972
depth_vs_Mc15 Vs_759,170.97328419162093
depth_vs_Andrus-P Vs_341,234.5915141006373
depth_vs_Andrus-P Vs_789,106.75355931182399
depth_vs_Mc15 Vs_967,128.63696196336585
depth_vs_Andrus-P Vs_22,287.96540048796135
depth_vs_Andrus-P Vs_143,344.46183221791074
depth_vs_Mc15 Vs_901,117.95179905954964
depth_vs_Mc15 Vs_65,132.40215201637528
depth_vs_Mc15 Vs_182,149.57617291345872
depth_vs_Mc15 Vs_196,155.679800383365
depth_vs_Mc15 Vs_230,164.38539934508867
depth_vs_Andrus-P Vs_276,196.96260559272588
depth_vs_Mc15 Vs_4,141.6254559652406
depth_vs_Mc15 Vs_345,121.91590376056115
depth_vs_Andrus-P Vs_637,146.03053031591955
depth_vs_Mc15 Vs_812,132.09526391163323
depth_vs_Mc15 Vs_658,171.617913398617
depth_vs_Mc15 Vs_121,170.73276902342698
depth_vs_Andrus-P Vs_45,223.6151798684993
depth_vs_Mc15 Vs_861,132.74583341772455
depth_vs_Mc15 Vs_267,117.4174268051168
depth_vs_Andrus-P Vs_894,136.23001199944974
depth_vs_Andrus-P Vs_499,184.7468933743554
depth_vs_Mc15 Vs_383,110.17010579437378
depth_vs_Mc15 Vs_691,116.98553336752614
depth_vs_Mc15 Vs_183,149.10973302979386
depth_vs_Mc15 Vs_219,141.34265735392987
depth_vs_Mc15 Vs_886,130.7489427493058
depth_vs_Mc15 Vs_168,141.32695805601006
depth_vs_Mc15 Vs_619,110.62471863819738
depth_vs_Andrus-P Vs_386,160.35520525955368
depth_vs_Mc15 Vs_978,123.58820413122365
depth_vs_Mc15 Vs_472,125.93718283728211
depth_vs_Mc15 Vs_568,156.4977219188472
depth_vs_Andrus-P Vs_768,224.54635392322623
depth_vs_Andrus-P Vs_369,359.4363920181753
depth_vs_Mc15 Vs_712,115.39181726198372
depth_vs_Andrus-P Vs_137,232.82240310852993
depth_vs_Andrus-P Vs_450,163.9303012102225
depth_vs_Mc15 Vs_903,144.19377758392244
depth_vs_Andrus-P Vs_309,148.85214710663996
depth_vs_Andrus-P Vs_259,166.43010120561004
depth_vs_Mc15 Vs_701,134.85199260090624
depth_vs_Andrus-P Vs_979,165.65157040178894
depth_vs_Andrus-P Vs_542,194.84476864286017
depth_vs_Mc15 Vs_765,128.3430712109506
depth_vs_Andrus-P Vs_480,173.76126526747927
depth_vs_Mc15 Vs_539,119.95921429916889
depth_vs_Andrus-P Vs_10,389.02157977845854
depth_vs_Mc15 Vs_661,151.57663212478852
depth_vs_Andrus-P Vs_582,174.3700882786801
depth_vs_Mc15 Vs_444,142.15581990215185
depth_vs_Andrus-P Vs_23,210.1137045840782
depth_vs_Andrus-P Vs_843,207.3824053866231
depth_vs_Mc15 Vs_329,157.81241114880808
depth_vs_Andrus-P Vs_358,161.0062572156303
depth_vs_Andrus-P Vs_494,209.793231234265
depth_vs_Mc15 Vs_659,141.6074491865774
depth_vs_Andrus-P Vs_514,86.47058007384244
depth_vs_Andrus-P Vs_779,277.93452629781814
depth_vs_Andrus-P Vs_574,284.36005675849725
depth_vs_Mc15 Vs_411,94.70749907717467
depth_vs_Andrus-P Vs_847,299.3515678786744
depth_vs_Andrus-P Vs_653,162.9078107634939
depth_vs_Andrus-P Vs_505,581.2969607850213
depth_vs_Mc15 Vs_674,150.79834157718042
depth_vs_Mc15 Vs_342,155.94962226466387
depth_vs_Andrus-P Vs_955,186.81841642259792
depth_vs_Mc15 Vs_39,133.59203888698596
depth_vs_Andrus-P Vs_218,273.64616866306994
depth_vs_Mc15 Vs_28,128.22315930348327
depth_vs_Mc15 Vs_960,120.563779035598
depth_vs_Andrus-P Vs_183,295.05885252017316
depth_vs_Andrus-P Vs_735,282.1518687794671
depth_vs_Mc15 Vs_197,131.85666177527986
depth_vs_Mc15 Vs_803,119.57335443010146
depth_vs_Andrus-P Vs_227,146.99496213589111
depth_vs_Mc15 Vs_276,130.5509041292786
depth_vs_Andrus-P Vs_771,167.85685559151548
depth_vs_Mc15 Vs_268,140.378943643123
depth_vs_Mc15 Vs_748,136.9817349493474
depth_vs_Mc15 Vs_554,130.02024390658784
depth_vs_Mc15 Vs_109,164.1733923825259
depth_vs_Andrus-P Vs_821,389.6360067237564
depth_vs_Andrus-P Vs_192,224.27139319451857
depth_vs_Andrus-P Vs_638,205.29967383802258
depth_vs_Mc15 Vs_611,112.51998588694633
depth_vs_Andrus-P Vs_55,157.3270648033707
depth_vs_Mc15 Vs_750,152.36281082971587
depth_vs_Mc15 Vs_487,125.52614639817354
depth_vs_Andrus-P Vs_928,267.8516526279018
depth_vs_Andrus-P Vs_59,286.0129210694208
depth_vs_Mc15 Vs_767,153.46993847560876
depth_vs_Mc15 Vs_129,134.42361341401121
depth_vs_Mc15 Vs_826,151.17193782385417
depth_vs_Mc15 Vs_752,120.98182195263318
depth_vs_Andrus-P Vs_902,119.18956715338986
depth_vs_Mc15 Vs_337,182.2722011610124
depth_vs_Mc15 Vs_776,109.11112280162668
depth_vs_Mc15 Vs_588,128.98855442672226
depth_vs_Mc15 Vs_331,137.01970560905662
depth_vs_Mc15 Vs_389,115.28356121775823
depth_vs_Mc15 Vs_114,105.77724099627955
depth_vs_Mc15 Vs_632,110.8945786329116
depth_vs_Andrus-P Vs_203,142.90799805601566
depth_vs_Andrus-P Vs_709,169.647549509657
depth_vs_Andrus-P Vs_698,191.74056165342932
depth_vs_Andrus-P Vs_160,181.67871634752635
depth_vs_Mc15 Vs_396,150.08081908928267
depth_vs_Mc15 Vs_193,138.49052114534967
depth_vs_Andrus-P Vs_953,202.05867545329227
depth_vs_Mc15 Vs_872,125.07916682108761
depth_vs_Andrus-P Vs_400,132.43964591747672
depth_vs_Mc15 Vs_217,134.51865413678507
depth_vs_Andrus-P Vs_724,187.9957750707104
depth_vs_Andrus-P Vs_901,221.852241435931
depth_vs_Andrus-P Vs_313,256.0411143394982
depth_vs_Mc15 Vs_525,127.70641192105673
depth_vs_Andrus-P Vs_613,286.096954548862
depth_vs_Andrus-P Vs_823,238.07921221900628
depth_vs_Mc15 Vs_169,165.5337099016747
depth_vs_Mc15 Vs_615,136.03350948845514
depth_vs_Mc15 Vs_19,142.49426199109232
depth_vs_Andrus-P Vs_108,311.5338860867279
depth_vs_Mc15 Vs_519,132.360941684968
depth_vs_Andrus-P Vs_890,176.34643477447733
depth_vs_Mc15 Vs_142,112.1960159582267
depth_vs_Mc15 Vs_924,141.21794633024973
depth_vs_Andrus-P Vs_40,211.08447331026883
depth_vs_Mc15 Vs_410,128.4102120060596
depth_vs_Andrus-P Vs_101,262.78161378645325
depth_vs_Andrus-P Vs_683,163.69867900050107
depth_vs_Mc15 Vs_845,175.72000890528827
depth_vs_Andrus-P Vs_289,204.01263840824464
depth_vs_Andrus-P Vs_191,405.64453460459436
depth_vs_Andrus-P Vs_24,183.44624848818208
depth_vs_Mc15 Vs_883,141.03782649349935
depth_vs_Mc15 Vs_976,116.33195555169384
depth_vs_Mc15 Vs_258,135.16842332869533
depth_vs_Andrus-P Vs_431,194.59054789478583
depth_vs_Andrus-P Vs_577,111.13770043061551
depth_vs_Mc15 Vs_172,120.86658797646461
depth_vs_Mc15 Vs_300,124.5799480163968
depth_vs_Andrus-P Vs_547,162.0099266219101
depth_vs_Mc15 Vs_920,132.0409624303367
depth_vs_Mc15 Vs_740,152.32141434133445
depth_vs_Andrus-P Vs_618,313.9604125799953
depth_vs_Andrus-P Vs_754,115.7486443193986
depth_vs_Mc15 Vs_635,131.56368450953332
depth_vs_Mc15 Vs_148,109.45714513036155
depth_vs_Mc15 Vs_912,125.46123099167768
depth_vs_Andrus-P Vs_884,129.19014805783465
depth_vs_Mc15 Vs_513,141.2976296060909
depth_vs_Mc15 Vs_909,175.77868008486362
depth_vs_Mc15 Vs_218,138.4720036898832
depth_vs_Andrus-P Vs_223,278.7967816130494
depth_vs_Mc15 Vs_235,129.79531765990353
depth_vs_Andrus-P Vs_231,138.72861260796356
depth_vs_Andrus-P Vs_631,146.69262881201487
depth_vs_Andrus-P Vs_164,519.9560875870787
depth_vs_Mc15 Vs_330,128.18016416633495
depth_vs_Mc15 Vs_424,124.4541040437587
depth_vs_Andrus-P Vs_366,240.8505460968768
depth_vs_Andrus-P Vs_576,136.54253236563986
depth_vs_Mc15 Vs_818,132.24423082397155
depth_vs_Mc15 Vs_596,147.0959485986842
depth_vs_Andrus-P Vs_177,227.5066770446648
depth_vs_Mc15 Vs_851,178.10478797655736
depth_vs_Mc15 Vs_534,139.00420259048036
depth_vs_Mc15 Vs_58,151.45525084864056
depth_vs_Andrus-P Vs_458,178.4476299944592
depth_vs_Mc15 Vs_558,133.73862176433101
depth_vs_Mc15 Vs_179,162.64002432287862
depth_vs_Mc15 Vs_860,110.28196419157668
depth_vs_Andrus-P Vs_819,184.38681779104192
depth_vs_Andrus-P Vs_6,150.8496526912529
depth_vs_Mc15 Vs_484,149.89609990337306
depth_vs_Mc15 Vs_530,110.34507443611444
depth_vs_Andrus-P Vs_147,180.11007626935975
depth_vs_Andrus-P Vs_82,172.01575307618666
depth_vs_Mc15 Vs_766,115.17156876974498
depth_vs_Mc15 Vs_516,145.85325700767788
depth_vs_Mc15 Vs_151,127.08629071053356
depth_vs_Andrus-P Vs_236,199.36528542086603
depth_vs_Mc15 Vs_283,116.77968295591674
depth_vs_Mc15 Vs_189,132.3571763712168
depth_vs_Andrus-P Vs_648,194.36278877498765
depth_vs_Andrus-P Vs_446,359.0936740935946
depth_vs_Mc15 Vs_991,163.54657995133812
depth_vs_Mc15 Vs_994,115.36541569070762
depth_vs_Andrus-P Vs_538,188.8053990861465
depth_vs_Mc15 Vs_842,144.08630573051514
depth_vs_Mc15 Vs_356,113.08485226772294
depth_vs_Andrus-P Vs_321,190.41937380936358
depth_vs_Mc15 Vs_726,148.37272731164282
depth_vs_Mc15 Vs_843,111.01861130763885
depth_vs_Mc15 Vs_118,122.35610775218073
depth_vs_Andrus-P Vs_136,193.3924479230523
depth_vs_Mc15 Vs_156,149.09098387947054
depth_vs_Andrus-P Vs_516,104.53294313097031
depth_vs_Andrus-P Vs_100,221.4403731754981
depth_vs_Andrus-P Vs_521,195.72124814595
depth_vs_Mc15 Vs_124,145.4322498601599
depth_vs_Mc15 Vs_948,127.12288950588322
depth_vs_Mc15 Vs_694,148.24082811363073
depth_vs_Andrus-P Vs_338,249.1815624749547
depth_vs_Mc15 Vs_204,146.81674049991756
depth_vs_Mc15 Vs_72,107.01752236013425
depth_vs_Mc15 Vs_366,140.5952373115489
depth_vs_Andrus-P Vs_703,296.9241852107669
depth_vs_Mc15 Vs_955,126.7475017349225
depth_vs_Mc15 Vs_828,140.15969477973485
depth_vs_Mc15 Vs_945,119.06904462977813
depth_vs_Mc15 Vs_585,129.86707117944806
depth_vs_Andrus-P Vs_32,193.52665457007288
depth_vs_Mc15 Vs_370,129.07762769479316
depth_vs_Mc15 Vs_998,151.64185342315986
depth_vs_Andrus-P Vs_608,334.90466457839506
depth_vs_Mc15 Vs_408,117.70390389535949
depth_vs_Andrus-P Vs_299,323.4440431322651
depth_vs_Andrus-P Vs_220,217.700859296583
depth_vs_Mc15 Vs_940,119.1537671296748
depth_vs_Mc15 Vs_649,117.57357187777338
depth_vs_Mc15 Vs_14,123.43383788460723
depth_vs_Mc15 Vs_207,169.39468052894023
depth_vs_Andrus-P Vs_396,137.24412869740584
depth_vs_Andrus-P Vs_58,277.38710252913484
depth_vs_Andrus-P Vs_623,122.29362394974534
depth_vs_Andrus-P Vs_842,259.46109587807064
depth_vs_Mc15 Vs_580,138.5973856363284
depth_vs_Mc15 Vs_628,168.9041935053428
depth_vs_Mc15 Vs_103,140.22957161494656
depth_vs_Mc15 Vs_835,165.63142328464093
depth_vs_Mc15 Vs_684,157.01912181208917
depth_vs_Mc15 Vs_528,136.62019710588297
depth_vs_Andrus-P Vs_8,255.48487744275116
depth_vs_Mc15 Vs_714,127.68210218022374
depth_vs_Andrus-P Vs_31,220.83949247520152
depth_vs_Andrus-P Vs_628,210.77794194210176
depth_vs_Andrus-P Vs_570,284.70544352817836
depth_vs_Andrus-P Vs_263,284.0533387997634
depth_vs_Mc15 Vs_80,176.52492355373758
depth_vs_Mc15 Vs_788,155.36133696853898
depth_vs_Mc15 Vs_29,100.0575747060028
depth_vs_Mc15 Vs_800,118.03928289361818
depth_vs_Andrus-P Vs_583,175.74803479142383
depth_vs_Andrus-P Vs_924,221.4186493488233
depth_vs_Mc15 Vs_646,184.98261353102103
depth_vs_Andrus-P Vs_913,131.13296267135578
depth_vs_Mc15 Vs_892,113.82439510741474
depth_vs_Andrus-P Vs_961,170.56252783267135
depth_vs_Andrus-P Vs_378,311.7976503919392
depth_vs_Andrus-P Vs_726,226.9501401329992
depth_vs_Andrus-P Vs_982,215.71674375668604
depth_vs_Mc15 Vs_373,133.97183292155867
depth_vs_Andrus-P Vs_772,292.23687233980735
depth_vs_Andrus-P Vs_459,116.81221603403365
depth_vs_Andrus-P Vs_681,205.9167296361315
depth_vs_Andrus-P Vs_604,239.39642453387546
depth_vs_Andrus-P Vs_247,148.31477831041346
depth_vs_Mc15 Vs_971,130.60083950676776
depth_vs_Mc15 Vs_338,158.7140335584304
depth_vs_Mc15 Vs_482,115.92063097447397
depth_vs_Mc15 Vs_690,132.7706527819253
depth_vs_Mc15 Vs_570,126.99373534176686
depth_vs_Andrus-P Vs_456,93.85533502985261
depth_vs_Andrus-P Vs_529,279.6564959361515
depth_vs_Andrus-P Vs_370,228.32164333550682
depth_vs_Andrus-P Vs_272,175.7900446342521
depth_vs_Andrus-P Vs_978,122.29453173948333
depth_vs_Mc15 Vs_923,108.9370370044579
depth_vs_Mc15 Vs_426,137.99527718369427
depth_vs_Mc15 Vs_934,118.93655050842796
depth_vs_Andrus-P Vs_642,204.860141332017
depth_vs_Mc15 Vs_858,139.0676239743932
depth_vs_Andrus-P Vs_359,94.68605213875834
depth_vs_Mc15 Vs_22,143.49591219545954
depth_vs_Andrus-P Vs_784,141.9354912867899
depth_vs_Andrus-P Vs_917,209.01936618898085
depth_vs_Andrus-P Vs_809,259.5835174109538
depth_vs_Mc15 Vs_791,128.35733334993688
depth_vs_Mc15 Vs_777,180.4419848556219
depth_vs_Mc15 Vs_251,137.52001731294433
depth_vs_Mc15 Vs_253,135.7681870165139
depth_vs_Mc15 Vs_627,95.9447454938193
depth_vs_Andrus-P Vs_947,141.45295427292368
depth_vs_Mc15 Vs_351,121.57059634693229
depth_vs_Andrus-P Vs_964,258.2805752363554
depth_vs_Andrus-P Vs_581,154.7507073091465
depth_vs_Andrus-P Vs_617,278.3455890174314
depth_vs_Andrus-P Vs_721,140.92369302241252
depth_vs_Mc15 Vs_74,145.29698677420257
depth_vs_Mc15 Vs_827,171.697673607628
depth_vs_Mc15 Vs_824,136.1916901346928
depth_vs_Mc15 Vs_131,135.17874500572128
depth_vs_Mc15 Vs_81,112.60707814001601
depth_vs_Mc15 Vs_817,178.79410647069332
depth_vs_Mc15 Vs_66,147.3357763153105
depth_vs_Mc15 Vs_499,147.0594471575315
depth_vs_Mc15 Vs_643,139.32930209734283
depth_vs_Mc15 Vs_910,128.95054058053756
depth_vs_Mc15 Vs_291,129.3611096136484
depth_vs_Andrus-P Vs_686,197.75283426402504
depth_vs_Mc15 Vs_687,133.77400208391347
depth_vs_Mc15 Vs_980,123.67941227641295
depth_vs_Andrus-P Vs_103,136.39657923803696
depth_vs_Mc15 Vs_622,172.2921961280001
depth_vs_Andrus-P Vs_741,184.7200322820324
depth_vs_Andrus-P Vs_178,251.69539406989793
depth_vs_Andrus-P Vs_573,266.00122865289444
depth_vs_Andrus-P Vs_18,411.79627019969064
depth_vs_Andrus-P Vs_428,169.17863011823533
depth_vs_Mc15 Vs_343,146.75195240920527
depth_vs_Mc15 Vs_555,153.25273652944776
depth_vs_Mc15 Vs_271,142.39832622235656
depth_vs_Andrus-P Vs_619,133.0669802721047
depth_vs_Andrus-P Vs_216,189.65230104194842
depth_vs_Andrus-P Vs_268,109.12444092225188
depth_vs_Mc15 Vs_52,146.3431323795586
depth_vs_Andrus-P Vs_938,298.561777457
depth_vs_Andrus-P Vs_414,162.1698939716818
depth_vs_Mc15 Vs_150,132.4645645856521
depth_vs_Andrus-P Vs_110,564.4482884277404
depth_vs_Andrus-P Vs_113,181.78202252979034
depth_vs_Mc15 Vs_273,122.13066607479223
depth_vs_Mc15 Vs_823,133.85945537143954
depth_vs_Mc15 Vs_722,172.01161542074306
depth_vs_Mc15 Vs_144,115.818198639659
depth_vs_Andrus-P Vs_558,93.87935979408365
depth_vs_Andrus-P Vs_298,184.2711375432988
depth_vs_Andrus-P Vs_800,219.7902307275295
depth_vs_Andrus-P Vs_213,321.0184555379698
depth_vs_Andrus-P Vs_793,182.25756139172782
depth_vs_Mc15 Vs_488,109.76515474544227
depth_vs_Andrus-P Vs_69,129.05463215131041
depth_vs_Mc15 Vs_44,166.2927006018702
depth_vs_Mc15 Vs_529,173.52428014910654
depth_vs_Andrus-P Vs_65,157.67243363057764
depth_vs_Mc15 Vs_203,140.0730675067747
depth_vs_Mc15 Vs_864,157.90953652896388
depth_vs_Andrus-P Vs_373,209.868612447405
depth_vs_Mc15 Vs_801,118.72448885208739
depth_vs_Andrus-P Vs_580,205.5216861472396
depth_vs_Andrus-P Vs_937,410.4092544176495
depth_vs_Mc15 Vs_595,165.45175727869025
depth_vs_Mc15 Vs_165,152.77903983732887
depth_vs_Andrus-P Vs_109,305.0821287122467
depth_vs_Mc15 Vs_451,164.16133033611686
depth_vs_Mc15 Vs_855,122.02217835869276
depth_vs_Mc15 Vs_75,158.0121382311706
depth_vs_Mc15 Vs_918,139.91518261492345
depth_vs_Andrus-P Vs_466,154.51737387856886
depth_vs_Andrus-P Vs_898,157.97286699126013
depth_vs_Andrus-P Vs_14,386.63554232184134
depth_vs_Andrus-P Vs_905,226.75386059965015
depth_vs_Mc15 Vs_238,132.56209862100062
depth_vs_Mc15 Vs_433,118.83689534109011
depth_vs_Andrus-P Vs_353,187.85677846459444
depth_vs_Mc15 Vs_160,121.26003551142448
depth_vs_Andrus-P Vs_229,230.79831658897007
depth_vs_Andrus-P Vs_4,420.02196076873224
depth_vs_Andrus-P Vs_925,232.41271865850536
depth_vs_Mc15 Vs_667,149.67845200536067
depth_vs_Mc15 Vs_590,121.92295212871045
depth_vs_Mc15 Vs_537,147.41528075363485
depth_vs_Andrus-P Vs_424,253.65008902524534
depth_vs_Mc15 Vs_599,131.24453290664474
depth_vs_Andrus-P Vs_527,170.75631779294568
depth_vs_Mc15 Vs_94,136.6636071428025
depth_vs_Andrus-P Vs_80,166.96039738702578
depth_vs_Mc15 Vs_975,107.34399958330071
depth_vs_Mc15 Vs_869,143.00578288204014
depth_vs_Mc15 Vs_890,136.97059884433654
depth_vs_Mc15 Vs_949,150.6368844881852
depth_vs_Andrus-P Vs_96,100.94751271096405
depth_vs_Andrus-P Vs_86,290.6868308959661
depth_vs_Mc15 Vs_198,110.81786102760144
depth_vs_Andrus-P Vs_264,138.91334466600478
depth_vs_Mc15 Vs_266,128.51706384158172
depth_vs_Mc15 Vs_648,144.71265221397465
depth_vs_Andrus-P Vs_454,155.63644539600506
depth_vs_Andrus-P Vs_126,159.58192692906246
depth_vs_Mc15 Vs_143,162.35550932326169
depth_vs_Mc15 Vs_149,124.64096267298306
depth_vs_Andrus-P Vs_78,236.5722952550698
depth_vs_Mc15 Vs_296,172.1529992821237
depth_vs_Andrus-P Vs_457,220.29068035453633
depth_vs_Andrus-P Vs_461,234.19259319607687
depth_vs_Mc15 Vs_321,118.61346896614559
depth_vs_Mc15 Vs_974,132.97877393259412
depth_vs_Andrus-P Vs_334,140.2859853688833
depth_vs_Mc15 Vs_372,139.74366227606095
depth_vs_Andrus-P Vs_102,176.1937863555846
depth_vs_Andrus-P Vs_173,228.95984028670833
depth_vs_Mc15 Vs_867,157.52925718403344
depth_vs_Andrus-P Vs_818,185.85116094464342
depth_vs_Andrus-P Vs_587,380.31782344504614
depth_vs_Andrus-P Vs_47,207.66842559306477
depth_vs_Mc15 Vs_55,145.33201587839213
depth_vs_Mc15 Vs_202,123.60908393915616
depth_vs_Andrus-P Vs_232,160.8705902097537
depth_vs_Andrus-P Vs_297,175.1999179768153
depth_vs_Andrus-P Vs_654,184.12225023341446
depth_vs_Andrus-P Vs_532,198.44011217984368
depth_vs_Mc15 Vs_730,120.52312188591779
depth_vs_Andrus-P Vs_966,244.0444682103035
depth_vs_Mc15 Vs_819,167.71327923276556
depth_vs_Andrus-P Vs_243,127.82378312103788
depth_vs_Andrus-P Vs_888,293.93788676911987
depth_vs_Andrus-P Vs_343,159.31441448707432
depth_vs_Andrus-P Vs_782,233.60918560997771
depth_vs_Andrus-P Vs_910,441.51440965155797
depth_vs_Mc15 Vs_409,132.80082718189044
depth_vs_Mc15 Vs_853,127.50781870781049
depth_vs_Andrus-P Vs_497,293.06768764834675
depth_vs_Andrus-P Vs_230,307.7796507870366
depth_vs_Andrus-P Vs_539,195.83965777482766
depth_vs_Andrus-P Vs_279,221.0733848105439
depth_vs_Mc15 Vs_399,118.16350555394185
depth_vs_Mc15 Vs_933,149.659730274682
depth_vs_Andrus-P Vs_524,146.05629965532668
depth_vs_Mc15 Vs_737,148.2411729960887
depth_vs_Mc15 Vs_376,133.48408644377076
depth_vs_Mc15 Vs_584,122.20414343822566
depth_vs_Mc15 Vs_607,139.9601933017934
depth_vs_Andrus-P Vs_352,178.88794318520758
depth_vs_Mc15 Vs_41,128.77101637141973
depth_vs_Mc15 Vs_830,121.22032189345305
depth_vs_Andrus-P Vs_644,216.8604033689686
depth_vs_Andrus-P Vs_811,362.450333487397
depth_vs_Mc15 Vs_893,113.75082726884922
depth_vs_Mc15 Vs_600,140.48582502359017
depth_vs_Mc15 Vs_398,124.78861174493431
depth_vs_Andrus-P Vs_432,328.15122612519
depth_vs_Mc15 Vs_836,105.52703264653978
depth_vs_Andrus-P Vs_145,190.56115326389283
depth_vs_Andrus-P Vs_140,155.56851350965186
depth_vs_Andrus-P Vs_175,248.70407487806665
depth_vs_Andrus-P Vs_720,233.10623406680517
depth_vs_Andrus-P Vs_622,302.8277433303159
depth_vs_Andrus-P Vs_391,215.97967770434482
depth_vs_Mc15 Vs_968,128.03829326800223
depth_vs_Mc15 Vs_186,145.43325421210557
depth_vs_Andrus-P Vs_28,224.3414901403013
depth_vs_Mc15 Vs_623,125.85629049076847
depth_vs_Mc15 Vs_840,124.98461851072165
depth_vs_Andrus-P Vs_406,116.60320872150648
depth_vs_Mc15 Vs_880,142.82516576271786
depth_vs_Andrus-P Vs_33,177.95696207837787
depth_vs_Andrus-P Vs_88,158.32974523640425
depth_vs_Mc15 Vs_402,126.6961926069599
depth_vs_Andrus-P Vs_668,177.57543057017423
depth_vs_Andrus-P Vs_517,158.46974257060802
depth_vs_Andrus-P Vs_139,385.57999103182664
depth_vs_Andrus-P Vs_322,233.79613311377756
depth_vs_Andrus-P Vs_706,247.8406931400896
depth_vs_Mc15 Vs_394,107.29886138351529
